==========================================
SLURM_JOB_ID = 181706
SLURM_NODELIST = hal8-4vcpu0007
==========================================
✅ Using config file: config400.json
⏳ Starting tile processing workflow...
===============================================
Traceback (most recent call last):
  File "/p/11211992-tki-mangrove-restoration/02_scripts_and_processing/mrpm_tools/workflow_linux/07_process_coastline_rivers_distance.py", line 37, in <module>
    process_tiles_clips(tiles_dir, coastline_geometries, 500, "COA", coa_dir)
  File "/p/11211992-tki-mangrove-restoration/02_scripts_and_processing/mrpm_tools/workflow_linux/ras_utilities.py", line 190, in process_tiles_clips
    log = clip_coastline_to_single_tile(features, tile_path, output_dir, prefix, buffer, tile_id, log)
          ^^^^^^^^^^^^^^^^^^^^^^^^^^^^^^^^^^^^^^^^^^^^^^^^^^^^^^^^^^^^^^^^^^^^^^^^^^^^^^^^^^^^^^^^^^^^
  File "/p/11211992-tki-mangrove-restoration/02_scripts_and_processing/mrpm_tools/workflow_linux/ras_utilities.py", line 80, in clip_coastline_to_single_tile
    buffered = gpd.clip(buffered, tile_gdf['geometry'])
               ^^^^^^^^^^^^^^^^^^^^^^^^^^^^^^^^^^^^^^^^
  File "/u/fuentesm/.conda/envs/mrpm_env/lib/python3.12/site-packages/geopandas/tools/clip.py", line 223, in clip
    clipped = _clip_gdf_with_mask(gdf, combined_mask, sort=sort)
              ^^^^^^^^^^^^^^^^^^^^^^^^^^^^^^^^^^^^^^^^^^^^^^^^^^
  File "/u/fuentesm/.conda/envs/mrpm_env/lib/python3.12/site-packages/geopandas/tools/clip.py", line 98, in _clip_gdf_with_mask
    gdf_sub.geometry.values[non_point_mask].intersection(mask)
  File "/u/fuentesm/.conda/envs/mrpm_env/lib/python3.12/site-packages/geopandas/array.py", line 837, in intersection
    self._binary_method("intersection", self, other), crs=self.crs
    ^^^^^^^^^^^^^^^^^^^^^^^^^^^^^^^^^^^^^^^^^^^^^^^^
  File "/u/fuentesm/.conda/envs/mrpm_env/lib/python3.12/site-packages/geopandas/array.py", line 774, in _binary_method
    return getattr(shapely, op)(left._data, right, **kwargs)
           ^^^^^^^^^^^^^^^^^^^^^^^^^^^^^^^^^^^^^^^^^^^^^^^^^
  File "/u/fuentesm/.conda/envs/mrpm_env/lib/python3.12/site-packages/shapely/decorators.py", line 173, in wrapper
    result = func(*args, **kwargs)
             ^^^^^^^^^^^^^^^^^^^^^
  File "/u/fuentesm/.conda/envs/mrpm_env/lib/python3.12/site-packages/shapely/decorators.py", line 88, in wrapped
    return func(*args, **kwargs)
           ^^^^^^^^^^^^^^^^^^^^^
  File "/u/fuentesm/.conda/envs/mrpm_env/lib/python3.12/site-packages/shapely/set_operations.py", line 168, in intersection
    return lib.intersection(a, b, **kwargs)
           ^^^^^^^^^^^^^^^^^^^^^^^^^^^^^^^^
shapely.errors.GEOSException: TopologyException: side location conflict at 179.88495370611193 -16.962725974773516. This can occur if the input geometry is invalid.

ERROR conda.cli.main_run:execute(125): `conda run python 07_process_coastline_rivers_distance.py config400.json` failed. (See above for error)

>>> Processing tile: N05E073
Tile N05E073 has no features, skipping save.

>>> Processing tile: S06E150

>>> Processing tile: S09E157

>>> Processing tile: N08W083

>>> Processing tile: S38E176

>>> Processing tile: S14W173

>>> Processing tile: S02E009

>>> Processing tile: N23E038

>>> Processing tile: S24E043

>>> Processing tile: N02E009

>>> Processing tile: S06E151

>>> Processing tile: S09E156

>>> Processing tile: N08W082

>>> Processing tile: N04W002

>>> Processing tile: N05E004

>>> Processing tile: S24E035

>>> Processing tile: S14W172

>>> Processing tile: S02E008

>>> Processing tile: S34E027

>>> Processing tile: N20W080

>>> Processing tile: S21E034

>>> Processing tile: S16E135

>>> Processing tile: S22E116

>>> Processing tile: S17W180

srun: error: hal8-4vcpu0007: task 0: Exited with exit code 1

>>> Initializing QGIS
QGIS initialized successfully.
Processing native algorithms initialized successfully.

>>> Processing tile: N05E073
Skipping tile N05E073, COA_7500 missing (mandatory).

>>> Processing tile: S06E150
Skipping tile S06E150, COA_7500 missing (mandatory).

>>> Processing tile: S09E157
Skipping tile S09E157, COA_7500 missing (mandatory).

>>> Processing tile: N08W083
Skipping tile N08W083, COA_7500 missing (mandatory).

>>> Processing tile: S38E176
Skipping tile S38E176, COA_7500 missing (mandatory).

>>> Processing tile: S14W173
Skipping tile S14W173, COA_7500 missing (mandatory).

>>> Processing tile: S02E009
Skipping tile S02E009, COA_7500 missing (mandatory).

>>> Processing tile: N23E038
Skipping tile N23E038, COA_7500 missing (mandatory).

>>> Processing tile: S24E043
Skipping tile S24E043, COA_7500 missing (mandatory).

>>> Processing tile: N02E009
Skipping tile N02E009, COA_7500 missing (mandatory).

>>> Processing tile: S06E151
Skipping tile S06E151, COA_7500 missing (mandatory).

>>> Processing tile: S09E156
Skipping tile S09E156, COA_7500 missing (mandatory).

>>> Processing tile: N08W082
Skipping tile N08W082, COA_7500 missing (mandatory).

>>> Processing tile: N04W002
Skipping tile N04W002, COA_7500 missing (mandatory).

>>> Processing tile: N05E004
Skipping tile N05E004, COA_7500 missing (mandatory).

>>> Processing tile: S24E035
Skipping tile S24E035, COA_7500 missing (mandatory).

>>> Processing tile: S14W172
Skipping tile S14W172, COA_7500 missing (mandatory).

>>> Processing tile: S02E008
Skipping tile S02E008, COA_7500 missing (mandatory).

>>> Processing tile: S34E027
Skipping tile S34E027, COA_7500 missing (mandatory).

>>> Processing tile: N20W080
Skipping tile N20W080, COA_7500 missing (mandatory).

>>> Processing tile: S21E034
Skipping tile S21E034, COA_7500 missing (mandatory).

>>> Processing tile: S16E135
Skipping tile S16E135, COA_7500 missing (mandatory).

>>> Processing tile: S22E116
Skipping tile S22E116, COA_7500 missing (mandatory).

>>> Processing tile: S17W180
Skipping tile S17W180, COA_7500 missing (mandatory).

>>> Processing tile: S19W179
Skipping tile S19W179, COA_7500 missing (mandatory).

>>> Processing tile: S17E046
Skipping tile S17E046, COA_7500 missing (mandatory).

>>> Processing tile: S18E036
Skipping tile S18E036, COA_7500 missing (mandatory).

>>> Processing tile: N18E041
Skipping tile N18E041, COA_7500 missing (mandatory).

>>> Processing tile: N11W065
Skipping tile N11W065, COA_7500 missing (mandatory).

>>> Processing tile: S21E035
Skipping tile S21E035, COA_7500 missing (mandatory).

>>> Processing tile: S13E136
Skipping tile S13E136, COA_7500 missing (mandatory).

>>> Processing tile: N10W076
Skipping tile N10W076, COA_7500 missing (mandatory).

>>> Processing tile: S21E043
Skipping tile S21E043, COA_7500 missing (mandatory).

>>> Processing tile: S19E145
Skipping tile S19E145, COA_7500 missing (mandatory).

>>> Processing tile: S18E179
Skipping tile S18E179, COA_7500 missing (mandatory).

>>> Processing tile: S16E145
Skipping tile S16E145, COA_7500 missing (mandatory).

>>> Processing tile: S21E044
Skipping tile S21E044, COA_7500 missing (mandatory).

>>> Processing tile: S34E137
Skipping tile S34E137, COA_7500 missing (mandatory).

>>> Processing tile: N26E128
Skipping tile N26E128, COA_7500 missing (mandatory).

>>> Processing tile: S17E040
Skipping tile S17E040, COA_7500 missing (mandatory).

>>> Processing tile: S11E148
Skipping tile S11E148, COA_7500 missing (mandatory).

>>> Processing tile: N11W062
Skipping tile N11W062, COA_7500 missing (mandatory).

>>> Processing tile: N21W078
Skipping tile N21W078, COA_7500 missing (mandatory).

>>> Processing tile: S22E166
Skipping tile S22E166, COA_7500 missing (mandatory).

>>> Processing tile: N26W098
Skipping tile N26W098, COA_7500 missing (mandatory).

>>> Processing tile: S34E136
Skipping tile S34E136, COA_7500 missing (mandatory).

>>> Processing tile: N26E049
Skipping tile N26E049, COA_7500 missing (mandatory).

>>> Processing tile: N11W015
Skipping tile N11W015, COA_7500 missing (mandatory).

>>> Processing tile: S18E178
Skipping tile S18E178, COA_7500 missing (mandatory).

>>> Processing tile: S11E149
Skipping tile S11E149, COA_7500 missing (mandatory).

>>> Processing tile: N09W078
Skipping tile N09W078, COA_7500 missing (mandatory).

>>> Processing tile: N21W079
Skipping tile N21W079, COA_7500 missing (mandatory).

>>> Processing tile: N05E163
Skipping tile N05E163, COA_7500 missing (mandatory).

>>> Processing tile: N13E144
Skipping tile N13E144, COA_7500 missing (mandatory).

>>> Processing tile: N13W082
Skipping tile N13W082, COA_7500 missing (mandatory).

>>> Processing tile: N23W075
Skipping tile N23W075, COA_7500 missing (mandatory).

>>> Processing tile: S09E151
Skipping tile S09E151, COA_7500 missing (mandatory).

>>> Processing tile: N05E162
Skipping tile N05E162, COA_7500 missing (mandatory).

>>> Processing tile: N08E134
Skipping tile N08E134, COA_7500 missing (mandatory).

>>> Processing tile: N08W084
Skipping tile N08W084, COA_7500 missing (mandatory).

>>> Processing tile: S09E150
Skipping tile S09E150, COA_7500 missing (mandatory).

>>> Processing tile: N13W016
Skipping tile N13W016, COA_7500 missing (mandatory).

>>> Processing tile: N06E158
Skipping tile N06E158, COA_7500 missing (mandatory).

>>> Processing tile: S06E039
Skipping tile S06E039, COA_7500 missing (mandatory).

>>> Processing tile: S39E144
Skipping tile S39E144, COA_7500 missing (mandatory).

>>> Processing tile: N13W060
Skipping tile N13W060, COA_7500 missing (mandatory).

>>> Processing tile: N13W017
Skipping tile N13W017, COA_7500 missing (mandatory).

>>> Processing tile: S06E038
Skipping tile S06E038, COA_7500 missing (mandatory).

>>> Processing tile: N13W061
Skipping tile N13W061, COA_7500 missing (mandatory).

>>> Processing tile: S39E145
Skipping tile S39E145, COA_7500 missing (mandatory).

>>> Processing tile: S14E130
Skipping tile S14E130, COA_7500 missing (mandatory).

>>> Processing tile: N28W083
Skipping tile N28W083, COA_7500 missing (mandatory).

>>> Processing tile: S34E138
Skipping tile S34E138, COA_7500 missing (mandatory).

>>> Processing tile: S18E176
Skipping tile S18E176, COA_7500 missing (mandatory).

>>> Processing tile: N26E127
Skipping tile N26E127, COA_7500 missing (mandatory).

>>> Processing tile: S11E147
Skipping tile S11E147, COA_7500 missing (mandatory).

>>> Processing tile: S17E039
Skipping tile S17E039, COA_7500 missing (mandatory).

>>> Processing tile: N18W074
Skipping tile N18W074, COA_7500 missing (mandatory).

>>> Processing tile: N11E050
Skipping tile N11E050, COA_7500 missing (mandatory).

>>> Processing tile: N21W077
Skipping tile N21W077, COA_7500 missing (mandatory).

>>> Processing tile: S18E177
Skipping tile S18E177, COA_7500 missing (mandatory).

>>> Processing tile: N21W160
Skipping tile N21W160, COA_7500 missing (mandatory).

>>> Processing tile: N18W075
Skipping tile N18W075, COA_7500 missing (mandatory).

>>> Processing tile: N11E051
Skipping tile N11E051, COA_7500 missing (mandatory).

>>> Processing tile: N16W017
Skipping tile N16W017, COA_7500 missing (mandatory).

>>> Processing tile: S17E038
Skipping tile S17E038, COA_7500 missing (mandatory).

>>> Processing tile: S25E113
Skipping tile S25E113, COA_7500 missing (mandatory).

>>> Processing tile: N21W076
Skipping tile N21W076, COA_7500 missing (mandatory).

>>> Processing tile: N18W072
Skipping tile N18W072, COA_7500 missing (mandatory).

>>> Processing tile: N24E066
Skipping tile N24E066, COA_7500 missing (mandatory).

>>> Processing tile: N11E093
Skipping tile N11E093, COA_7500 missing (mandatory).

>>> Processing tile: S04E152
Skipping tile S04E152, COA_7500 missing (mandatory).

>>> Processing tile: N10E045
Skipping tile N10E045, COA_7500 missing (mandatory).

>>> Processing tile: S17E049
Skipping tile S17E049, COA_7500 missing (mandatory).

>>> Processing tile: S29E031
Skipping tile S29E031, COA_7500 missing (mandatory).

>>> Processing tile: N24E067
Skipping tile N24E067, COA_7500 missing (mandatory).

>>> Processing tile: N18W073
Skipping tile N18W073, COA_7500 missing (mandatory).

>>> Processing tile: N26E036
Application path not initialized
QStandardPaths: runtime directory '/run/user/1038055' is not a directory, but a symbolic link to a directory permissions 0775 owned by UID 1038055 GID 1000514
Logged warning: Duplicate provider native registered

Skipping tile N26E036, COA_7500 missing (mandatory).

>>> Processing tile: N18E038
Skipping tile N18E038, COA_7500 missing (mandatory).

>>> Processing tile: S09E158
Skipping tile S09E158, COA_7500 missing (mandatory).

>>> Processing tile: S14E141
Skipping tile S14E141, COA_7500 missing (mandatory).

>>> Processing tile: N08W061
Skipping tile N08W061, COA_7500 missing (mandatory).

>>> Processing tile: S09E039
Skipping tile S09E039, COA_7500 missing (mandatory).

>>> Processing tile: N07E072
Skipping tile N07E072, COA_7500 missing (mandatory).

>>> Processing tile: S20E163
Skipping tile S20E163, COA_7500 missing (mandatory).

>>> Processing tile: S14E136
Skipping tile S14E136, COA_7500 missing (mandatory).

>>> Processing tile: S09E159
Skipping tile S09E159, COA_7500 missing (mandatory).

>>> Processing tile: S39E143
Skipping tile S39E143, COA_7500 missing (mandatory).

>>> Processing tile: N23E120
Skipping tile N23E120, COA_7500 missing (mandatory).

>>> Processing tile: N04W053
Skipping tile N04W053, COA_7500 missing (mandatory).

>>> Processing tile: N08W060
Skipping tile N08W060, COA_7500 missing (mandatory).

>>> Processing tile: N23W082
Skipping tile N23W082, COA_7500 missing (mandatory).

>>> Processing tile: S01E009
Skipping tile S01E009, COA_7500 missing (mandatory).

>>> Processing tile: N23E052
Skipping tile N23E052, COA_7500 missing (mandatory).

>>> Processing tile: N23W083
Skipping tile N23W083, COA_7500 missing (mandatory).

>>> Processing tile: N06W011
Skipping tile N06W011, COA_7500 missing (mandatory).

>>> Processing tile: N06E072
Skipping tile N06E072, COA_7500 missing (mandatory).

>>> Processing tile: S08E159
Skipping tile S08E159, COA_7500 missing (mandatory).

>>> Processing tile: N05W053
Skipping tile N05W053, COA_7500 missing (mandatory).

>>> Processing tile: S01E008
Skipping tile S01E008, COA_7500 missing (mandatory).

>>> Processing tile: S12E166
Skipping tile S12E166, COA_7500 missing (mandatory).

>>> Processing tile: S16E129
Skipping tile S16E129, COA_7500 missing (mandatory).

>>> Processing tile: S30E114
Skipping tile S30E114, COA_7500 missing (mandatory).

>>> Processing tile: N26W082
Skipping tile N26W082, COA_7500 missing (mandatory).

>>> Processing tile: S21E148
Skipping tile S21E148, COA_7500 missing (mandatory).

>>> Processing tile: N10W086
Skipping tile N10W086, COA_7500 missing (mandatory).

>>> Processing tile: S16E049
Skipping tile S16E049, COA_7500 missing (mandatory).

>>> Processing tile: S15E134
Skipping tile S15E134, COA_7500 missing (mandatory).

>>> Processing tile: N26W083
Skipping tile N26W083, COA_7500 missing (mandatory).

>>> Processing tile: S16E128
Skipping tile S16E128, COA_7500 missing (mandatory).

>>> Processing tile: S21E149
Skipping tile S21E149, COA_7500 missing (mandatory).

>>> Processing tile: N11E043
Skipping tile N11E043, COA_7500 missing (mandatory).

>>> Processing tile: N18W067
Skipping tile N18W067, COA_7500 missing (mandatory).

>>> Processing tile: N20W077
Skipping tile N20W077, COA_7500 missing (mandatory).

>>> Processing tile: N16E039
Skipping tile N16E039, COA_7500 missing (mandatory).

>>> Processing tile: N18W066
Skipping tile N18W066, COA_7500 missing (mandatory).

>>> Processing tile: N25E061
Skipping tile N25E061, COA_7500 missing (mandatory).

>>> Processing tile: N26E055
Skipping tile N26E055, COA_7500 missing (mandatory).

>>> Processing tile: N20W076
Skipping tile N20W076, COA_7500 missing (mandatory).

>>> Processing tile: S36E150
Skipping tile S36E150, COA_7500 missing (mandatory).

>>> Processing tile: N06E003
Skipping tile N06E003, COA_7500 missing (mandatory).

>>> Processing tile: N05W054
Skipping tile N05W054, COA_7500 missing (mandatory).

>>> Processing tile: N23W084
Skipping tile N23W084, COA_7500 missing (mandatory).

>>> Processing tile: S07E039
Skipping tile S07E039, COA_7500 missing (mandatory).

>>> Processing tile: N05W055
Skipping tile N05W055, COA_7500 missing (mandatory).

>>> Processing tile: S07E038
Skipping tile S07E038, COA_7500 missing (mandatory).

>>> Processing tile: N00W092
Skipping tile N00W092, COA_7500 missing (mandatory).

>>> Processing tile: N19W077
Skipping tile N19W077, COA_7500 missing (mandatory).

>>> Processing tile: S05E011
Skipping tile S05E011, COA_7500 missing (mandatory).

>>> Processing tile: S06E145
Skipping tile S06E145, COA_7500 missing (mandatory).

>>> Processing tile: S09E142
Skipping tile S09E142, COA_7500 missing (mandatory).

>>> Processing tile: S31E152
Skipping tile S31E152, COA_7500 missing (mandatory).

>>> Processing tile: S06E053
Skipping tile S06E053, COA_7500 missing (mandatory).

>>> Processing tile: S07E156
Skipping tile S07E156, COA_7500 missing (mandatory).

>>> Processing tile: S20E179
Skipping tile S20E179, COA_7500 missing (mandatory).

>>> Processing tile: S09E143
Skipping tile S09E143, COA_7500 missing (mandatory).

>>> Processing tile: S08E178
Skipping tile S08E178, COA_7500 missing (mandatory).

>>> Processing tile: S31E153
Skipping tile S31E153, COA_7500 missing (mandatory).

>>> Processing tile: S07E157
Skipping tile S07E157, COA_7500 missing (mandatory).

>>> Processing tile: N10W014
Skipping tile N10W014, COA_7500 missing (mandatory).

>>> Processing tile: N11W071
Skipping tile N11W071, COA_7500 missing (mandatory).

>>> Processing tile: S17E145
Skipping tile S17E145, COA_7500 missing (mandatory).

>>> Processing tile: N09E092
Skipping tile N09E092, COA_7500 missing (mandatory).

>>> Processing tile: S16E040
Skipping tile S16E040, COA_7500 missing (mandatory).

>>> Processing tile: N20W078
Skipping tile N20W078, COA_7500 missing (mandatory).

>>> Processing tile: N10W062
Skipping tile N10W062, COA_7500 missing (mandatory).

>>> Processing tile: N16E041
Skipping tile N16E041, COA_7500 missing (mandatory).

>>> Processing tile: S23E166
Skipping tile S23E166, COA_7500 missing (mandatory).

>>> Processing tile: S21E057
Skipping tile S21E057, COA_7500 missing (mandatory).

>>> Processing tile: N22W160
Skipping tile N22W160, COA_7500 missing (mandatory).

>>> Processing tile: S19W180
Skipping tile S19W180, COA_7500 missing (mandatory).

>>> Processing tile: N11W070
Skipping tile N11W070, COA_7500 missing (mandatory).

>>> Processing tile: N10W015
Skipping tile N10W015, COA_7500 missing (mandatory).

>>> Processing tile: N18W069
Skipping tile N18W069, COA_7500 missing (mandatory).

>>> Processing tile: S23E167
Skipping tile S23E167, COA_7500 missing (mandatory).

>>> Processing tile: N16E040
Skipping tile N16E040, COA_7500 missing (mandatory).

>>> Processing tile: N20W079
Skipping tile N20W079, COA_7500 missing (mandatory).

>>> Processing tile: N10W063
Skipping tile N10W063, COA_7500 missing (mandatory).

>>> Processing tile: N12E093
Skipping tile N12E093, COA_7500 missing (mandatory).

>>> Processing tile: N21W080
Skipping tile N21W080, COA_7500 missing (mandatory).

>>> Processing tile: S13E044
Skipping tile S13E044, COA_7500 missing (mandatory).

>>> Processing tile: N10W064
Skipping tile N10W064, COA_7500 missing (mandatory).

>>> Processing tile: S19E121
Skipping tile S19E121, COA_7500 missing (mandatory).

>>> Processing tile: S16E046
Skipping tile S16E046, COA_7500 missing (mandatory).

>>> Processing tile: N28E129
Skipping tile N28E129, COA_7500 missing (mandatory).

>>> Processing tile: S18W150
Skipping tile S18W150, COA_7500 missing (mandatory).

>>> Processing tile: N21W081
Skipping tile N21W081, COA_7500 missing (mandatory).

>>> Processing tile: N12E092
Skipping tile N12E092, COA_7500 missing (mandatory).

>>> Processing tile: S19E036
Skipping tile S19E036, COA_7500 missing (mandatory).

>>> Processing tile: N10W065
Skipping tile N10W065, COA_7500 missing (mandatory).

>>> Processing tile: S16E047
Skipping tile S16E047, COA_7500 missing (mandatory).

>>> Processing tile: N04E073
Skipping tile N04E073, COA_7500 missing (mandatory).

>>> Processing tile: S07E150
Skipping tile S07E150, COA_7500 missing (mandatory).

>>> Processing tile: N05W003
Skipping tile N05W003, COA_7500 missing (mandatory).

>>> Processing tile: N30E130
Skipping tile N30E130, COA_7500 missing (mandatory).

>>> Processing tile: S03E009
Skipping tile S03E009, COA_7500 missing (mandatory).

>>> Processing tile: N06E134
Skipping tile N06E134, COA_7500 missing (mandatory).

>>> Processing tile: N04E005
Skipping tile N04E005, COA_7500 missing (mandatory).

>>> Processing tile: N30E131
Skipping tile N30E131, COA_7500 missing (mandatory).

>>> Processing tile: S09E145
Skipping tile S09E145, COA_7500 missing (mandatory).
Processing finished. Log saved to /p/11211992-tki-mangrove-restoration/01_data/0_Workflow/8_Coastline/400/COA_ADD.csv
>>> Processing time: 07_normalization_coastline.py: 0.16 seconds



>>> Initializing QGIS
QGIS initialized successfully.
Processing native algorithms initialized successfully.

>>> Processing tile: N05E073
Skipping tile N05E073, ove_2500 missing (mandatory).

>>> Processing tile: S06E150
Skipping tile S06E150, ove_2500 missing (mandatory).

>>> Processing tile: S09E157
Skipping tile S09E157, ove_2500 missing (mandatory).

>>> Processing tile: N08W083
Skipping tile N08W083, ove_2500 missing (mandatory).

>>> Processing tile: S38E176
Skipping tile S38E176, ove_2500 missing (mandatory).

>>> Processing tile: S14W173
Skipping tile S14W173, ove_2500 missing (mandatory).

>>> Processing tile: S02E009
Skipping tile S02E009, ove_2500 missing (mandatory).

>>> Processing tile: N23E038
Skipping tile N23E038, ove_2500 missing (mandatory).

>>> Processing tile: S24E043
Skipping tile S24E043, ove_2500 missing (mandatory).

>>> Processing tile: N02E009
Skipping tile N02E009, ove_2500 missing (mandatory).

>>> Processing tile: S06E151
Skipping tile S06E151, ove_2500 missing (mandatory).

>>> Processing tile: S09E156
Skipping tile S09E156, ove_2500 missing (mandatory).

>>> Processing tile: N08W082
Skipping tile N08W082, ove_2500 missing (mandatory).

>>> Processing tile: N04W002
Skipping tile N04W002, ove_2500 missing (mandatory).

>>> Processing tile: N05E004
Skipping tile N05E004, ove_2500 missing (mandatory).

>>> Processing tile: S24E035
Skipping tile S24E035, ove_2500 missing (mandatory).

>>> Processing tile: S14W172
Skipping tile S14W172, ove_2500 missing (mandatory).

>>> Processing tile: S02E008
Skipping tile S02E008, ove_2500 missing (mandatory).

>>> Processing tile: S34E027
Skipping tile S34E027, ove_2500 missing (mandatory).

>>> Processing tile: N20W080
Skipping tile N20W080, ove_2500 missing (mandatory).

>>> Processing tile: S21E034
Skipping tile S21E034, ove_2500 missing (mandatory).

>>> Processing tile: S16E135
Skipping tile S16E135, ove_2500 missing (mandatory).

>>> Processing tile: S22E116
Skipping tile S22E116, ove_2500 missing (mandatory).

>>> Processing tile: S17W180
Skipping tile S17W180, ove_2500 missing (mandatory).

>>> Processing tile: S19W179
Skipping tile S19W179, ove_2500 missing (mandatory).

>>> Processing tile: S17E046
Skipping tile S17E046, ove_2500 missing (mandatory).

>>> Processing tile: S18E036
Skipping tile S18E036, ove_2500 missing (mandatory).

>>> Processing tile: N18E041
Skipping tile N18E041, ove_2500 missing (mandatory).

>>> Processing tile: N11W065
Skipping tile N11W065, ove_2500 missing (mandatory).

>>> Processing tile: S21E035
Skipping tile S21E035, ove_2500 missing (mandatory).

>>> Processing tile: S13E136
Skipping tile S13E136, ove_2500 missing (mandatory).

>>> Processing tile: N10W076
Skipping tile N10W076, ove_2500 missing (mandatory).

>>> Processing tile: S21E043
Skipping tile S21E043, ove_2500 missing (mandatory).

>>> Processing tile: S19E145
Skipping tile S19E145, ove_2500 missing (mandatory).

>>> Processing tile: S18E179
Skipping tile S18E179, ove_2500 missing (mandatory).

>>> Processing tile: S16E145
Skipping tile S16E145, ove_2500 missing (mandatory).

>>> Processing tile: S21E044
Skipping tile S21E044, ove_2500 missing (mandatory).

>>> Processing tile: S34E137
Skipping tile S34E137, ove_2500 missing (mandatory).

>>> Processing tile: N26E128
Skipping tile N26E128, ove_2500 missing (mandatory).

>>> Processing tile: S17E040
Skipping tile S17E040, ove_2500 missing (mandatory).

>>> Processing tile: S11E148
Skipping tile S11E148, ove_2500 missing (mandatory).

>>> Processing tile: N11W062
Skipping tile N11W062, ove_2500 missing (mandatory).

>>> Processing tile: N21W078
Skipping tile N21W078, ove_2500 missing (mandatory).

>>> Processing tile: S22E166
Skipping tile S22E166, ove_2500 missing (mandatory).

>>> Processing tile: N26W098
Skipping tile N26W098, ove_2500 missing (mandatory).

>>> Processing tile: S34E136
Skipping tile S34E136, ove_2500 missing (mandatory).

>>> Processing tile: N26E049
Skipping tile N26E049, ove_2500 missing (mandatory).

>>> Processing tile: N11W015
Skipping tile N11W015, ove_2500 missing (mandatory).

>>> Processing tile: S18E178
Skipping tile S18E178, ove_2500 missing (mandatory).

>>> Processing tile: S11E149
Skipping tile S11E149, ove_2500 missing (mandatory).

>>> Processing tile: N09W078
Skipping tile N09W078, ove_2500 missing (mandatory).

>>> Processing tile: N21W079
Skipping tile N21W079, ove_2500 missing (mandatory).

>>> Processing tile: N05E163
Skipping tile N05E163, ove_2500 missing (mandatory).

>>> Processing tile: N13E144
Skipping tile N13E144, ove_2500 missing (mandatory).

>>> Processing tile: N13W082
Skipping tile N13W082, ove_2500 missing (mandatory).

>>> Processing tile: N23W075
Skipping tile N23W075, ove_2500 missing (mandatory).

>>> Processing tile: S09E151
Skipping tile S09E151, ove_2500 missing (mandatory).

>>> Processing tile: N05E162
Skipping tile N05E162, ove_2500 missing (mandatory).

>>> Processing tile: N08E134
Skipping tile N08E134, ove_2500 missing (mandatory).

>>> Processing tile: N08W084
Skipping tile N08W084, ove_2500 missing (mandatory).

>>> Processing tile: S09E150
Skipping tile S09E150, ove_2500 missing (mandatory).

>>> Processing tile: N13W016
Skipping tile N13W016, ove_2500 missing (mandatory).

>>> Processing tile: N06E158
Skipping tile N06E158, ove_2500 missing (mandatory).

>>> Processing tile: S06E039
Skipping tile S06E039, ove_2500 missing (mandatory).

>>> Processing tile: S39E144
Skipping tile S39E144, ove_2500 missing (mandatory).

>>> Processing tile: N13W060
Skipping tile N13W060, ove_2500 missing (mandatory).

>>> Processing tile: N13W017
Skipping tile N13W017, ove_2500 missing (mandatory).

>>> Processing tile: S06E038
Skipping tile S06E038, ove_2500 missing (mandatory).

>>> Processing tile: N13W061
Skipping tile N13W061, ove_2500 missing (mandatory).

>>> Processing tile: S39E145
Skipping tile S39E145, ove_2500 missing (mandatory).

>>> Processing tile: S14E130
Skipping tile S14E130, ove_2500 missing (mandatory).

>>> Processing tile: N28W083
Skipping tile N28W083, ove_2500 missing (mandatory).

>>> Processing tile: S34E138
Skipping tile S34E138, ove_2500 missing (mandatory).

>>> Processing tile: S18E176
Skipping tile S18E176, ove_2500 missing (mandatory).

>>> Processing tile: N26E127
Skipping tile N26E127, ove_2500 missing (mandatory).

>>> Processing tile: S11E147
Skipping tile S11E147, ove_2500 missing (mandatory).

>>> Processing tile: S17E039
Skipping tile S17E039, ove_2500 missing (mandatory).

>>> Processing tile: N18W074
Skipping tile N18W074, ove_2500 missing (mandatory).

>>> Processing tile: N11E050
Skipping tile N11E050, ove_2500 missing (mandatory).

>>> Processing tile: N21W077
Skipping tile N21W077, ove_2500 missing (mandatory).

>>> Processing tile: S18E177
Skipping tile S18E177, ove_2500 missing (mandatory).

>>> Processing tile: N21W160
Skipping tile N21W160, ove_2500 missing (mandatory).

>>> Processing tile: N18W075
Skipping tile N18W075, ove_2500 missing (mandatory).

>>> Processing tile: N11E051
Skipping tile N11E051, ove_2500 missing (mandatory).

>>> Processing tile: N16W017
Skipping tile N16W017, ove_2500 missing (mandatory).

>>> Processing tile: S17E038
Skipping tile S17E038, ove_2500 missing (mandatory).

>>> Processing tile: S25E113
Skipping tile S25E113, ove_2500 missing (mandatory).

>>> Processing tile: N21W076
Skipping tile N21W076, ove_2500 missing (mandatory).

>>> Processing tile: N18W072
Skipping tile N18W072, ove_2500 missing (mandatory).

>>> Processing tile: N24E066
Skipping tile N24E066, ove_2500 missing (mandatory).

>>> Processing tile: N11E093
Skipping tile N11E093, ove_2500 missing (mandatory).

>>> Processing tile: S04E152
Skipping tile S04E152, ove_2500 missing (mandatory).

>>> Processing tile: N10E045
Skipping tile N10E045, ove_2500 missing (mandatory).

>>> Processing tile: S17E049
Skipping tile S17E049, ove_2500 missing (mandatory).

>>> Processing tile: S29E031
Skipping tile S29E031, ove_2500 missing (mandatory).

>>> Processing tile: N24E067
Skipping tile N24E067, ove_2500 missing (mandatory).

>>> Processing tile: N18W073
Skipping tile N18W073, ove_2500 missing (mandatory).

>>> Processing tile: N26E036
Application path not initialized
QStandardPaths: runtime directory '/run/user/1038055' is not a directory, but a symbolic link to a directory permissions 0775 owned by UID 1038055 GID 1000514
Logged warning: Duplicate provider native registered

Skipping tile N26E036, ove_2500 missing (mandatory).

>>> Processing tile: N18E038
Skipping tile N18E038, ove_2500 missing (mandatory).

>>> Processing tile: S09E158
Skipping tile S09E158, ove_2500 missing (mandatory).

>>> Processing tile: S14E141
Skipping tile S14E141, ove_2500 missing (mandatory).

>>> Processing tile: N08W061
Skipping tile N08W061, ove_2500 missing (mandatory).

>>> Processing tile: S09E039
Skipping tile S09E039, ove_2500 missing (mandatory).

>>> Processing tile: N07E072
Skipping tile N07E072, ove_2500 missing (mandatory).

>>> Processing tile: S20E163
Skipping tile S20E163, ove_2500 missing (mandatory).

>>> Processing tile: S14E136
Skipping tile S14E136, ove_2500 missing (mandatory).

>>> Processing tile: S09E159
Skipping tile S09E159, ove_2500 missing (mandatory).

>>> Processing tile: S39E143
Skipping tile S39E143, ove_2500 missing (mandatory).

>>> Processing tile: N23E120
Skipping tile N23E120, ove_2500 missing (mandatory).

>>> Processing tile: N04W053
Skipping tile N04W053, ove_2500 missing (mandatory).

>>> Processing tile: N08W060
Skipping tile N08W060, ove_2500 missing (mandatory).

>>> Processing tile: N23W082
Skipping tile N23W082, ove_2500 missing (mandatory).

>>> Processing tile: S01E009
Skipping tile S01E009, ove_2500 missing (mandatory).

>>> Processing tile: N23E052
Skipping tile N23E052, ove_2500 missing (mandatory).

>>> Processing tile: N23W083
Skipping tile N23W083, ove_2500 missing (mandatory).

>>> Processing tile: N06W011
Skipping tile N06W011, ove_2500 missing (mandatory).

>>> Processing tile: N06E072
Skipping tile N06E072, ove_2500 missing (mandatory).

>>> Processing tile: S08E159
Skipping tile S08E159, ove_2500 missing (mandatory).

>>> Processing tile: N05W053
Skipping tile N05W053, ove_2500 missing (mandatory).

>>> Processing tile: S01E008
Skipping tile S01E008, ove_2500 missing (mandatory).

>>> Processing tile: S12E166
Skipping tile S12E166, ove_2500 missing (mandatory).

>>> Processing tile: S16E129
Skipping tile S16E129, ove_2500 missing (mandatory).

>>> Processing tile: S30E114
Skipping tile S30E114, ove_2500 missing (mandatory).

>>> Processing tile: N26W082
Skipping tile N26W082, ove_2500 missing (mandatory).

>>> Processing tile: S21E148
Skipping tile S21E148, ove_2500 missing (mandatory).

>>> Processing tile: N10W086
Skipping tile N10W086, ove_2500 missing (mandatory).

>>> Processing tile: S16E049
Skipping tile S16E049, ove_2500 missing (mandatory).

>>> Processing tile: S15E134
Skipping tile S15E134, ove_2500 missing (mandatory).

>>> Processing tile: N26W083
Skipping tile N26W083, ove_2500 missing (mandatory).

>>> Processing tile: S16E128
Skipping tile S16E128, ove_2500 missing (mandatory).

>>> Processing tile: S21E149
Skipping tile S21E149, ove_2500 missing (mandatory).

>>> Processing tile: N11E043
Skipping tile N11E043, ove_2500 missing (mandatory).

>>> Processing tile: N18W067
Skipping tile N18W067, ove_2500 missing (mandatory).

>>> Processing tile: N20W077
Skipping tile N20W077, ove_2500 missing (mandatory).

>>> Processing tile: N16E039
Skipping tile N16E039, ove_2500 missing (mandatory).

>>> Processing tile: N18W066
Skipping tile N18W066, ove_2500 missing (mandatory).

>>> Processing tile: N25E061
Skipping tile N25E061, ove_2500 missing (mandatory).

>>> Processing tile: N26E055
Skipping tile N26E055, ove_2500 missing (mandatory).

>>> Processing tile: N20W076
Skipping tile N20W076, ove_2500 missing (mandatory).

>>> Processing tile: S36E150
Skipping tile S36E150, ove_2500 missing (mandatory).

>>> Processing tile: N06E003
Skipping tile N06E003, ove_2500 missing (mandatory).

>>> Processing tile: N05W054
Skipping tile N05W054, ove_2500 missing (mandatory).

>>> Processing tile: N23W084
Skipping tile N23W084, ove_2500 missing (mandatory).

>>> Processing tile: S07E039
Skipping tile S07E039, ove_2500 missing (mandatory).

>>> Processing tile: N05W055
Skipping tile N05W055, ove_2500 missing (mandatory).

>>> Processing tile: S07E038
Skipping tile S07E038, ove_2500 missing (mandatory).

>>> Processing tile: N00W092
Skipping tile N00W092, ove_2500 missing (mandatory).

>>> Processing tile: N19W077
Skipping tile N19W077, ove_2500 missing (mandatory).

>>> Processing tile: S05E011
Skipping tile S05E011, ove_2500 missing (mandatory).

>>> Processing tile: S06E145
Skipping tile S06E145, ove_2500 missing (mandatory).

>>> Processing tile: S09E142
Skipping tile S09E142, ove_2500 missing (mandatory).

>>> Processing tile: S31E152
Skipping tile S31E152, ove_2500 missing (mandatory).

>>> Processing tile: S06E053
Skipping tile S06E053, ove_2500 missing (mandatory).

>>> Processing tile: S07E156
Skipping tile S07E156, ove_2500 missing (mandatory).

>>> Processing tile: S20E179
Skipping tile S20E179, ove_2500 missing (mandatory).

>>> Processing tile: S09E143
Skipping tile S09E143, ove_2500 missing (mandatory).

>>> Processing tile: S08E178
Skipping tile S08E178, ove_2500 missing (mandatory).

>>> Processing tile: S31E153
Skipping tile S31E153, ove_2500 missing (mandatory).

>>> Processing tile: S07E157
Skipping tile S07E157, ove_2500 missing (mandatory).

>>> Processing tile: N10W014
Skipping tile N10W014, ove_2500 missing (mandatory).

>>> Processing tile: N11W071
Skipping tile N11W071, ove_2500 missing (mandatory).

>>> Processing tile: S17E145
Skipping tile S17E145, ove_2500 missing (mandatory).

>>> Processing tile: N09E092
Skipping tile N09E092, ove_2500 missing (mandatory).

>>> Processing tile: S16E040
Skipping tile S16E040, ove_2500 missing (mandatory).

>>> Processing tile: N20W078
Skipping tile N20W078, ove_2500 missing (mandatory).

>>> Processing tile: N10W062
Skipping tile N10W062, ove_2500 missing (mandatory).

>>> Processing tile: N16E041
Skipping tile N16E041, ove_2500 missing (mandatory).

>>> Processing tile: S23E166
Skipping tile S23E166, ove_2500 missing (mandatory).

>>> Processing tile: S21E057
Skipping tile S21E057, ove_2500 missing (mandatory).

>>> Processing tile: N22W160
Skipping tile N22W160, ove_2500 missing (mandatory).

>>> Processing tile: S19W180
Skipping tile S19W180, ove_2500 missing (mandatory).

>>> Processing tile: N11W070
Skipping tile N11W070, ove_2500 missing (mandatory).

>>> Processing tile: N10W015
Skipping tile N10W015, ove_2500 missing (mandatory).

>>> Processing tile: N18W069
Skipping tile N18W069, ove_2500 missing (mandatory).

>>> Processing tile: S23E167
Skipping tile S23E167, ove_2500 missing (mandatory).

>>> Processing tile: N16E040
Skipping tile N16E040, ove_2500 missing (mandatory).

>>> Processing tile: N20W079
Skipping tile N20W079, ove_2500 missing (mandatory).

>>> Processing tile: N10W063
Skipping tile N10W063, ove_2500 missing (mandatory).

>>> Processing tile: N12E093
Skipping tile N12E093, ove_2500 missing (mandatory).

>>> Processing tile: N21W080
Skipping tile N21W080, ove_2500 missing (mandatory).

>>> Processing tile: S13E044
Skipping tile S13E044, ove_2500 missing (mandatory).

>>> Processing tile: N10W064
Skipping tile N10W064, ove_2500 missing (mandatory).

>>> Processing tile: S19E121
Skipping tile S19E121, ove_2500 missing (mandatory).

>>> Processing tile: S16E046
Skipping tile S16E046, ove_2500 missing (mandatory).

>>> Processing tile: N28E129
Skipping tile N28E129, ove_2500 missing (mandatory).

>>> Processing tile: S18W150
Skipping tile S18W150, ove_2500 missing (mandatory).

>>> Processing tile: N21W081
Skipping tile N21W081, ove_2500 missing (mandatory).

>>> Processing tile: N12E092
Skipping tile N12E092, ove_2500 missing (mandatory).

>>> Processing tile: S19E036
Skipping tile S19E036, ove_2500 missing (mandatory).

>>> Processing tile: N10W065
Skipping tile N10W065, ove_2500 missing (mandatory).

>>> Processing tile: S16E047
Skipping tile S16E047, ove_2500 missing (mandatory).

>>> Processing tile: N04E073
Skipping tile N04E073, ove_2500 missing (mandatory).

>>> Processing tile: S07E150
Skipping tile S07E150, ove_2500 missing (mandatory).

>>> Processing tile: N05W003
Skipping tile N05W003, ove_2500 missing (mandatory).

>>> Processing tile: N30E130
Skipping tile N30E130, ove_2500 missing (mandatory).

>>> Processing tile: S03E009
Skipping tile S03E009, ove_2500 missing (mandatory).

>>> Processing tile: N06E134
Skipping tile N06E134, ove_2500 missing (mandatory).

>>> Processing tile: N04E005
Skipping tile N04E005, ove_2500 missing (mandatory).

>>> Processing tile: N30E131
Skipping tile N30E131, ove_2500 missing (mandatory).

>>> Processing tile: S09E145
Skipping tile S09E145, ove_2500 missing (mandatory).
Processing finished. Log saved to /p/11211992-tki-mangrove-restoration/01_data/0_Workflow/7_Rivers/400/OVE_ADD.csv
>>> Processing time: 07_normalization_rivers.py: 0.12 seconds



>>> Initializing QGIS
QGIS initialized successfully.
Processing native algorithms initialized successfully.

>>> Processing tile: N05E073
⚠️ Raster missing for tile N05E073: /p/11211992-tki-mangrove-restoration/01_data/0_Workflow/8_Coastline/400/PRC_N05E073.tif
✅ Created placeholder raster: /p/11211992-tki-mangrove-restoration/01_data/0_Workflow/8_Coastline/400/PRC_N05E073.tif
⚠️ Raster missing for tile N05E073: /p/11211992-tki-mangrove-restoration/01_data/0_Workflow/7_Rivers/400/PRR_N05E073.tif
✅ Created placeholder raster: /p/11211992-tki-mangrove-restoration/01_data/0_Workflow/7_Rivers/400/PRR_N05E073.tif
📐 Raster calculator expression:
(((("PRC_N05E073@1" = 0) - ("PRR_N05E073@1" > 0) - ("PRM_N05E073@1" > (60/100))) > 0) + "GMW_N05E073_2020@1" + "LAN_N05E073@1" + "WAT_N05E073@1") > 0
✔ Saved: /p/11211992-tki-mangrove-restoration/01_data/0_Workflow/13_Mask/400/NVA_N05E073.tif
🗑️ Deleted temporal file: /p/11211992-tki-mangrove-restoration/01_data/0_Workflow/13_Mask/400/BIN_N05E073.tif
🗑️ Deleted temporal file: /p/11211992-tki-mangrove-restoration/01_data/0_Workflow/13_Mask/400/FIL_N05E073.tif

>>> Processing tile: S06E150
⚠️ Raster missing for tile S06E150: /p/11211992-tki-mangrove-restoration/01_data/0_Workflow/8_Coastline/400/PRC_S06E150.tif
✅ Created placeholder raster: /p/11211992-tki-mangrove-restoration/01_data/0_Workflow/8_Coastline/400/PRC_S06E150.tif
⚠️ Raster missing for tile S06E150: /p/11211992-tki-mangrove-restoration/01_data/0_Workflow/7_Rivers/400/PRR_S06E150.tif
✅ Created placeholder raster: /p/11211992-tki-mangrove-restoration/01_data/0_Workflow/7_Rivers/400/PRR_S06E150.tif
📐 Raster calculator expression:
(((("PRC_S06E150@1" = 0) - ("PRR_S06E150@1" > 0) - ("PRM_S06E150@1" > (60/100))) > 0) + "GMW_S06E150_2020@1" + "LAN_S06E150@1" + "WAT_S06E150@1") > 0
✔ Saved: /p/11211992-tki-mangrove-restoration/01_data/0_Workflow/13_Mask/400/NVA_S06E150.tif
🗑️ Deleted temporal file: /p/11211992-tki-mangrove-restoration/01_data/0_Workflow/13_Mask/400/BIN_S06E150.tif
🗑️ Deleted temporal file: /p/11211992-tki-mangrove-restoration/01_data/0_Workflow/13_Mask/400/FIL_S06E150.tif

>>> Processing tile: S09E157
⚠️ Raster missing for tile S09E157: /p/11211992-tki-mangrove-restoration/01_data/0_Workflow/8_Coastline/400/PRC_S09E157.tif
✅ Created placeholder raster: /p/11211992-tki-mangrove-restoration/01_data/0_Workflow/8_Coastline/400/PRC_S09E157.tif
⚠️ Raster missing for tile S09E157: /p/11211992-tki-mangrove-restoration/01_data/0_Workflow/7_Rivers/400/PRR_S09E157.tif
✅ Created placeholder raster: /p/11211992-tki-mangrove-restoration/01_data/0_Workflow/7_Rivers/400/PRR_S09E157.tif
📐 Raster calculator expression:
(((("PRC_S09E157@1" = 0) - ("PRR_S09E157@1" > 0) - ("PRM_S09E157@1" > (60/100))) > 0) + "GMW_S09E157_2020@1" + "LAN_S09E157@1" + "WAT_S09E157@1") > 0
✔ Saved: /p/11211992-tki-mangrove-restoration/01_data/0_Workflow/13_Mask/400/NVA_S09E157.tif
🗑️ Deleted temporal file: /p/11211992-tki-mangrove-restoration/01_data/0_Workflow/13_Mask/400/BIN_S09E157.tif
🗑️ Deleted temporal file: /p/11211992-tki-mangrove-restoration/01_data/0_Workflow/13_Mask/400/FIL_S09E157.tif

>>> Processing tile: N08W083
⚠️ Raster missing for tile N08W083: /p/11211992-tki-mangrove-restoration/01_data/0_Workflow/8_Coastline/400/PRC_N08W083.tif
✅ Created placeholder raster: /p/11211992-tki-mangrove-restoration/01_data/0_Workflow/8_Coastline/400/PRC_N08W083.tif
⚠️ Raster missing for tile N08W083: /p/11211992-tki-mangrove-restoration/01_data/0_Workflow/7_Rivers/400/PRR_N08W083.tif
✅ Created placeholder raster: /p/11211992-tki-mangrove-restoration/01_data/0_Workflow/7_Rivers/400/PRR_N08W083.tif
📐 Raster calculator expression:
(((("PRC_N08W083@1" = 0) - ("PRR_N08W083@1" > 0) - ("PRM_N08W083@1" > (60/100))) > 0) + "GMW_N08W083_2020@1" + "LAN_N08W083@1" + "WAT_N08W083@1") > 0
✔ Saved: /p/11211992-tki-mangrove-restoration/01_data/0_Workflow/13_Mask/400/NVA_N08W083.tif
🗑️ Deleted temporal file: /p/11211992-tki-mangrove-restoration/01_data/0_Workflow/13_Mask/400/BIN_N08W083.tif
🗑️ Deleted temporal file: /p/11211992-tki-mangrove-restoration/01_data/0_Workflow/13_Mask/400/FIL_N08W083.tif

>>> Processing tile: S38E176
⚠️ Raster missing for tile S38E176: /p/11211992-tki-mangrove-restoration/01_data/0_Workflow/8_Coastline/400/PRC_S38E176.tif
✅ Created placeholder raster: /p/11211992-tki-mangrove-restoration/01_data/0_Workflow/8_Coastline/400/PRC_S38E176.tif
⚠️ Raster missing for tile S38E176: /p/11211992-tki-mangrove-restoration/01_data/0_Workflow/7_Rivers/400/PRR_S38E176.tif
✅ Created placeholder raster: /p/11211992-tki-mangrove-restoration/01_data/0_Workflow/7_Rivers/400/PRR_S38E176.tif
📐 Raster calculator expression:
(((("PRC_S38E176@1" = 0) - ("PRR_S38E176@1" > 0) - ("PRM_S38E176@1" > (60/100))) > 0) + "GMW_S38E176_2020@1" + "LAN_S38E176@1" + "WAT_S38E176@1") > 0
✔ Saved: /p/11211992-tki-mangrove-restoration/01_data/0_Workflow/13_Mask/400/NVA_S38E176.tif
🗑️ Deleted temporal file: /p/11211992-tki-mangrove-restoration/01_data/0_Workflow/13_Mask/400/BIN_S38E176.tif
🗑️ Deleted temporal file: /p/11211992-tki-mangrove-restoration/01_data/0_Workflow/13_Mask/400/FIL_S38E176.tif

>>> Processing tile: S14W173
⚠️ Raster missing for tile S14W173: /p/11211992-tki-mangrove-restoration/01_data/0_Workflow/8_Coastline/400/PRC_S14W173.tif
✅ Created placeholder raster: /p/11211992-tki-mangrove-restoration/01_data/0_Workflow/8_Coastline/400/PRC_S14W173.tif
⚠️ Raster missing for tile S14W173: /p/11211992-tki-mangrove-restoration/01_data/0_Workflow/7_Rivers/400/PRR_S14W173.tif
✅ Created placeholder raster: /p/11211992-tki-mangrove-restoration/01_data/0_Workflow/7_Rivers/400/PRR_S14W173.tif
📐 Raster calculator expression:
(((("PRC_S14W173@1" = 0) - ("PRR_S14W173@1" > 0) - ("PRM_S14W173@1" > (60/100))) > 0) + "GMW_S14W173_2020@1" + "LAN_S14W173@1" + "WAT_S14W173@1") > 0
✔ Saved: /p/11211992-tki-mangrove-restoration/01_data/0_Workflow/13_Mask/400/NVA_S14W173.tif
🗑️ Deleted temporal file: /p/11211992-tki-mangrove-restoration/01_data/0_Workflow/13_Mask/400/BIN_S14W173.tif
🗑️ Deleted temporal file: /p/11211992-tki-mangrove-restoration/01_data/0_Workflow/13_Mask/400/FIL_S14W173.tif

>>> Processing tile: S02E009
⚠️ Raster missing for tile S02E009: /p/11211992-tki-mangrove-restoration/01_data/0_Workflow/8_Coastline/400/PRC_S02E009.tif
✅ Created placeholder raster: /p/11211992-tki-mangrove-restoration/01_data/0_Workflow/8_Coastline/400/PRC_S02E009.tif
⚠️ Raster missing for tile S02E009: /p/11211992-tki-mangrove-restoration/01_data/0_Workflow/7_Rivers/400/PRR_S02E009.tif
✅ Created placeholder raster: /p/11211992-tki-mangrove-restoration/01_data/0_Workflow/7_Rivers/400/PRR_S02E009.tif
📐 Raster calculator expression:
(((("PRC_S02E009@1" = 0) - ("PRR_S02E009@1" > 0) - ("PRM_S02E009@1" > (60/100))) > 0) + "GMW_S02E009_2020@1" + "LAN_S02E009@1" + "WAT_S02E009@1") > 0
✔ Saved: /p/11211992-tki-mangrove-restoration/01_data/0_Workflow/13_Mask/400/NVA_S02E009.tif
🗑️ Deleted temporal file: /p/11211992-tki-mangrove-restoration/01_data/0_Workflow/13_Mask/400/BIN_S02E009.tif
🗑️ Deleted temporal file: /p/11211992-tki-mangrove-restoration/01_data/0_Workflow/13_Mask/400/FIL_S02E009.tif

>>> Processing tile: N23E038
⚠️ Raster missing for tile N23E038: /p/11211992-tki-mangrove-restoration/01_data/0_Workflow/8_Coastline/400/PRC_N23E038.tif
✅ Created placeholder raster: /p/11211992-tki-mangrove-restoration/01_data/0_Workflow/8_Coastline/400/PRC_N23E038.tif
⚠️ Raster missing for tile N23E038: /p/11211992-tki-mangrove-restoration/01_data/0_Workflow/7_Rivers/400/PRR_N23E038.tif
✅ Created placeholder raster: /p/11211992-tki-mangrove-restoration/01_data/0_Workflow/7_Rivers/400/PRR_N23E038.tif
📐 Raster calculator expression:
(((("PRC_N23E038@1" = 0) - ("PRR_N23E038@1" > 0) - ("PRM_N23E038@1" > (60/100))) > 0) + "GMW_N23E038_2020@1" + "LAN_N23E038@1" + "WAT_N23E038@1") > 0
✔ Saved: /p/11211992-tki-mangrove-restoration/01_data/0_Workflow/13_Mask/400/NVA_N23E038.tif
🗑️ Deleted temporal file: /p/11211992-tki-mangrove-restoration/01_data/0_Workflow/13_Mask/400/BIN_N23E038.tif
🗑️ Deleted temporal file: /p/11211992-tki-mangrove-restoration/01_data/0_Workflow/13_Mask/400/FIL_N23E038.tif

>>> Processing tile: S24E043
⚠️ Raster missing for tile S24E043: /p/11211992-tki-mangrove-restoration/01_data/0_Workflow/8_Coastline/400/PRC_S24E043.tif
✅ Created placeholder raster: /p/11211992-tki-mangrove-restoration/01_data/0_Workflow/8_Coastline/400/PRC_S24E043.tif
⚠️ Raster missing for tile S24E043: /p/11211992-tki-mangrove-restoration/01_data/0_Workflow/7_Rivers/400/PRR_S24E043.tif
✅ Created placeholder raster: /p/11211992-tki-mangrove-restoration/01_data/0_Workflow/7_Rivers/400/PRR_S24E043.tif
📐 Raster calculator expression:
(((("PRC_S24E043@1" = 0) - ("PRR_S24E043@1" > 0) - ("PRM_S24E043@1" > (60/100))) > 0) + "GMW_S24E043_2020@1" + "LAN_S24E043@1" + "WAT_S24E043@1") > 0
✔ Saved: /p/11211992-tki-mangrove-restoration/01_data/0_Workflow/13_Mask/400/NVA_S24E043.tif
🗑️ Deleted temporal file: /p/11211992-tki-mangrove-restoration/01_data/0_Workflow/13_Mask/400/BIN_S24E043.tif
🗑️ Deleted temporal file: /p/11211992-tki-mangrove-restoration/01_data/0_Workflow/13_Mask/400/FIL_S24E043.tif

>>> Processing tile: N02E009
⚠️ Raster missing for tile N02E009: /p/11211992-tki-mangrove-restoration/01_data/0_Workflow/8_Coastline/400/PRC_N02E009.tif
✅ Created placeholder raster: /p/11211992-tki-mangrove-restoration/01_data/0_Workflow/8_Coastline/400/PRC_N02E009.tif
⚠️ Raster missing for tile N02E009: /p/11211992-tki-mangrove-restoration/01_data/0_Workflow/7_Rivers/400/PRR_N02E009.tif
✅ Created placeholder raster: /p/11211992-tki-mangrove-restoration/01_data/0_Workflow/7_Rivers/400/PRR_N02E009.tif
📐 Raster calculator expression:
(((("PRC_N02E009@1" = 0) - ("PRR_N02E009@1" > 0) - ("PRM_N02E009@1" > (60/100))) > 0) + "GMW_N02E009_2020@1" + "LAN_N02E009@1" + "WAT_N02E009@1") > 0
✔ Saved: /p/11211992-tki-mangrove-restoration/01_data/0_Workflow/13_Mask/400/NVA_N02E009.tif
🗑️ Deleted temporal file: /p/11211992-tki-mangrove-restoration/01_data/0_Workflow/13_Mask/400/BIN_N02E009.tif
🗑️ Deleted temporal file: /p/11211992-tki-mangrove-restoration/01_data/0_Workflow/13_Mask/400/FIL_N02E009.tif

>>> Processing tile: S06E151
⚠️ Raster missing for tile S06E151: /p/11211992-tki-mangrove-restoration/01_data/0_Workflow/8_Coastline/400/PRC_S06E151.tif
✅ Created placeholder raster: /p/11211992-tki-mangrove-restoration/01_data/0_Workflow/8_Coastline/400/PRC_S06E151.tif
⚠️ Raster missing for tile S06E151: /p/11211992-tki-mangrove-restoration/01_data/0_Workflow/7_Rivers/400/PRR_S06E151.tif
✅ Created placeholder raster: /p/11211992-tki-mangrove-restoration/01_data/0_Workflow/7_Rivers/400/PRR_S06E151.tif
📐 Raster calculator expression:
(((("PRC_S06E151@1" = 0) - ("PRR_S06E151@1" > 0) - ("PRM_S06E151@1" > (60/100))) > 0) + "GMW_S06E151_2020@1" + "LAN_S06E151@1" + "WAT_S06E151@1") > 0
✔ Saved: /p/11211992-tki-mangrove-restoration/01_data/0_Workflow/13_Mask/400/NVA_S06E151.tif
🗑️ Deleted temporal file: /p/11211992-tki-mangrove-restoration/01_data/0_Workflow/13_Mask/400/BIN_S06E151.tif
🗑️ Deleted temporal file: /p/11211992-tki-mangrove-restoration/01_data/0_Workflow/13_Mask/400/FIL_S06E151.tif

>>> Processing tile: S09E156
⚠️ Raster missing for tile S09E156: /p/11211992-tki-mangrove-restoration/01_data/0_Workflow/8_Coastline/400/PRC_S09E156.tif
✅ Created placeholder raster: /p/11211992-tki-mangrove-restoration/01_data/0_Workflow/8_Coastline/400/PRC_S09E156.tif
⚠️ Raster missing for tile S09E156: /p/11211992-tki-mangrove-restoration/01_data/0_Workflow/7_Rivers/400/PRR_S09E156.tif
✅ Created placeholder raster: /p/11211992-tki-mangrove-restoration/01_data/0_Workflow/7_Rivers/400/PRR_S09E156.tif
📐 Raster calculator expression:
(((("PRC_S09E156@1" = 0) - ("PRR_S09E156@1" > 0) - ("PRM_S09E156@1" > (60/100))) > 0) + "GMW_S09E156_2020@1" + "LAN_S09E156@1" + "WAT_S09E156@1") > 0
✔ Saved: /p/11211992-tki-mangrove-restoration/01_data/0_Workflow/13_Mask/400/NVA_S09E156.tif
🗑️ Deleted temporal file: /p/11211992-tki-mangrove-restoration/01_data/0_Workflow/13_Mask/400/BIN_S09E156.tif
🗑️ Deleted temporal file: /p/11211992-tki-mangrove-restoration/01_data/0_Workflow/13_Mask/400/FIL_S09E156.tif

>>> Processing tile: N08W082
⚠️ Raster missing for tile N08W082: /p/11211992-tki-mangrove-restoration/01_data/0_Workflow/8_Coastline/400/PRC_N08W082.tif
✅ Created placeholder raster: /p/11211992-tki-mangrove-restoration/01_data/0_Workflow/8_Coastline/400/PRC_N08W082.tif
⚠️ Raster missing for tile N08W082: /p/11211992-tki-mangrove-restoration/01_data/0_Workflow/7_Rivers/400/PRR_N08W082.tif
✅ Created placeholder raster: /p/11211992-tki-mangrove-restoration/01_data/0_Workflow/7_Rivers/400/PRR_N08W082.tif
📐 Raster calculator expression:
(((("PRC_N08W082@1" = 0) - ("PRR_N08W082@1" > 0) - ("PRM_N08W082@1" > (60/100))) > 0) + "GMW_N08W082_2020@1" + "LAN_N08W082@1" + "WAT_N08W082@1") > 0
✔ Saved: /p/11211992-tki-mangrove-restoration/01_data/0_Workflow/13_Mask/400/NVA_N08W082.tif
🗑️ Deleted temporal file: /p/11211992-tki-mangrove-restoration/01_data/0_Workflow/13_Mask/400/BIN_N08W082.tif
🗑️ Deleted temporal file: /p/11211992-tki-mangrove-restoration/01_data/0_Workflow/13_Mask/400/FIL_N08W082.tif

>>> Processing tile: N04W002
⚠️ Raster missing for tile N04W002: /p/11211992-tki-mangrove-restoration/01_data/0_Workflow/8_Coastline/400/PRC_N04W002.tif
✅ Created placeholder raster: /p/11211992-tki-mangrove-restoration/01_data/0_Workflow/8_Coastline/400/PRC_N04W002.tif
⚠️ Raster missing for tile N04W002: /p/11211992-tki-mangrove-restoration/01_data/0_Workflow/7_Rivers/400/PRR_N04W002.tif
✅ Created placeholder raster: /p/11211992-tki-mangrove-restoration/01_data/0_Workflow/7_Rivers/400/PRR_N04W002.tif
📐 Raster calculator expression:
(((("PRC_N04W002@1" = 0) - ("PRR_N04W002@1" > 0) - ("PRM_N04W002@1" > (60/100))) > 0) + "GMW_N04W002_2020@1" + "LAN_N04W002@1" + "WAT_N04W002@1") > 0
✔ Saved: /p/11211992-tki-mangrove-restoration/01_data/0_Workflow/13_Mask/400/NVA_N04W002.tif
🗑️ Deleted temporal file: /p/11211992-tki-mangrove-restoration/01_data/0_Workflow/13_Mask/400/BIN_N04W002.tif
🗑️ Deleted temporal file: /p/11211992-tki-mangrove-restoration/01_data/0_Workflow/13_Mask/400/FIL_N04W002.tif

>>> Processing tile: N05E004
⚠️ Raster missing for tile N05E004: /p/11211992-tki-mangrove-restoration/01_data/0_Workflow/8_Coastline/400/PRC_N05E004.tif
✅ Created placeholder raster: /p/11211992-tki-mangrove-restoration/01_data/0_Workflow/8_Coastline/400/PRC_N05E004.tif
⚠️ Raster missing for tile N05E004: /p/11211992-tki-mangrove-restoration/01_data/0_Workflow/7_Rivers/400/PRR_N05E004.tif
✅ Created placeholder raster: /p/11211992-tki-mangrove-restoration/01_data/0_Workflow/7_Rivers/400/PRR_N05E004.tif
📐 Raster calculator expression:
(((("PRC_N05E004@1" = 0) - ("PRR_N05E004@1" > 0) - ("PRM_N05E004@1" > (60/100))) > 0) + "GMW_N05E004_2020@1" + "LAN_N05E004@1" + "WAT_N05E004@1") > 0
✔ Saved: /p/11211992-tki-mangrove-restoration/01_data/0_Workflow/13_Mask/400/NVA_N05E004.tif
🗑️ Deleted temporal file: /p/11211992-tki-mangrove-restoration/01_data/0_Workflow/13_Mask/400/BIN_N05E004.tif
🗑️ Deleted temporal file: /p/11211992-tki-mangrove-restoration/01_data/0_Workflow/13_Mask/400/FIL_N05E004.tif

>>> Processing tile: S24E035
⚠️ Raster missing for tile S24E035: /p/11211992-tki-mangrove-restoration/01_data/0_Workflow/8_Coastline/400/PRC_S24E035.tif
✅ Created placeholder raster: /p/11211992-tki-mangrove-restoration/01_data/0_Workflow/8_Coastline/400/PRC_S24E035.tif
⚠️ Raster missing for tile S24E035: /p/11211992-tki-mangrove-restoration/01_data/0_Workflow/7_Rivers/400/PRR_S24E035.tif
✅ Created placeholder raster: /p/11211992-tki-mangrove-restoration/01_data/0_Workflow/7_Rivers/400/PRR_S24E035.tif
📐 Raster calculator expression:
(((("PRC_S24E035@1" = 0) - ("PRR_S24E035@1" > 0) - ("PRM_S24E035@1" > (60/100))) > 0) + "GMW_S24E035_2020@1" + "LAN_S24E035@1" + "WAT_S24E035@1") > 0
✔ Saved: /p/11211992-tki-mangrove-restoration/01_data/0_Workflow/13_Mask/400/NVA_S24E035.tif
🗑️ Deleted temporal file: /p/11211992-tki-mangrove-restoration/01_data/0_Workflow/13_Mask/400/BIN_S24E035.tif
🗑️ Deleted temporal file: /p/11211992-tki-mangrove-restoration/01_data/0_Workflow/13_Mask/400/FIL_S24E035.tif

>>> Processing tile: S14W172
⚠️ Raster missing for tile S14W172: /p/11211992-tki-mangrove-restoration/01_data/0_Workflow/8_Coastline/400/PRC_S14W172.tif
✅ Created placeholder raster: /p/11211992-tki-mangrove-restoration/01_data/0_Workflow/8_Coastline/400/PRC_S14W172.tif
⚠️ Raster missing for tile S14W172: /p/11211992-tki-mangrove-restoration/01_data/0_Workflow/7_Rivers/400/PRR_S14W172.tif
✅ Created placeholder raster: /p/11211992-tki-mangrove-restoration/01_data/0_Workflow/7_Rivers/400/PRR_S14W172.tif
📐 Raster calculator expression:
(((("PRC_S14W172@1" = 0) - ("PRR_S14W172@1" > 0) - ("PRM_S14W172@1" > (60/100))) > 0) + "GMW_S14W172_2020@1" + "LAN_S14W172@1" + "WAT_S14W172@1") > 0
✔ Saved: /p/11211992-tki-mangrove-restoration/01_data/0_Workflow/13_Mask/400/NVA_S14W172.tif
🗑️ Deleted temporal file: /p/11211992-tki-mangrove-restoration/01_data/0_Workflow/13_Mask/400/BIN_S14W172.tif
🗑️ Deleted temporal file: /p/11211992-tki-mangrove-restoration/01_data/0_Workflow/13_Mask/400/FIL_S14W172.tif

>>> Processing tile: S02E008
⚠️ Raster missing for tile S02E008: /p/11211992-tki-mangrove-restoration/01_data/0_Workflow/8_Coastline/400/PRC_S02E008.tif
✅ Created placeholder raster: /p/11211992-tki-mangrove-restoration/01_data/0_Workflow/8_Coastline/400/PRC_S02E008.tif
⚠️ Raster missing for tile S02E008: /p/11211992-tki-mangrove-restoration/01_data/0_Workflow/7_Rivers/400/PRR_S02E008.tif
✅ Created placeholder raster: /p/11211992-tki-mangrove-restoration/01_data/0_Workflow/7_Rivers/400/PRR_S02E008.tif
📐 Raster calculator expression:
(((("PRC_S02E008@1" = 0) - ("PRR_S02E008@1" > 0) - ("PRM_S02E008@1" > (60/100))) > 0) + "GMW_S02E008_2020@1" + "LAN_S02E008@1" + "WAT_S02E008@1") > 0
✔ Saved: /p/11211992-tki-mangrove-restoration/01_data/0_Workflow/13_Mask/400/NVA_S02E008.tif
🗑️ Deleted temporal file: /p/11211992-tki-mangrove-restoration/01_data/0_Workflow/13_Mask/400/BIN_S02E008.tif
🗑️ Deleted temporal file: /p/11211992-tki-mangrove-restoration/01_data/0_Workflow/13_Mask/400/FIL_S02E008.tif

>>> Processing tile: S34E027
⚠️ Raster missing for tile S34E027: /p/11211992-tki-mangrove-restoration/01_data/0_Workflow/8_Coastline/400/PRC_S34E027.tif
✅ Created placeholder raster: /p/11211992-tki-mangrove-restoration/01_data/0_Workflow/8_Coastline/400/PRC_S34E027.tif
⚠️ Raster missing for tile S34E027: /p/11211992-tki-mangrove-restoration/01_data/0_Workflow/7_Rivers/400/PRR_S34E027.tif
✅ Created placeholder raster: /p/11211992-tki-mangrove-restoration/01_data/0_Workflow/7_Rivers/400/PRR_S34E027.tif
📐 Raster calculator expression:
(((("PRC_S34E027@1" = 0) - ("PRR_S34E027@1" > 0) - ("PRM_S34E027@1" > (60/100))) > 0) + "GMW_S34E027_2020@1" + "LAN_S34E027@1" + "WAT_S34E027@1") > 0
✔ Saved: /p/11211992-tki-mangrove-restoration/01_data/0_Workflow/13_Mask/400/NVA_S34E027.tif
🗑️ Deleted temporal file: /p/11211992-tki-mangrove-restoration/01_data/0_Workflow/13_Mask/400/BIN_S34E027.tif
🗑️ Deleted temporal file: /p/11211992-tki-mangrove-restoration/01_data/0_Workflow/13_Mask/400/FIL_S34E027.tif

>>> Processing tile: N20W080
⚠️ Raster missing for tile N20W080: /p/11211992-tki-mangrove-restoration/01_data/0_Workflow/8_Coastline/400/PRC_N20W080.tif
✅ Created placeholder raster: /p/11211992-tki-mangrove-restoration/01_data/0_Workflow/8_Coastline/400/PRC_N20W080.tif
⚠️ Raster missing for tile N20W080: /p/11211992-tki-mangrove-restoration/01_data/0_Workflow/7_Rivers/400/PRR_N20W080.tif
✅ Created placeholder raster: /p/11211992-tki-mangrove-restoration/01_data/0_Workflow/7_Rivers/400/PRR_N20W080.tif
📐 Raster calculator expression:
(((("PRC_N20W080@1" = 0) - ("PRR_N20W080@1" > 0) - ("PRM_N20W080@1" > (60/100))) > 0) + "GMW_N20W080_2020@1" + "LAN_N20W080@1" + "WAT_N20W080@1") > 0
✔ Saved: /p/11211992-tki-mangrove-restoration/01_data/0_Workflow/13_Mask/400/NVA_N20W080.tif
🗑️ Deleted temporal file: /p/11211992-tki-mangrove-restoration/01_data/0_Workflow/13_Mask/400/BIN_N20W080.tif
🗑️ Deleted temporal file: /p/11211992-tki-mangrove-restoration/01_data/0_Workflow/13_Mask/400/FIL_N20W080.tif

>>> Processing tile: S21E034
⚠️ Raster missing for tile S21E034: /p/11211992-tki-mangrove-restoration/01_data/0_Workflow/8_Coastline/400/PRC_S21E034.tif
✅ Created placeholder raster: /p/11211992-tki-mangrove-restoration/01_data/0_Workflow/8_Coastline/400/PRC_S21E034.tif
⚠️ Raster missing for tile S21E034: /p/11211992-tki-mangrove-restoration/01_data/0_Workflow/7_Rivers/400/PRR_S21E034.tif
✅ Created placeholder raster: /p/11211992-tki-mangrove-restoration/01_data/0_Workflow/7_Rivers/400/PRR_S21E034.tif
📐 Raster calculator expression:
(((("PRC_S21E034@1" = 0) - ("PRR_S21E034@1" > 0) - ("PRM_S21E034@1" > (60/100))) > 0) + "GMW_S21E034_2020@1" + "LAN_S21E034@1" + "WAT_S21E034@1") > 0
✔ Saved: /p/11211992-tki-mangrove-restoration/01_data/0_Workflow/13_Mask/400/NVA_S21E034.tif
🗑️ Deleted temporal file: /p/11211992-tki-mangrove-restoration/01_data/0_Workflow/13_Mask/400/BIN_S21E034.tif
🗑️ Deleted temporal file: /p/11211992-tki-mangrove-restoration/01_data/0_Workflow/13_Mask/400/FIL_S21E034.tif

>>> Processing tile: S16E135
⚠️ Raster missing for tile S16E135: /p/11211992-tki-mangrove-restoration/01_data/0_Workflow/8_Coastline/400/PRC_S16E135.tif
✅ Created placeholder raster: /p/11211992-tki-mangrove-restoration/01_data/0_Workflow/8_Coastline/400/PRC_S16E135.tif
⚠️ Raster missing for tile S16E135: /p/11211992-tki-mangrove-restoration/01_data/0_Workflow/7_Rivers/400/PRR_S16E135.tif
✅ Created placeholder raster: /p/11211992-tki-mangrove-restoration/01_data/0_Workflow/7_Rivers/400/PRR_S16E135.tif
📐 Raster calculator expression:
(((("PRC_S16E135@1" = 0) - ("PRR_S16E135@1" > 0) - ("PRM_S16E135@1" > (60/100))) > 0) + "GMW_S16E135_2020@1" + "LAN_S16E135@1" + "WAT_S16E135@1") > 0
✔ Saved: /p/11211992-tki-mangrove-restoration/01_data/0_Workflow/13_Mask/400/NVA_S16E135.tif
🗑️ Deleted temporal file: /p/11211992-tki-mangrove-restoration/01_data/0_Workflow/13_Mask/400/BIN_S16E135.tif
🗑️ Deleted temporal file: /p/11211992-tki-mangrove-restoration/01_data/0_Workflow/13_Mask/400/FIL_S16E135.tif

>>> Processing tile: S22E116
⚠️ Raster missing for tile S22E116: /p/11211992-tki-mangrove-restoration/01_data/0_Workflow/8_Coastline/400/PRC_S22E116.tif
✅ Created placeholder raster: /p/11211992-tki-mangrove-restoration/01_data/0_Workflow/8_Coastline/400/PRC_S22E116.tif
⚠️ Raster missing for tile S22E116: /p/11211992-tki-mangrove-restoration/01_data/0_Workflow/7_Rivers/400/PRR_S22E116.tif
✅ Created placeholder raster: /p/11211992-tki-mangrove-restoration/01_data/0_Workflow/7_Rivers/400/PRR_S22E116.tif
📐 Raster calculator expression:
(((("PRC_S22E116@1" = 0) - ("PRR_S22E116@1" > 0) - ("PRM_S22E116@1" > (60/100))) > 0) + "GMW_S22E116_2020@1" + "LAN_S22E116@1" + "WAT_S22E116@1") > 0
✔ Saved: /p/11211992-tki-mangrove-restoration/01_data/0_Workflow/13_Mask/400/NVA_S22E116.tif
🗑️ Deleted temporal file: /p/11211992-tki-mangrove-restoration/01_data/0_Workflow/13_Mask/400/BIN_S22E116.tif
🗑️ Deleted temporal file: /p/11211992-tki-mangrove-restoration/01_data/0_Workflow/13_Mask/400/FIL_S22E116.tif

>>> Processing tile: S17W180
⚠️ Raster missing for tile S17W180: /p/11211992-tki-mangrove-restoration/01_data/0_Workflow/8_Coastline/400/PRC_S17W180.tif
✅ Created placeholder raster: /p/11211992-tki-mangrove-restoration/01_data/0_Workflow/8_Coastline/400/PRC_S17W180.tif
⚠️ Raster missing for tile S17W180: /p/11211992-tki-mangrove-restoration/01_data/0_Workflow/7_Rivers/400/PRR_S17W180.tif
✅ Created placeholder raster: /p/11211992-tki-mangrove-restoration/01_data/0_Workflow/7_Rivers/400/PRR_S17W180.tif
📐 Raster calculator expression:
(((("PRC_S17W180@1" = 0) - ("PRR_S17W180@1" > 0) - ("PRM_S17W180@1" > (60/100))) > 0) + "GMW_S17W180_2020@1" + "LAN_S17W180@1" + "WAT_S17W180@1") > 0
✔ Saved: /p/11211992-tki-mangrove-restoration/01_data/0_Workflow/13_Mask/400/NVA_S17W180.tif
🗑️ Deleted temporal file: /p/11211992-tki-mangrove-restoration/01_data/0_Workflow/13_Mask/400/BIN_S17W180.tif
🗑️ Deleted temporal file: /p/11211992-tki-mangrove-restoration/01_data/0_Workflow/13_Mask/400/FIL_S17W180.tif

>>> Processing tile: S19W179
⚠️ Raster missing for tile S19W179: /p/11211992-tki-mangrove-restoration/01_data/0_Workflow/8_Coastline/400/PRC_S19W179.tif
✅ Created placeholder raster: /p/11211992-tki-mangrove-restoration/01_data/0_Workflow/8_Coastline/400/PRC_S19W179.tif
⚠️ Raster missing for tile S19W179: /p/11211992-tki-mangrove-restoration/01_data/0_Workflow/7_Rivers/400/PRR_S19W179.tif
✅ Created placeholder raster: /p/11211992-tki-mangrove-restoration/01_data/0_Workflow/7_Rivers/400/PRR_S19W179.tif
📐 Raster calculator expression:
(((("PRC_S19W179@1" = 0) - ("PRR_S19W179@1" > 0) - ("PRM_S19W179@1" > (60/100))) > 0) + "GMW_S19W179_2020@1" + "LAN_S19W179@1" + "WAT_S19W179@1") > 0
✔ Saved: /p/11211992-tki-mangrove-restoration/01_data/0_Workflow/13_Mask/400/NVA_S19W179.tif
🗑️ Deleted temporal file: /p/11211992-tki-mangrove-restoration/01_data/0_Workflow/13_Mask/400/BIN_S19W179.tif
🗑️ Deleted temporal file: /p/11211992-tki-mangrove-restoration/01_data/0_Workflow/13_Mask/400/FIL_S19W179.tif

>>> Processing tile: S17E046
⚠️ Raster missing for tile S17E046: /p/11211992-tki-mangrove-restoration/01_data/0_Workflow/8_Coastline/400/PRC_S17E046.tif
✅ Created placeholder raster: /p/11211992-tki-mangrove-restoration/01_data/0_Workflow/8_Coastline/400/PRC_S17E046.tif
⚠️ Raster missing for tile S17E046: /p/11211992-tki-mangrove-restoration/01_data/0_Workflow/7_Rivers/400/PRR_S17E046.tif
✅ Created placeholder raster: /p/11211992-tki-mangrove-restoration/01_data/0_Workflow/7_Rivers/400/PRR_S17E046.tif
📐 Raster calculator expression:
(((("PRC_S17E046@1" = 0) - ("PRR_S17E046@1" > 0) - ("PRM_S17E046@1" > (60/100))) > 0) + "GMW_S17E046_2020@1" + "LAN_S17E046@1" + "WAT_S17E046@1") > 0
✔ Saved: /p/11211992-tki-mangrove-restoration/01_data/0_Workflow/13_Mask/400/NVA_S17E046.tif
🗑️ Deleted temporal file: /p/11211992-tki-mangrove-restoration/01_data/0_Workflow/13_Mask/400/BIN_S17E046.tif
🗑️ Deleted temporal file: /p/11211992-tki-mangrove-restoration/01_data/0_Workflow/13_Mask/400/FIL_S17E046.tif

>>> Processing tile: S18E036
⚠️ Raster missing for tile S18E036: /p/11211992-tki-mangrove-restoration/01_data/0_Workflow/8_Coastline/400/PRC_S18E036.tif
✅ Created placeholder raster: /p/11211992-tki-mangrove-restoration/01_data/0_Workflow/8_Coastline/400/PRC_S18E036.tif
⚠️ Raster missing for tile S18E036: /p/11211992-tki-mangrove-restoration/01_data/0_Workflow/7_Rivers/400/PRR_S18E036.tif
✅ Created placeholder raster: /p/11211992-tki-mangrove-restoration/01_data/0_Workflow/7_Rivers/400/PRR_S18E036.tif
📐 Raster calculator expression:
(((("PRC_S18E036@1" = 0) - ("PRR_S18E036@1" > 0) - ("PRM_S18E036@1" > (60/100))) > 0) + "GMW_S18E036_2020@1" + "LAN_S18E036@1" + "WAT_S18E036@1") > 0
✔ Saved: /p/11211992-tki-mangrove-restoration/01_data/0_Workflow/13_Mask/400/NVA_S18E036.tif
🗑️ Deleted temporal file: /p/11211992-tki-mangrove-restoration/01_data/0_Workflow/13_Mask/400/BIN_S18E036.tif
🗑️ Deleted temporal file: /p/11211992-tki-mangrove-restoration/01_data/0_Workflow/13_Mask/400/FIL_S18E036.tif

>>> Processing tile: N18E041
⚠️ Raster missing for tile N18E041: /p/11211992-tki-mangrove-restoration/01_data/0_Workflow/8_Coastline/400/PRC_N18E041.tif
✅ Created placeholder raster: /p/11211992-tki-mangrove-restoration/01_data/0_Workflow/8_Coastline/400/PRC_N18E041.tif
⚠️ Raster missing for tile N18E041: /p/11211992-tki-mangrove-restoration/01_data/0_Workflow/7_Rivers/400/PRR_N18E041.tif
✅ Created placeholder raster: /p/11211992-tki-mangrove-restoration/01_data/0_Workflow/7_Rivers/400/PRR_N18E041.tif
📐 Raster calculator expression:
(((("PRC_N18E041@1" = 0) - ("PRR_N18E041@1" > 0) - ("PRM_N18E041@1" > (60/100))) > 0) + "GMW_N18E041_2020@1" + "LAN_N18E041@1" + "WAT_N18E041@1") > 0
✔ Saved: /p/11211992-tki-mangrove-restoration/01_data/0_Workflow/13_Mask/400/NVA_N18E041.tif
🗑️ Deleted temporal file: /p/11211992-tki-mangrove-restoration/01_data/0_Workflow/13_Mask/400/BIN_N18E041.tif
🗑️ Deleted temporal file: /p/11211992-tki-mangrove-restoration/01_data/0_Workflow/13_Mask/400/FIL_N18E041.tif

>>> Processing tile: N11W065
⚠️ Raster missing for tile N11W065: /p/11211992-tki-mangrove-restoration/01_data/0_Workflow/8_Coastline/400/PRC_N11W065.tif
✅ Created placeholder raster: /p/11211992-tki-mangrove-restoration/01_data/0_Workflow/8_Coastline/400/PRC_N11W065.tif
⚠️ Raster missing for tile N11W065: /p/11211992-tki-mangrove-restoration/01_data/0_Workflow/7_Rivers/400/PRR_N11W065.tif
✅ Created placeholder raster: /p/11211992-tki-mangrove-restoration/01_data/0_Workflow/7_Rivers/400/PRR_N11W065.tif
📐 Raster calculator expression:
(((("PRC_N11W065@1" = 0) - ("PRR_N11W065@1" > 0) - ("PRM_N11W065@1" > (60/100))) > 0) + "GMW_N11W065_2020@1" + "LAN_N11W065@1" + "WAT_N11W065@1") > 0
✔ Saved: /p/11211992-tki-mangrove-restoration/01_data/0_Workflow/13_Mask/400/NVA_N11W065.tif
🗑️ Deleted temporal file: /p/11211992-tki-mangrove-restoration/01_data/0_Workflow/13_Mask/400/BIN_N11W065.tif
🗑️ Deleted temporal file: /p/11211992-tki-mangrove-restoration/01_data/0_Workflow/13_Mask/400/FIL_N11W065.tif

>>> Processing tile: S21E035
⚠️ Raster missing for tile S21E035: /p/11211992-tki-mangrove-restoration/01_data/0_Workflow/8_Coastline/400/PRC_S21E035.tif
✅ Created placeholder raster: /p/11211992-tki-mangrove-restoration/01_data/0_Workflow/8_Coastline/400/PRC_S21E035.tif
⚠️ Raster missing for tile S21E035: /p/11211992-tki-mangrove-restoration/01_data/0_Workflow/7_Rivers/400/PRR_S21E035.tif
✅ Created placeholder raster: /p/11211992-tki-mangrove-restoration/01_data/0_Workflow/7_Rivers/400/PRR_S21E035.tif
📐 Raster calculator expression:
(((("PRC_S21E035@1" = 0) - ("PRR_S21E035@1" > 0) - ("PRM_S21E035@1" > (60/100))) > 0) + "GMW_S21E035_2020@1" + "LAN_S21E035@1" + "WAT_S21E035@1") > 0
✔ Saved: /p/11211992-tki-mangrove-restoration/01_data/0_Workflow/13_Mask/400/NVA_S21E035.tif
🗑️ Deleted temporal file: /p/11211992-tki-mangrove-restoration/01_data/0_Workflow/13_Mask/400/BIN_S21E035.tif
🗑️ Deleted temporal file: /p/11211992-tki-mangrove-restoration/01_data/0_Workflow/13_Mask/400/FIL_S21E035.tif

>>> Processing tile: S13E136
⚠️ Raster missing for tile S13E136: /p/11211992-tki-mangrove-restoration/01_data/0_Workflow/8_Coastline/400/PRC_S13E136.tif
✅ Created placeholder raster: /p/11211992-tki-mangrove-restoration/01_data/0_Workflow/8_Coastline/400/PRC_S13E136.tif
⚠️ Raster missing for tile S13E136: /p/11211992-tki-mangrove-restoration/01_data/0_Workflow/7_Rivers/400/PRR_S13E136.tif
✅ Created placeholder raster: /p/11211992-tki-mangrove-restoration/01_data/0_Workflow/7_Rivers/400/PRR_S13E136.tif
📐 Raster calculator expression:
(((("PRC_S13E136@1" = 0) - ("PRR_S13E136@1" > 0) - ("PRM_S13E136@1" > (60/100))) > 0) + "GMW_S13E136_2020@1" + "LAN_S13E136@1" + "WAT_S13E136@1") > 0
✔ Saved: /p/11211992-tki-mangrove-restoration/01_data/0_Workflow/13_Mask/400/NVA_S13E136.tif
🗑️ Deleted temporal file: /p/11211992-tki-mangrove-restoration/01_data/0_Workflow/13_Mask/400/BIN_S13E136.tif
🗑️ Deleted temporal file: /p/11211992-tki-mangrove-restoration/01_data/0_Workflow/13_Mask/400/FIL_S13E136.tif

>>> Processing tile: N10W076
⚠️ Raster missing for tile N10W076: /p/11211992-tki-mangrove-restoration/01_data/0_Workflow/8_Coastline/400/PRC_N10W076.tif
✅ Created placeholder raster: /p/11211992-tki-mangrove-restoration/01_data/0_Workflow/8_Coastline/400/PRC_N10W076.tif
⚠️ Raster missing for tile N10W076: /p/11211992-tki-mangrove-restoration/01_data/0_Workflow/7_Rivers/400/PRR_N10W076.tif
✅ Created placeholder raster: /p/11211992-tki-mangrove-restoration/01_data/0_Workflow/7_Rivers/400/PRR_N10W076.tif
📐 Raster calculator expression:
(((("PRC_N10W076@1" = 0) - ("PRR_N10W076@1" > 0) - ("PRM_N10W076@1" > (60/100))) > 0) + "GMW_N10W076_2020@1" + "LAN_N10W076@1" + "WAT_N10W076@1") > 0
✔ Saved: /p/11211992-tki-mangrove-restoration/01_data/0_Workflow/13_Mask/400/NVA_N10W076.tif
🗑️ Deleted temporal file: /p/11211992-tki-mangrove-restoration/01_data/0_Workflow/13_Mask/400/BIN_N10W076.tif
🗑️ Deleted temporal file: /p/11211992-tki-mangrove-restoration/01_data/0_Workflow/13_Mask/400/FIL_N10W076.tif

>>> Processing tile: S21E043
⚠️ Raster missing for tile S21E043: /p/11211992-tki-mangrove-restoration/01_data/0_Workflow/8_Coastline/400/PRC_S21E043.tif
✅ Created placeholder raster: /p/11211992-tki-mangrove-restoration/01_data/0_Workflow/8_Coastline/400/PRC_S21E043.tif
⚠️ Raster missing for tile S21E043: /p/11211992-tki-mangrove-restoration/01_data/0_Workflow/7_Rivers/400/PRR_S21E043.tif
✅ Created placeholder raster: /p/11211992-tki-mangrove-restoration/01_data/0_Workflow/7_Rivers/400/PRR_S21E043.tif
📐 Raster calculator expression:
(((("PRC_S21E043@1" = 0) - ("PRR_S21E043@1" > 0) - ("PRM_S21E043@1" > (60/100))) > 0) + "GMW_S21E043_2020@1" + "LAN_S21E043@1" + "WAT_S21E043@1") > 0
✔ Saved: /p/11211992-tki-mangrove-restoration/01_data/0_Workflow/13_Mask/400/NVA_S21E043.tif
🗑️ Deleted temporal file: /p/11211992-tki-mangrove-restoration/01_data/0_Workflow/13_Mask/400/BIN_S21E043.tif
🗑️ Deleted temporal file: /p/11211992-tki-mangrove-restoration/01_data/0_Workflow/13_Mask/400/FIL_S21E043.tif

>>> Processing tile: S19E145
⚠️ Raster missing for tile S19E145: /p/11211992-tki-mangrove-restoration/01_data/0_Workflow/8_Coastline/400/PRC_S19E145.tif
✅ Created placeholder raster: /p/11211992-tki-mangrove-restoration/01_data/0_Workflow/8_Coastline/400/PRC_S19E145.tif
⚠️ Raster missing for tile S19E145: /p/11211992-tki-mangrove-restoration/01_data/0_Workflow/7_Rivers/400/PRR_S19E145.tif
✅ Created placeholder raster: /p/11211992-tki-mangrove-restoration/01_data/0_Workflow/7_Rivers/400/PRR_S19E145.tif
📐 Raster calculator expression:
(((("PRC_S19E145@1" = 0) - ("PRR_S19E145@1" > 0) - ("PRM_S19E145@1" > (60/100))) > 0) + "GMW_S19E145_2020@1" + "LAN_S19E145@1" + "WAT_S19E145@1") > 0
✔ Saved: /p/11211992-tki-mangrove-restoration/01_data/0_Workflow/13_Mask/400/NVA_S19E145.tif
🗑️ Deleted temporal file: /p/11211992-tki-mangrove-restoration/01_data/0_Workflow/13_Mask/400/BIN_S19E145.tif
🗑️ Deleted temporal file: /p/11211992-tki-mangrove-restoration/01_data/0_Workflow/13_Mask/400/FIL_S19E145.tif

>>> Processing tile: S18E179
⚠️ Raster missing for tile S18E179: /p/11211992-tki-mangrove-restoration/01_data/0_Workflow/8_Coastline/400/PRC_S18E179.tif
✅ Created placeholder raster: /p/11211992-tki-mangrove-restoration/01_data/0_Workflow/8_Coastline/400/PRC_S18E179.tif
⚠️ Raster missing for tile S18E179: /p/11211992-tki-mangrove-restoration/01_data/0_Workflow/7_Rivers/400/PRR_S18E179.tif
✅ Created placeholder raster: /p/11211992-tki-mangrove-restoration/01_data/0_Workflow/7_Rivers/400/PRR_S18E179.tif
📐 Raster calculator expression:
(((("PRC_S18E179@1" = 0) - ("PRR_S18E179@1" > 0) - ("PRM_S18E179@1" > (60/100))) > 0) + "GMW_S18E179_2020@1" + "LAN_S18E179@1" + "WAT_S18E179@1") > 0
✔ Saved: /p/11211992-tki-mangrove-restoration/01_data/0_Workflow/13_Mask/400/NVA_S18E179.tif
🗑️ Deleted temporal file: /p/11211992-tki-mangrove-restoration/01_data/0_Workflow/13_Mask/400/BIN_S18E179.tif
🗑️ Deleted temporal file: /p/11211992-tki-mangrove-restoration/01_data/0_Workflow/13_Mask/400/FIL_S18E179.tif

>>> Processing tile: S16E145
⚠️ Raster missing for tile S16E145: /p/11211992-tki-mangrove-restoration/01_data/0_Workflow/8_Coastline/400/PRC_S16E145.tif
✅ Created placeholder raster: /p/11211992-tki-mangrove-restoration/01_data/0_Workflow/8_Coastline/400/PRC_S16E145.tif
⚠️ Raster missing for tile S16E145: /p/11211992-tki-mangrove-restoration/01_data/0_Workflow/7_Rivers/400/PRR_S16E145.tif
✅ Created placeholder raster: /p/11211992-tki-mangrove-restoration/01_data/0_Workflow/7_Rivers/400/PRR_S16E145.tif
📐 Raster calculator expression:
(((("PRC_S16E145@1" = 0) - ("PRR_S16E145@1" > 0) - ("PRM_S16E145@1" > (60/100))) > 0) + "GMW_S16E145_2020@1" + "LAN_S16E145@1" + "WAT_S16E145@1") > 0
✔ Saved: /p/11211992-tki-mangrove-restoration/01_data/0_Workflow/13_Mask/400/NVA_S16E145.tif
🗑️ Deleted temporal file: /p/11211992-tki-mangrove-restoration/01_data/0_Workflow/13_Mask/400/BIN_S16E145.tif
🗑️ Deleted temporal file: /p/11211992-tki-mangrove-restoration/01_data/0_Workflow/13_Mask/400/FIL_S16E145.tif

>>> Processing tile: S21E044
⚠️ Raster missing for tile S21E044: /p/11211992-tki-mangrove-restoration/01_data/0_Workflow/8_Coastline/400/PRC_S21E044.tif
✅ Created placeholder raster: /p/11211992-tki-mangrove-restoration/01_data/0_Workflow/8_Coastline/400/PRC_S21E044.tif
⚠️ Raster missing for tile S21E044: /p/11211992-tki-mangrove-restoration/01_data/0_Workflow/7_Rivers/400/PRR_S21E044.tif
✅ Created placeholder raster: /p/11211992-tki-mangrove-restoration/01_data/0_Workflow/7_Rivers/400/PRR_S21E044.tif
📐 Raster calculator expression:
(((("PRC_S21E044@1" = 0) - ("PRR_S21E044@1" > 0) - ("PRM_S21E044@1" > (60/100))) > 0) + "GMW_S21E044_2020@1" + "LAN_S21E044@1" + "WAT_S21E044@1") > 0
✔ Saved: /p/11211992-tki-mangrove-restoration/01_data/0_Workflow/13_Mask/400/NVA_S21E044.tif
🗑️ Deleted temporal file: /p/11211992-tki-mangrove-restoration/01_data/0_Workflow/13_Mask/400/BIN_S21E044.tif
🗑️ Deleted temporal file: /p/11211992-tki-mangrove-restoration/01_data/0_Workflow/13_Mask/400/FIL_S21E044.tif

>>> Processing tile: S34E137
⚠️ Raster missing for tile S34E137: /p/11211992-tki-mangrove-restoration/01_data/0_Workflow/8_Coastline/400/PRC_S34E137.tif
✅ Created placeholder raster: /p/11211992-tki-mangrove-restoration/01_data/0_Workflow/8_Coastline/400/PRC_S34E137.tif
⚠️ Raster missing for tile S34E137: /p/11211992-tki-mangrove-restoration/01_data/0_Workflow/7_Rivers/400/PRR_S34E137.tif
✅ Created placeholder raster: /p/11211992-tki-mangrove-restoration/01_data/0_Workflow/7_Rivers/400/PRR_S34E137.tif
📐 Raster calculator expression:
(((("PRC_S34E137@1" = 0) - ("PRR_S34E137@1" > 0) - ("PRM_S34E137@1" > (60/100))) > 0) + "GMW_S34E137_2020@1" + "LAN_S34E137@1" + "WAT_S34E137@1") > 0
✔ Saved: /p/11211992-tki-mangrove-restoration/01_data/0_Workflow/13_Mask/400/NVA_S34E137.tif
🗑️ Deleted temporal file: /p/11211992-tki-mangrove-restoration/01_data/0_Workflow/13_Mask/400/BIN_S34E137.tif
🗑️ Deleted temporal file: /p/11211992-tki-mangrove-restoration/01_data/0_Workflow/13_Mask/400/FIL_S34E137.tif

>>> Processing tile: N26E128
⚠️ Raster missing for tile N26E128: /p/11211992-tki-mangrove-restoration/01_data/0_Workflow/8_Coastline/400/PRC_N26E128.tif
✅ Created placeholder raster: /p/11211992-tki-mangrove-restoration/01_data/0_Workflow/8_Coastline/400/PRC_N26E128.tif
⚠️ Raster missing for tile N26E128: /p/11211992-tki-mangrove-restoration/01_data/0_Workflow/7_Rivers/400/PRR_N26E128.tif
✅ Created placeholder raster: /p/11211992-tki-mangrove-restoration/01_data/0_Workflow/7_Rivers/400/PRR_N26E128.tif
📐 Raster calculator expression:
(((("PRC_N26E128@1" = 0) - ("PRR_N26E128@1" > 0) - ("PRM_N26E128@1" > (60/100))) > 0) + "GMW_N26E128_2020@1" + "LAN_N26E128@1" + "WAT_N26E128@1") > 0
✔ Saved: /p/11211992-tki-mangrove-restoration/01_data/0_Workflow/13_Mask/400/NVA_N26E128.tif
🗑️ Deleted temporal file: /p/11211992-tki-mangrove-restoration/01_data/0_Workflow/13_Mask/400/BIN_N26E128.tif
🗑️ Deleted temporal file: /p/11211992-tki-mangrove-restoration/01_data/0_Workflow/13_Mask/400/FIL_N26E128.tif

>>> Processing tile: S17E040
⚠️ Raster missing for tile S17E040: /p/11211992-tki-mangrove-restoration/01_data/0_Workflow/8_Coastline/400/PRC_S17E040.tif
✅ Created placeholder raster: /p/11211992-tki-mangrove-restoration/01_data/0_Workflow/8_Coastline/400/PRC_S17E040.tif
⚠️ Raster missing for tile S17E040: /p/11211992-tki-mangrove-restoration/01_data/0_Workflow/7_Rivers/400/PRR_S17E040.tif
✅ Created placeholder raster: /p/11211992-tki-mangrove-restoration/01_data/0_Workflow/7_Rivers/400/PRR_S17E040.tif
📐 Raster calculator expression:
(((("PRC_S17E040@1" = 0) - ("PRR_S17E040@1" > 0) - ("PRM_S17E040@1" > (60/100))) > 0) + "GMW_S17E040_2020@1" + "LAN_S17E040@1" + "WAT_S17E040@1") > 0
✔ Saved: /p/11211992-tki-mangrove-restoration/01_data/0_Workflow/13_Mask/400/NVA_S17E040.tif
🗑️ Deleted temporal file: /p/11211992-tki-mangrove-restoration/01_data/0_Workflow/13_Mask/400/BIN_S17E040.tif
🗑️ Deleted temporal file: /p/11211992-tki-mangrove-restoration/01_data/0_Workflow/13_Mask/400/FIL_S17E040.tif

>>> Processing tile: S11E148
⚠️ Raster missing for tile S11E148: /p/11211992-tki-mangrove-restoration/01_data/0_Workflow/8_Coastline/400/PRC_S11E148.tif
✅ Created placeholder raster: /p/11211992-tki-mangrove-restoration/01_data/0_Workflow/8_Coastline/400/PRC_S11E148.tif
⚠️ Raster missing for tile S11E148: /p/11211992-tki-mangrove-restoration/01_data/0_Workflow/7_Rivers/400/PRR_S11E148.tif
✅ Created placeholder raster: /p/11211992-tki-mangrove-restoration/01_data/0_Workflow/7_Rivers/400/PRR_S11E148.tif
📐 Raster calculator expression:
(((("PRC_S11E148@1" = 0) - ("PRR_S11E148@1" > 0) - ("PRM_S11E148@1" > (60/100))) > 0) + "GMW_S11E148_2020@1" + "LAN_S11E148@1" + "WAT_S11E148@1") > 0
✔ Saved: /p/11211992-tki-mangrove-restoration/01_data/0_Workflow/13_Mask/400/NVA_S11E148.tif
🗑️ Deleted temporal file: /p/11211992-tki-mangrove-restoration/01_data/0_Workflow/13_Mask/400/BIN_S11E148.tif
🗑️ Deleted temporal file: /p/11211992-tki-mangrove-restoration/01_data/0_Workflow/13_Mask/400/FIL_S11E148.tif

>>> Processing tile: N11W062
⚠️ Raster missing for tile N11W062: /p/11211992-tki-mangrove-restoration/01_data/0_Workflow/8_Coastline/400/PRC_N11W062.tif
✅ Created placeholder raster: /p/11211992-tki-mangrove-restoration/01_data/0_Workflow/8_Coastline/400/PRC_N11W062.tif
⚠️ Raster missing for tile N11W062: /p/11211992-tki-mangrove-restoration/01_data/0_Workflow/7_Rivers/400/PRR_N11W062.tif
✅ Created placeholder raster: /p/11211992-tki-mangrove-restoration/01_data/0_Workflow/7_Rivers/400/PRR_N11W062.tif
📐 Raster calculator expression:
(((("PRC_N11W062@1" = 0) - ("PRR_N11W062@1" > 0) - ("PRM_N11W062@1" > (60/100))) > 0) + "GMW_N11W062_2020@1" + "LAN_N11W062@1" + "WAT_N11W062@1") > 0
✔ Saved: /p/11211992-tki-mangrove-restoration/01_data/0_Workflow/13_Mask/400/NVA_N11W062.tif
🗑️ Deleted temporal file: /p/11211992-tki-mangrove-restoration/01_data/0_Workflow/13_Mask/400/BIN_N11W062.tif
🗑️ Deleted temporal file: /p/11211992-tki-mangrove-restoration/01_data/0_Workflow/13_Mask/400/FIL_N11W062.tif

>>> Processing tile: N21W078
⚠️ Raster missing for tile N21W078: /p/11211992-tki-mangrove-restoration/01_data/0_Workflow/8_Coastline/400/PRC_N21W078.tif
✅ Created placeholder raster: /p/11211992-tki-mangrove-restoration/01_data/0_Workflow/8_Coastline/400/PRC_N21W078.tif
⚠️ Raster missing for tile N21W078: /p/11211992-tki-mangrove-restoration/01_data/0_Workflow/7_Rivers/400/PRR_N21W078.tif
✅ Created placeholder raster: /p/11211992-tki-mangrove-restoration/01_data/0_Workflow/7_Rivers/400/PRR_N21W078.tif
📐 Raster calculator expression:
(((("PRC_N21W078@1" = 0) - ("PRR_N21W078@1" > 0) - ("PRM_N21W078@1" > (60/100))) > 0) + "GMW_N21W078_2020@1" + "LAN_N21W078@1" + "WAT_N21W078@1") > 0
✔ Saved: /p/11211992-tki-mangrove-restoration/01_data/0_Workflow/13_Mask/400/NVA_N21W078.tif
🗑️ Deleted temporal file: /p/11211992-tki-mangrove-restoration/01_data/0_Workflow/13_Mask/400/BIN_N21W078.tif
🗑️ Deleted temporal file: /p/11211992-tki-mangrove-restoration/01_data/0_Workflow/13_Mask/400/FIL_N21W078.tif

>>> Processing tile: S22E166
⚠️ Raster missing for tile S22E166: /p/11211992-tki-mangrove-restoration/01_data/0_Workflow/8_Coastline/400/PRC_S22E166.tif
✅ Created placeholder raster: /p/11211992-tki-mangrove-restoration/01_data/0_Workflow/8_Coastline/400/PRC_S22E166.tif
⚠️ Raster missing for tile S22E166: /p/11211992-tki-mangrove-restoration/01_data/0_Workflow/7_Rivers/400/PRR_S22E166.tif
✅ Created placeholder raster: /p/11211992-tki-mangrove-restoration/01_data/0_Workflow/7_Rivers/400/PRR_S22E166.tif
📐 Raster calculator expression:
(((("PRC_S22E166@1" = 0) - ("PRR_S22E166@1" > 0) - ("PRM_S22E166@1" > (60/100))) > 0) + "GMW_S22E166_2020@1" + "LAN_S22E166@1" + "WAT_S22E166@1") > 0
✔ Saved: /p/11211992-tki-mangrove-restoration/01_data/0_Workflow/13_Mask/400/NVA_S22E166.tif
🗑️ Deleted temporal file: /p/11211992-tki-mangrove-restoration/01_data/0_Workflow/13_Mask/400/BIN_S22E166.tif
🗑️ Deleted temporal file: /p/11211992-tki-mangrove-restoration/01_data/0_Workflow/13_Mask/400/FIL_S22E166.tif

>>> Processing tile: N26W098
⚠️ Raster missing for tile N26W098: /p/11211992-tki-mangrove-restoration/01_data/0_Workflow/8_Coastline/400/PRC_N26W098.tif
✅ Created placeholder raster: /p/11211992-tki-mangrove-restoration/01_data/0_Workflow/8_Coastline/400/PRC_N26W098.tif
⚠️ Raster missing for tile N26W098: /p/11211992-tki-mangrove-restoration/01_data/0_Workflow/7_Rivers/400/PRR_N26W098.tif
✅ Created placeholder raster: /p/11211992-tki-mangrove-restoration/01_data/0_Workflow/7_Rivers/400/PRR_N26W098.tif
📐 Raster calculator expression:
(((("PRC_N26W098@1" = 0) - ("PRR_N26W098@1" > 0) - ("PRM_N26W098@1" > (60/100))) > 0) + "GMW_N26W098_2020@1" + "LAN_N26W098@1" + "WAT_N26W098@1") > 0
✔ Saved: /p/11211992-tki-mangrove-restoration/01_data/0_Workflow/13_Mask/400/NVA_N26W098.tif
🗑️ Deleted temporal file: /p/11211992-tki-mangrove-restoration/01_data/0_Workflow/13_Mask/400/BIN_N26W098.tif
🗑️ Deleted temporal file: /p/11211992-tki-mangrove-restoration/01_data/0_Workflow/13_Mask/400/FIL_N26W098.tif

>>> Processing tile: S34E136
⚠️ Raster missing for tile S34E136: /p/11211992-tki-mangrove-restoration/01_data/0_Workflow/8_Coastline/400/PRC_S34E136.tif
✅ Created placeholder raster: /p/11211992-tki-mangrove-restoration/01_data/0_Workflow/8_Coastline/400/PRC_S34E136.tif
⚠️ Raster missing for tile S34E136: /p/11211992-tki-mangrove-restoration/01_data/0_Workflow/7_Rivers/400/PRR_S34E136.tif
✅ Created placeholder raster: /p/11211992-tki-mangrove-restoration/01_data/0_Workflow/7_Rivers/400/PRR_S34E136.tif
📐 Raster calculator expression:
(((("PRC_S34E136@1" = 0) - ("PRR_S34E136@1" > 0) - ("PRM_S34E136@1" > (60/100))) > 0) + "GMW_S34E136_2020@1" + "LAN_S34E136@1" + "WAT_S34E136@1") > 0
✔ Saved: /p/11211992-tki-mangrove-restoration/01_data/0_Workflow/13_Mask/400/NVA_S34E136.tif
🗑️ Deleted temporal file: /p/11211992-tki-mangrove-restoration/01_data/0_Workflow/13_Mask/400/BIN_S34E136.tif
🗑️ Deleted temporal file: /p/11211992-tki-mangrove-restoration/01_data/0_Workflow/13_Mask/400/FIL_S34E136.tif

>>> Processing tile: N26E049
⚠️ Raster missing for tile N26E049: /p/11211992-tki-mangrove-restoration/01_data/0_Workflow/8_Coastline/400/PRC_N26E049.tif
✅ Created placeholder raster: /p/11211992-tki-mangrove-restoration/01_data/0_Workflow/8_Coastline/400/PRC_N26E049.tif
⚠️ Raster missing for tile N26E049: /p/11211992-tki-mangrove-restoration/01_data/0_Workflow/7_Rivers/400/PRR_N26E049.tif
✅ Created placeholder raster: /p/11211992-tki-mangrove-restoration/01_data/0_Workflow/7_Rivers/400/PRR_N26E049.tif
📐 Raster calculator expression:
(((("PRC_N26E049@1" = 0) - ("PRR_N26E049@1" > 0) - ("PRM_N26E049@1" > (60/100))) > 0) + "GMW_N26E049_2020@1" + "LAN_N26E049@1" + "WAT_N26E049@1") > 0
✔ Saved: /p/11211992-tki-mangrove-restoration/01_data/0_Workflow/13_Mask/400/NVA_N26E049.tif
🗑️ Deleted temporal file: /p/11211992-tki-mangrove-restoration/01_data/0_Workflow/13_Mask/400/BIN_N26E049.tif
🗑️ Deleted temporal file: /p/11211992-tki-mangrove-restoration/01_data/0_Workflow/13_Mask/400/FIL_N26E049.tif

>>> Processing tile: N11W015
⚠️ Raster missing for tile N11W015: /p/11211992-tki-mangrove-restoration/01_data/0_Workflow/8_Coastline/400/PRC_N11W015.tif
✅ Created placeholder raster: /p/11211992-tki-mangrove-restoration/01_data/0_Workflow/8_Coastline/400/PRC_N11W015.tif
⚠️ Raster missing for tile N11W015: /p/11211992-tki-mangrove-restoration/01_data/0_Workflow/7_Rivers/400/PRR_N11W015.tif
✅ Created placeholder raster: /p/11211992-tki-mangrove-restoration/01_data/0_Workflow/7_Rivers/400/PRR_N11W015.tif
📐 Raster calculator expression:
(((("PRC_N11W015@1" = 0) - ("PRR_N11W015@1" > 0) - ("PRM_N11W015@1" > (60/100))) > 0) + "GMW_N11W015_2020@1" + "LAN_N11W015@1" + "WAT_N11W015@1") > 0
✔ Saved: /p/11211992-tki-mangrove-restoration/01_data/0_Workflow/13_Mask/400/NVA_N11W015.tif
🗑️ Deleted temporal file: /p/11211992-tki-mangrove-restoration/01_data/0_Workflow/13_Mask/400/BIN_N11W015.tif
🗑️ Deleted temporal file: /p/11211992-tki-mangrove-restoration/01_data/0_Workflow/13_Mask/400/FIL_N11W015.tif

>>> Processing tile: S18E178
⚠️ Raster missing for tile S18E178: /p/11211992-tki-mangrove-restoration/01_data/0_Workflow/8_Coastline/400/PRC_S18E178.tif
✅ Created placeholder raster: /p/11211992-tki-mangrove-restoration/01_data/0_Workflow/8_Coastline/400/PRC_S18E178.tif
⚠️ Raster missing for tile S18E178: /p/11211992-tki-mangrove-restoration/01_data/0_Workflow/7_Rivers/400/PRR_S18E178.tif
✅ Created placeholder raster: /p/11211992-tki-mangrove-restoration/01_data/0_Workflow/7_Rivers/400/PRR_S18E178.tif
📐 Raster calculator expression:
(((("PRC_S18E178@1" = 0) - ("PRR_S18E178@1" > 0) - ("PRM_S18E178@1" > (60/100))) > 0) + "GMW_S18E178_2020@1" + "LAN_S18E178@1" + "WAT_S18E178@1") > 0
✔ Saved: /p/11211992-tki-mangrove-restoration/01_data/0_Workflow/13_Mask/400/NVA_S18E178.tif
🗑️ Deleted temporal file: /p/11211992-tki-mangrove-restoration/01_data/0_Workflow/13_Mask/400/BIN_S18E178.tif
🗑️ Deleted temporal file: /p/11211992-tki-mangrove-restoration/01_data/0_Workflow/13_Mask/400/FIL_S18E178.tif

>>> Processing tile: S11E149
⚠️ Raster missing for tile S11E149: /p/11211992-tki-mangrove-restoration/01_data/0_Workflow/8_Coastline/400/PRC_S11E149.tif
✅ Created placeholder raster: /p/11211992-tki-mangrove-restoration/01_data/0_Workflow/8_Coastline/400/PRC_S11E149.tif
⚠️ Raster missing for tile S11E149: /p/11211992-tki-mangrove-restoration/01_data/0_Workflow/7_Rivers/400/PRR_S11E149.tif
✅ Created placeholder raster: /p/11211992-tki-mangrove-restoration/01_data/0_Workflow/7_Rivers/400/PRR_S11E149.tif
📐 Raster calculator expression:
(((("PRC_S11E149@1" = 0) - ("PRR_S11E149@1" > 0) - ("PRM_S11E149@1" > (60/100))) > 0) + "GMW_S11E149_2020@1" + "LAN_S11E149@1" + "WAT_S11E149@1") > 0
✔ Saved: /p/11211992-tki-mangrove-restoration/01_data/0_Workflow/13_Mask/400/NVA_S11E149.tif
🗑️ Deleted temporal file: /p/11211992-tki-mangrove-restoration/01_data/0_Workflow/13_Mask/400/BIN_S11E149.tif
🗑️ Deleted temporal file: /p/11211992-tki-mangrove-restoration/01_data/0_Workflow/13_Mask/400/FIL_S11E149.tif

>>> Processing tile: N09W078
⚠️ Raster missing for tile N09W078: /p/11211992-tki-mangrove-restoration/01_data/0_Workflow/8_Coastline/400/PRC_N09W078.tif
✅ Created placeholder raster: /p/11211992-tki-mangrove-restoration/01_data/0_Workflow/8_Coastline/400/PRC_N09W078.tif
⚠️ Raster missing for tile N09W078: /p/11211992-tki-mangrove-restoration/01_data/0_Workflow/7_Rivers/400/PRR_N09W078.tif
✅ Created placeholder raster: /p/11211992-tki-mangrove-restoration/01_data/0_Workflow/7_Rivers/400/PRR_N09W078.tif
📐 Raster calculator expression:
(((("PRC_N09W078@1" = 0) - ("PRR_N09W078@1" > 0) - ("PRM_N09W078@1" > (60/100))) > 0) + "GMW_N09W078_2020@1" + "LAN_N09W078@1" + "WAT_N09W078@1") > 0
✔ Saved: /p/11211992-tki-mangrove-restoration/01_data/0_Workflow/13_Mask/400/NVA_N09W078.tif
🗑️ Deleted temporal file: /p/11211992-tki-mangrove-restoration/01_data/0_Workflow/13_Mask/400/BIN_N09W078.tif
🗑️ Deleted temporal file: /p/11211992-tki-mangrove-restoration/01_data/0_Workflow/13_Mask/400/FIL_N09W078.tif

>>> Processing tile: N21W079
⚠️ Raster missing for tile N21W079: /p/11211992-tki-mangrove-restoration/01_data/0_Workflow/8_Coastline/400/PRC_N21W079.tif
✅ Created placeholder raster: /p/11211992-tki-mangrove-restoration/01_data/0_Workflow/8_Coastline/400/PRC_N21W079.tif
⚠️ Raster missing for tile N21W079: /p/11211992-tki-mangrove-restoration/01_data/0_Workflow/7_Rivers/400/PRR_N21W079.tif
✅ Created placeholder raster: /p/11211992-tki-mangrove-restoration/01_data/0_Workflow/7_Rivers/400/PRR_N21W079.tif
📐 Raster calculator expression:
(((("PRC_N21W079@1" = 0) - ("PRR_N21W079@1" > 0) - ("PRM_N21W079@1" > (60/100))) > 0) + "GMW_N21W079_2020@1" + "LAN_N21W079@1" + "WAT_N21W079@1") > 0
✔ Saved: /p/11211992-tki-mangrove-restoration/01_data/0_Workflow/13_Mask/400/NVA_N21W079.tif
🗑️ Deleted temporal file: /p/11211992-tki-mangrove-restoration/01_data/0_Workflow/13_Mask/400/BIN_N21W079.tif
🗑️ Deleted temporal file: /p/11211992-tki-mangrove-restoration/01_data/0_Workflow/13_Mask/400/FIL_N21W079.tif

>>> Processing tile: N05E163
⚠️ Raster missing for tile N05E163: /p/11211992-tki-mangrove-restoration/01_data/0_Workflow/8_Coastline/400/PRC_N05E163.tif
✅ Created placeholder raster: /p/11211992-tki-mangrove-restoration/01_data/0_Workflow/8_Coastline/400/PRC_N05E163.tif
⚠️ Raster missing for tile N05E163: /p/11211992-tki-mangrove-restoration/01_data/0_Workflow/7_Rivers/400/PRR_N05E163.tif
✅ Created placeholder raster: /p/11211992-tki-mangrove-restoration/01_data/0_Workflow/7_Rivers/400/PRR_N05E163.tif
📐 Raster calculator expression:
(((("PRC_N05E163@1" = 0) - ("PRR_N05E163@1" > 0) - ("PRM_N05E163@1" > (60/100))) > 0) + "GMW_N05E163_2020@1" + "LAN_N05E163@1" + "WAT_N05E163@1") > 0
✔ Saved: /p/11211992-tki-mangrove-restoration/01_data/0_Workflow/13_Mask/400/NVA_N05E163.tif
🗑️ Deleted temporal file: /p/11211992-tki-mangrove-restoration/01_data/0_Workflow/13_Mask/400/BIN_N05E163.tif
🗑️ Deleted temporal file: /p/11211992-tki-mangrove-restoration/01_data/0_Workflow/13_Mask/400/FIL_N05E163.tif

>>> Processing tile: N13E144
⚠️ Raster missing for tile N13E144: /p/11211992-tki-mangrove-restoration/01_data/0_Workflow/8_Coastline/400/PRC_N13E144.tif
✅ Created placeholder raster: /p/11211992-tki-mangrove-restoration/01_data/0_Workflow/8_Coastline/400/PRC_N13E144.tif
⚠️ Raster missing for tile N13E144: /p/11211992-tki-mangrove-restoration/01_data/0_Workflow/7_Rivers/400/PRR_N13E144.tif
✅ Created placeholder raster: /p/11211992-tki-mangrove-restoration/01_data/0_Workflow/7_Rivers/400/PRR_N13E144.tif
📐 Raster calculator expression:
(((("PRC_N13E144@1" = 0) - ("PRR_N13E144@1" > 0) - ("PRM_N13E144@1" > (60/100))) > 0) + "GMW_N13E144_2020@1" + "LAN_N13E144@1" + "WAT_N13E144@1") > 0
✔ Saved: /p/11211992-tki-mangrove-restoration/01_data/0_Workflow/13_Mask/400/NVA_N13E144.tif
🗑️ Deleted temporal file: /p/11211992-tki-mangrove-restoration/01_data/0_Workflow/13_Mask/400/BIN_N13E144.tif
🗑️ Deleted temporal file: /p/11211992-tki-mangrove-restoration/01_data/0_Workflow/13_Mask/400/FIL_N13E144.tif

>>> Processing tile: N13W082
⚠️ Raster missing for tile N13W082: /p/11211992-tki-mangrove-restoration/01_data/0_Workflow/8_Coastline/400/PRC_N13W082.tif
✅ Created placeholder raster: /p/11211992-tki-mangrove-restoration/01_data/0_Workflow/8_Coastline/400/PRC_N13W082.tif
⚠️ Raster missing for tile N13W082: /p/11211992-tki-mangrove-restoration/01_data/0_Workflow/7_Rivers/400/PRR_N13W082.tif
✅ Created placeholder raster: /p/11211992-tki-mangrove-restoration/01_data/0_Workflow/7_Rivers/400/PRR_N13W082.tif
📐 Raster calculator expression:
(((("PRC_N13W082@1" = 0) - ("PRR_N13W082@1" > 0) - ("PRM_N13W082@1" > (60/100))) > 0) + "GMW_N13W082_2020@1" + "LAN_N13W082@1" + "WAT_N13W082@1") > 0
✔ Saved: /p/11211992-tki-mangrove-restoration/01_data/0_Workflow/13_Mask/400/NVA_N13W082.tif
🗑️ Deleted temporal file: /p/11211992-tki-mangrove-restoration/01_data/0_Workflow/13_Mask/400/BIN_N13W082.tif
🗑️ Deleted temporal file: /p/11211992-tki-mangrove-restoration/01_data/0_Workflow/13_Mask/400/FIL_N13W082.tif

>>> Processing tile: N23W075
⚠️ Raster missing for tile N23W075: /p/11211992-tki-mangrove-restoration/01_data/0_Workflow/8_Coastline/400/PRC_N23W075.tif
✅ Created placeholder raster: /p/11211992-tki-mangrove-restoration/01_data/0_Workflow/8_Coastline/400/PRC_N23W075.tif
⚠️ Raster missing for tile N23W075: /p/11211992-tki-mangrove-restoration/01_data/0_Workflow/7_Rivers/400/PRR_N23W075.tif
✅ Created placeholder raster: /p/11211992-tki-mangrove-restoration/01_data/0_Workflow/7_Rivers/400/PRR_N23W075.tif
📐 Raster calculator expression:
(((("PRC_N23W075@1" = 0) - ("PRR_N23W075@1" > 0) - ("PRM_N23W075@1" > (60/100))) > 0) + "GMW_N23W075_2020@1" + "LAN_N23W075@1" + "WAT_N23W075@1") > 0
✔ Saved: /p/11211992-tki-mangrove-restoration/01_data/0_Workflow/13_Mask/400/NVA_N23W075.tif
🗑️ Deleted temporal file: /p/11211992-tki-mangrove-restoration/01_data/0_Workflow/13_Mask/400/BIN_N23W075.tif
🗑️ Deleted temporal file: /p/11211992-tki-mangrove-restoration/01_data/0_Workflow/13_Mask/400/FIL_N23W075.tif

>>> Processing tile: S09E151
⚠️ Raster missing for tile S09E151: /p/11211992-tki-mangrove-restoration/01_data/0_Workflow/8_Coastline/400/PRC_S09E151.tif
✅ Created placeholder raster: /p/11211992-tki-mangrove-restoration/01_data/0_Workflow/8_Coastline/400/PRC_S09E151.tif
⚠️ Raster missing for tile S09E151: /p/11211992-tki-mangrove-restoration/01_data/0_Workflow/7_Rivers/400/PRR_S09E151.tif
✅ Created placeholder raster: /p/11211992-tki-mangrove-restoration/01_data/0_Workflow/7_Rivers/400/PRR_S09E151.tif
📐 Raster calculator expression:
(((("PRC_S09E151@1" = 0) - ("PRR_S09E151@1" > 0) - ("PRM_S09E151@1" > (60/100))) > 0) + "GMW_S09E151_2020@1" + "LAN_S09E151@1" + "WAT_S09E151@1") > 0
✔ Saved: /p/11211992-tki-mangrove-restoration/01_data/0_Workflow/13_Mask/400/NVA_S09E151.tif
🗑️ Deleted temporal file: /p/11211992-tki-mangrove-restoration/01_data/0_Workflow/13_Mask/400/BIN_S09E151.tif
🗑️ Deleted temporal file: /p/11211992-tki-mangrove-restoration/01_data/0_Workflow/13_Mask/400/FIL_S09E151.tif

>>> Processing tile: N05E162
⚠️ Raster missing for tile N05E162: /p/11211992-tki-mangrove-restoration/01_data/0_Workflow/8_Coastline/400/PRC_N05E162.tif
✅ Created placeholder raster: /p/11211992-tki-mangrove-restoration/01_data/0_Workflow/8_Coastline/400/PRC_N05E162.tif
⚠️ Raster missing for tile N05E162: /p/11211992-tki-mangrove-restoration/01_data/0_Workflow/7_Rivers/400/PRR_N05E162.tif
✅ Created placeholder raster: /p/11211992-tki-mangrove-restoration/01_data/0_Workflow/7_Rivers/400/PRR_N05E162.tif
📐 Raster calculator expression:
(((("PRC_N05E162@1" = 0) - ("PRR_N05E162@1" > 0) - ("PRM_N05E162@1" > (60/100))) > 0) + "GMW_N05E162_2020@1" + "LAN_N05E162@1" + "WAT_N05E162@1") > 0
✔ Saved: /p/11211992-tki-mangrove-restoration/01_data/0_Workflow/13_Mask/400/NVA_N05E162.tif
🗑️ Deleted temporal file: /p/11211992-tki-mangrove-restoration/01_data/0_Workflow/13_Mask/400/BIN_N05E162.tif
🗑️ Deleted temporal file: /p/11211992-tki-mangrove-restoration/01_data/0_Workflow/13_Mask/400/FIL_N05E162.tif

>>> Processing tile: N08E134
⚠️ Raster missing for tile N08E134: /p/11211992-tki-mangrove-restoration/01_data/0_Workflow/8_Coastline/400/PRC_N08E134.tif
✅ Created placeholder raster: /p/11211992-tki-mangrove-restoration/01_data/0_Workflow/8_Coastline/400/PRC_N08E134.tif
⚠️ Raster missing for tile N08E134: /p/11211992-tki-mangrove-restoration/01_data/0_Workflow/7_Rivers/400/PRR_N08E134.tif
✅ Created placeholder raster: /p/11211992-tki-mangrove-restoration/01_data/0_Workflow/7_Rivers/400/PRR_N08E134.tif
📐 Raster calculator expression:
(((("PRC_N08E134@1" = 0) - ("PRR_N08E134@1" > 0) - ("PRM_N08E134@1" > (60/100))) > 0) + "GMW_N08E134_2020@1" + "LAN_N08E134@1" + "WAT_N08E134@1") > 0
✔ Saved: /p/11211992-tki-mangrove-restoration/01_data/0_Workflow/13_Mask/400/NVA_N08E134.tif
🗑️ Deleted temporal file: /p/11211992-tki-mangrove-restoration/01_data/0_Workflow/13_Mask/400/BIN_N08E134.tif
🗑️ Deleted temporal file: /p/11211992-tki-mangrove-restoration/01_data/0_Workflow/13_Mask/400/FIL_N08E134.tif

>>> Processing tile: N08W084
⚠️ Raster missing for tile N08W084: /p/11211992-tki-mangrove-restoration/01_data/0_Workflow/8_Coastline/400/PRC_N08W084.tif
✅ Created placeholder raster: /p/11211992-tki-mangrove-restoration/01_data/0_Workflow/8_Coastline/400/PRC_N08W084.tif
⚠️ Raster missing for tile N08W084: /p/11211992-tki-mangrove-restoration/01_data/0_Workflow/7_Rivers/400/PRR_N08W084.tif
✅ Created placeholder raster: /p/11211992-tki-mangrove-restoration/01_data/0_Workflow/7_Rivers/400/PRR_N08W084.tif
📐 Raster calculator expression:
(((("PRC_N08W084@1" = 0) - ("PRR_N08W084@1" > 0) - ("PRM_N08W084@1" > (60/100))) > 0) + "GMW_N08W084_2020@1" + "LAN_N08W084@1" + "WAT_N08W084@1") > 0
✔ Saved: /p/11211992-tki-mangrove-restoration/01_data/0_Workflow/13_Mask/400/NVA_N08W084.tif
🗑️ Deleted temporal file: /p/11211992-tki-mangrove-restoration/01_data/0_Workflow/13_Mask/400/BIN_N08W084.tif
🗑️ Deleted temporal file: /p/11211992-tki-mangrove-restoration/01_data/0_Workflow/13_Mask/400/FIL_N08W084.tif

>>> Processing tile: S09E150
⚠️ Raster missing for tile S09E150: /p/11211992-tki-mangrove-restoration/01_data/0_Workflow/8_Coastline/400/PRC_S09E150.tif
✅ Created placeholder raster: /p/11211992-tki-mangrove-restoration/01_data/0_Workflow/8_Coastline/400/PRC_S09E150.tif
⚠️ Raster missing for tile S09E150: /p/11211992-tki-mangrove-restoration/01_data/0_Workflow/7_Rivers/400/PRR_S09E150.tif
✅ Created placeholder raster: /p/11211992-tki-mangrove-restoration/01_data/0_Workflow/7_Rivers/400/PRR_S09E150.tif
📐 Raster calculator expression:
(((("PRC_S09E150@1" = 0) - ("PRR_S09E150@1" > 0) - ("PRM_S09E150@1" > (60/100))) > 0) + "GMW_S09E150_2020@1" + "LAN_S09E150@1" + "WAT_S09E150@1") > 0
✔ Saved: /p/11211992-tki-mangrove-restoration/01_data/0_Workflow/13_Mask/400/NVA_S09E150.tif
🗑️ Deleted temporal file: /p/11211992-tki-mangrove-restoration/01_data/0_Workflow/13_Mask/400/BIN_S09E150.tif
🗑️ Deleted temporal file: /p/11211992-tki-mangrove-restoration/01_data/0_Workflow/13_Mask/400/FIL_S09E150.tif

>>> Processing tile: N13W016
⚠️ Raster missing for tile N13W016: /p/11211992-tki-mangrove-restoration/01_data/0_Workflow/8_Coastline/400/PRC_N13W016.tif
✅ Created placeholder raster: /p/11211992-tki-mangrove-restoration/01_data/0_Workflow/8_Coastline/400/PRC_N13W016.tif
⚠️ Raster missing for tile N13W016: /p/11211992-tki-mangrove-restoration/01_data/0_Workflow/7_Rivers/400/PRR_N13W016.tif
✅ Created placeholder raster: /p/11211992-tki-mangrove-restoration/01_data/0_Workflow/7_Rivers/400/PRR_N13W016.tif
📐 Raster calculator expression:
(((("PRC_N13W016@1" = 0) - ("PRR_N13W016@1" > 0) - ("PRM_N13W016@1" > (60/100))) > 0) + "GMW_N13W016_2020@1" + "LAN_N13W016@1" + "WAT_N13W016@1") > 0
✔ Saved: /p/11211992-tki-mangrove-restoration/01_data/0_Workflow/13_Mask/400/NVA_N13W016.tif
🗑️ Deleted temporal file: /p/11211992-tki-mangrove-restoration/01_data/0_Workflow/13_Mask/400/BIN_N13W016.tif
🗑️ Deleted temporal file: /p/11211992-tki-mangrove-restoration/01_data/0_Workflow/13_Mask/400/FIL_N13W016.tif

>>> Processing tile: N06E158
⚠️ Raster missing for tile N06E158: /p/11211992-tki-mangrove-restoration/01_data/0_Workflow/8_Coastline/400/PRC_N06E158.tif
✅ Created placeholder raster: /p/11211992-tki-mangrove-restoration/01_data/0_Workflow/8_Coastline/400/PRC_N06E158.tif
⚠️ Raster missing for tile N06E158: /p/11211992-tki-mangrove-restoration/01_data/0_Workflow/7_Rivers/400/PRR_N06E158.tif
✅ Created placeholder raster: /p/11211992-tki-mangrove-restoration/01_data/0_Workflow/7_Rivers/400/PRR_N06E158.tif
📐 Raster calculator expression:
(((("PRC_N06E158@1" = 0) - ("PRR_N06E158@1" > 0) - ("PRM_N06E158@1" > (60/100))) > 0) + "GMW_N06E158_2020@1" + "LAN_N06E158@1" + "WAT_N06E158@1") > 0
✔ Saved: /p/11211992-tki-mangrove-restoration/01_data/0_Workflow/13_Mask/400/NVA_N06E158.tif
🗑️ Deleted temporal file: /p/11211992-tki-mangrove-restoration/01_data/0_Workflow/13_Mask/400/BIN_N06E158.tif
🗑️ Deleted temporal file: /p/11211992-tki-mangrove-restoration/01_data/0_Workflow/13_Mask/400/FIL_N06E158.tif

>>> Processing tile: S06E039
⚠️ Raster missing for tile S06E039: /p/11211992-tki-mangrove-restoration/01_data/0_Workflow/8_Coastline/400/PRC_S06E039.tif
✅ Created placeholder raster: /p/11211992-tki-mangrove-restoration/01_data/0_Workflow/8_Coastline/400/PRC_S06E039.tif
⚠️ Raster missing for tile S06E039: /p/11211992-tki-mangrove-restoration/01_data/0_Workflow/7_Rivers/400/PRR_S06E039.tif
✅ Created placeholder raster: /p/11211992-tki-mangrove-restoration/01_data/0_Workflow/7_Rivers/400/PRR_S06E039.tif
📐 Raster calculator expression:
(((("PRC_S06E039@1" = 0) - ("PRR_S06E039@1" > 0) - ("PRM_S06E039@1" > (60/100))) > 0) + "GMW_S06E039_2020@1" + "LAN_S06E039@1" + "WAT_S06E039@1") > 0
✔ Saved: /p/11211992-tki-mangrove-restoration/01_data/0_Workflow/13_Mask/400/NVA_S06E039.tif
🗑️ Deleted temporal file: /p/11211992-tki-mangrove-restoration/01_data/0_Workflow/13_Mask/400/BIN_S06E039.tif
🗑️ Deleted temporal file: /p/11211992-tki-mangrove-restoration/01_data/0_Workflow/13_Mask/400/FIL_S06E039.tif

>>> Processing tile: S39E144
⚠️ Raster missing for tile S39E144: /p/11211992-tki-mangrove-restoration/01_data/0_Workflow/8_Coastline/400/PRC_S39E144.tif
✅ Created placeholder raster: /p/11211992-tki-mangrove-restoration/01_data/0_Workflow/8_Coastline/400/PRC_S39E144.tif
⚠️ Raster missing for tile S39E144: /p/11211992-tki-mangrove-restoration/01_data/0_Workflow/7_Rivers/400/PRR_S39E144.tif
✅ Created placeholder raster: /p/11211992-tki-mangrove-restoration/01_data/0_Workflow/7_Rivers/400/PRR_S39E144.tif
📐 Raster calculator expression:
(((("PRC_S39E144@1" = 0) - ("PRR_S39E144@1" > 0) - ("PRM_S39E144@1" > (60/100))) > 0) + "GMW_S39E144_2020@1" + "LAN_S39E144@1" + "WAT_S39E144@1") > 0
✔ Saved: /p/11211992-tki-mangrove-restoration/01_data/0_Workflow/13_Mask/400/NVA_S39E144.tif
🗑️ Deleted temporal file: /p/11211992-tki-mangrove-restoration/01_data/0_Workflow/13_Mask/400/BIN_S39E144.tif
🗑️ Deleted temporal file: /p/11211992-tki-mangrove-restoration/01_data/0_Workflow/13_Mask/400/FIL_S39E144.tif

>>> Processing tile: N13W060
⚠️ Raster missing for tile N13W060: /p/11211992-tki-mangrove-restoration/01_data/0_Workflow/8_Coastline/400/PRC_N13W060.tif
✅ Created placeholder raster: /p/11211992-tki-mangrove-restoration/01_data/0_Workflow/8_Coastline/400/PRC_N13W060.tif
⚠️ Raster missing for tile N13W060: /p/11211992-tki-mangrove-restoration/01_data/0_Workflow/7_Rivers/400/PRR_N13W060.tif
✅ Created placeholder raster: /p/11211992-tki-mangrove-restoration/01_data/0_Workflow/7_Rivers/400/PRR_N13W060.tif
📐 Raster calculator expression:
(((("PRC_N13W060@1" = 0) - ("PRR_N13W060@1" > 0) - ("PRM_N13W060@1" > (60/100))) > 0) + "GMW_N13W060_2020@1" + "LAN_N13W060@1" + "WAT_N13W060@1") > 0
✔ Saved: /p/11211992-tki-mangrove-restoration/01_data/0_Workflow/13_Mask/400/NVA_N13W060.tif
🗑️ Deleted temporal file: /p/11211992-tki-mangrove-restoration/01_data/0_Workflow/13_Mask/400/BIN_N13W060.tif
🗑️ Deleted temporal file: /p/11211992-tki-mangrove-restoration/01_data/0_Workflow/13_Mask/400/FIL_N13W060.tif

>>> Processing tile: N13W017
⚠️ Raster missing for tile N13W017: /p/11211992-tki-mangrove-restoration/01_data/0_Workflow/8_Coastline/400/PRC_N13W017.tif
✅ Created placeholder raster: /p/11211992-tki-mangrove-restoration/01_data/0_Workflow/8_Coastline/400/PRC_N13W017.tif
⚠️ Raster missing for tile N13W017: /p/11211992-tki-mangrove-restoration/01_data/0_Workflow/7_Rivers/400/PRR_N13W017.tif
✅ Created placeholder raster: /p/11211992-tki-mangrove-restoration/01_data/0_Workflow/7_Rivers/400/PRR_N13W017.tif
📐 Raster calculator expression:
(((("PRC_N13W017@1" = 0) - ("PRR_N13W017@1" > 0) - ("PRM_N13W017@1" > (60/100))) > 0) + "GMW_N13W017_2020@1" + "LAN_N13W017@1" + "WAT_N13W017@1") > 0
✔ Saved: /p/11211992-tki-mangrove-restoration/01_data/0_Workflow/13_Mask/400/NVA_N13W017.tif
🗑️ Deleted temporal file: /p/11211992-tki-mangrove-restoration/01_data/0_Workflow/13_Mask/400/BIN_N13W017.tif
🗑️ Deleted temporal file: /p/11211992-tki-mangrove-restoration/01_data/0_Workflow/13_Mask/400/FIL_N13W017.tif

>>> Processing tile: S06E038
⚠️ Raster missing for tile S06E038: /p/11211992-tki-mangrove-restoration/01_data/0_Workflow/8_Coastline/400/PRC_S06E038.tif
✅ Created placeholder raster: /p/11211992-tki-mangrove-restoration/01_data/0_Workflow/8_Coastline/400/PRC_S06E038.tif
⚠️ Raster missing for tile S06E038: /p/11211992-tki-mangrove-restoration/01_data/0_Workflow/7_Rivers/400/PRR_S06E038.tif
✅ Created placeholder raster: /p/11211992-tki-mangrove-restoration/01_data/0_Workflow/7_Rivers/400/PRR_S06E038.tif
📐 Raster calculator expression:
(((("PRC_S06E038@1" = 0) - ("PRR_S06E038@1" > 0) - ("PRM_S06E038@1" > (60/100))) > 0) + "GMW_S06E038_2020@1" + "LAN_S06E038@1" + "WAT_S06E038@1") > 0
✔ Saved: /p/11211992-tki-mangrove-restoration/01_data/0_Workflow/13_Mask/400/NVA_S06E038.tif
🗑️ Deleted temporal file: /p/11211992-tki-mangrove-restoration/01_data/0_Workflow/13_Mask/400/BIN_S06E038.tif
🗑️ Deleted temporal file: /p/11211992-tki-mangrove-restoration/01_data/0_Workflow/13_Mask/400/FIL_S06E038.tif

>>> Processing tile: N13W061
⚠️ Raster missing for tile N13W061: /p/11211992-tki-mangrove-restoration/01_data/0_Workflow/8_Coastline/400/PRC_N13W061.tif
✅ Created placeholder raster: /p/11211992-tki-mangrove-restoration/01_data/0_Workflow/8_Coastline/400/PRC_N13W061.tif
⚠️ Raster missing for tile N13W061: /p/11211992-tki-mangrove-restoration/01_data/0_Workflow/7_Rivers/400/PRR_N13W061.tif
✅ Created placeholder raster: /p/11211992-tki-mangrove-restoration/01_data/0_Workflow/7_Rivers/400/PRR_N13W061.tif
📐 Raster calculator expression:
(((("PRC_N13W061@1" = 0) - ("PRR_N13W061@1" > 0) - ("PRM_N13W061@1" > (60/100))) > 0) + "GMW_N13W061_2020@1" + "LAN_N13W061@1" + "WAT_N13W061@1") > 0
✔ Saved: /p/11211992-tki-mangrove-restoration/01_data/0_Workflow/13_Mask/400/NVA_N13W061.tif
🗑️ Deleted temporal file: /p/11211992-tki-mangrove-restoration/01_data/0_Workflow/13_Mask/400/BIN_N13W061.tif
🗑️ Deleted temporal file: /p/11211992-tki-mangrove-restoration/01_data/0_Workflow/13_Mask/400/FIL_N13W061.tif

>>> Processing tile: S39E145
⚠️ Raster missing for tile S39E145: /p/11211992-tki-mangrove-restoration/01_data/0_Workflow/8_Coastline/400/PRC_S39E145.tif
✅ Created placeholder raster: /p/11211992-tki-mangrove-restoration/01_data/0_Workflow/8_Coastline/400/PRC_S39E145.tif
⚠️ Raster missing for tile S39E145: /p/11211992-tki-mangrove-restoration/01_data/0_Workflow/7_Rivers/400/PRR_S39E145.tif
✅ Created placeholder raster: /p/11211992-tki-mangrove-restoration/01_data/0_Workflow/7_Rivers/400/PRR_S39E145.tif
📐 Raster calculator expression:
(((("PRC_S39E145@1" = 0) - ("PRR_S39E145@1" > 0) - ("PRM_S39E145@1" > (60/100))) > 0) + "GMW_S39E145_2020@1" + "LAN_S39E145@1" + "WAT_S39E145@1") > 0
✔ Saved: /p/11211992-tki-mangrove-restoration/01_data/0_Workflow/13_Mask/400/NVA_S39E145.tif
🗑️ Deleted temporal file: /p/11211992-tki-mangrove-restoration/01_data/0_Workflow/13_Mask/400/BIN_S39E145.tif
🗑️ Deleted temporal file: /p/11211992-tki-mangrove-restoration/01_data/0_Workflow/13_Mask/400/FIL_S39E145.tif

>>> Processing tile: S14E130
⚠️ Raster missing for tile S14E130: /p/11211992-tki-mangrove-restoration/01_data/0_Workflow/8_Coastline/400/PRC_S14E130.tif
✅ Created placeholder raster: /p/11211992-tki-mangrove-restoration/01_data/0_Workflow/8_Coastline/400/PRC_S14E130.tif
⚠️ Raster missing for tile S14E130: /p/11211992-tki-mangrove-restoration/01_data/0_Workflow/7_Rivers/400/PRR_S14E130.tif
✅ Created placeholder raster: /p/11211992-tki-mangrove-restoration/01_data/0_Workflow/7_Rivers/400/PRR_S14E130.tif
📐 Raster calculator expression:
(((("PRC_S14E130@1" = 0) - ("PRR_S14E130@1" > 0) - ("PRM_S14E130@1" > (60/100))) > 0) + "GMW_S14E130_2020@1" + "LAN_S14E130@1" + "WAT_S14E130@1") > 0
✔ Saved: /p/11211992-tki-mangrove-restoration/01_data/0_Workflow/13_Mask/400/NVA_S14E130.tif
🗑️ Deleted temporal file: /p/11211992-tki-mangrove-restoration/01_data/0_Workflow/13_Mask/400/BIN_S14E130.tif
🗑️ Deleted temporal file: /p/11211992-tki-mangrove-restoration/01_data/0_Workflow/13_Mask/400/FIL_S14E130.tif

>>> Processing tile: N28W083
⚠️ Raster missing for tile N28W083: /p/11211992-tki-mangrove-restoration/01_data/0_Workflow/8_Coastline/400/PRC_N28W083.tif
✅ Created placeholder raster: /p/11211992-tki-mangrove-restoration/01_data/0_Workflow/8_Coastline/400/PRC_N28W083.tif
⚠️ Raster missing for tile N28W083: /p/11211992-tki-mangrove-restoration/01_data/0_Workflow/7_Rivers/400/PRR_N28W083.tif
✅ Created placeholder raster: /p/11211992-tki-mangrove-restoration/01_data/0_Workflow/7_Rivers/400/PRR_N28W083.tif
📐 Raster calculator expression:
(((("PRC_N28W083@1" = 0) - ("PRR_N28W083@1" > 0) - ("PRM_N28W083@1" > (60/100))) > 0) + "GMW_N28W083_2020@1" + "LAN_N28W083@1" + "WAT_N28W083@1") > 0
✔ Saved: /p/11211992-tki-mangrove-restoration/01_data/0_Workflow/13_Mask/400/NVA_N28W083.tif
🗑️ Deleted temporal file: /p/11211992-tki-mangrove-restoration/01_data/0_Workflow/13_Mask/400/BIN_N28W083.tif
🗑️ Deleted temporal file: /p/11211992-tki-mangrove-restoration/01_data/0_Workflow/13_Mask/400/FIL_N28W083.tif

>>> Processing tile: S34E138
⚠️ Raster missing for tile S34E138: /p/11211992-tki-mangrove-restoration/01_data/0_Workflow/8_Coastline/400/PRC_S34E138.tif
✅ Created placeholder raster: /p/11211992-tki-mangrove-restoration/01_data/0_Workflow/8_Coastline/400/PRC_S34E138.tif
⚠️ Raster missing for tile S34E138: /p/11211992-tki-mangrove-restoration/01_data/0_Workflow/7_Rivers/400/PRR_S34E138.tif
✅ Created placeholder raster: /p/11211992-tki-mangrove-restoration/01_data/0_Workflow/7_Rivers/400/PRR_S34E138.tif
📐 Raster calculator expression:
(((("PRC_S34E138@1" = 0) - ("PRR_S34E138@1" > 0) - ("PRM_S34E138@1" > (60/100))) > 0) + "GMW_S34E138_2020@1" + "LAN_S34E138@1" + "WAT_S34E138@1") > 0
✔ Saved: /p/11211992-tki-mangrove-restoration/01_data/0_Workflow/13_Mask/400/NVA_S34E138.tif
🗑️ Deleted temporal file: /p/11211992-tki-mangrove-restoration/01_data/0_Workflow/13_Mask/400/BIN_S34E138.tif
🗑️ Deleted temporal file: /p/11211992-tki-mangrove-restoration/01_data/0_Workflow/13_Mask/400/FIL_S34E138.tif

>>> Processing tile: S18E176
⚠️ Raster missing for tile S18E176: /p/11211992-tki-mangrove-restoration/01_data/0_Workflow/8_Coastline/400/PRC_S18E176.tif
✅ Created placeholder raster: /p/11211992-tki-mangrove-restoration/01_data/0_Workflow/8_Coastline/400/PRC_S18E176.tif
⚠️ Raster missing for tile S18E176: /p/11211992-tki-mangrove-restoration/01_data/0_Workflow/7_Rivers/400/PRR_S18E176.tif
✅ Created placeholder raster: /p/11211992-tki-mangrove-restoration/01_data/0_Workflow/7_Rivers/400/PRR_S18E176.tif
📐 Raster calculator expression:
(((("PRC_S18E176@1" = 0) - ("PRR_S18E176@1" > 0) - ("PRM_S18E176@1" > (60/100))) > 0) + "GMW_S18E176_2020@1" + "LAN_S18E176@1" + "WAT_S18E176@1") > 0
✔ Saved: /p/11211992-tki-mangrove-restoration/01_data/0_Workflow/13_Mask/400/NVA_S18E176.tif
🗑️ Deleted temporal file: /p/11211992-tki-mangrove-restoration/01_data/0_Workflow/13_Mask/400/BIN_S18E176.tif
🗑️ Deleted temporal file: /p/11211992-tki-mangrove-restoration/01_data/0_Workflow/13_Mask/400/FIL_S18E176.tif

>>> Processing tile: N26E127
⚠️ Raster missing for tile N26E127: /p/11211992-tki-mangrove-restoration/01_data/0_Workflow/8_Coastline/400/PRC_N26E127.tif
✅ Created placeholder raster: /p/11211992-tki-mangrove-restoration/01_data/0_Workflow/8_Coastline/400/PRC_N26E127.tif
⚠️ Raster missing for tile N26E127: /p/11211992-tki-mangrove-restoration/01_data/0_Workflow/7_Rivers/400/PRR_N26E127.tif
✅ Created placeholder raster: /p/11211992-tki-mangrove-restoration/01_data/0_Workflow/7_Rivers/400/PRR_N26E127.tif
📐 Raster calculator expression:
(((("PRC_N26E127@1" = 0) - ("PRR_N26E127@1" > 0) - ("PRM_N26E127@1" > (60/100))) > 0) + "GMW_N26E127_2020@1" + "LAN_N26E127@1" + "WAT_N26E127@1") > 0
✔ Saved: /p/11211992-tki-mangrove-restoration/01_data/0_Workflow/13_Mask/400/NVA_N26E127.tif
🗑️ Deleted temporal file: /p/11211992-tki-mangrove-restoration/01_data/0_Workflow/13_Mask/400/BIN_N26E127.tif
🗑️ Deleted temporal file: /p/11211992-tki-mangrove-restoration/01_data/0_Workflow/13_Mask/400/FIL_N26E127.tif

>>> Processing tile: S11E147
⚠️ Raster missing for tile S11E147: /p/11211992-tki-mangrove-restoration/01_data/0_Workflow/8_Coastline/400/PRC_S11E147.tif
✅ Created placeholder raster: /p/11211992-tki-mangrove-restoration/01_data/0_Workflow/8_Coastline/400/PRC_S11E147.tif
⚠️ Raster missing for tile S11E147: /p/11211992-tki-mangrove-restoration/01_data/0_Workflow/7_Rivers/400/PRR_S11E147.tif
✅ Created placeholder raster: /p/11211992-tki-mangrove-restoration/01_data/0_Workflow/7_Rivers/400/PRR_S11E147.tif
📐 Raster calculator expression:
(((("PRC_S11E147@1" = 0) - ("PRR_S11E147@1" > 0) - ("PRM_S11E147@1" > (60/100))) > 0) + "GMW_S11E147_2020@1" + "LAN_S11E147@1" + "WAT_S11E147@1") > 0
✔ Saved: /p/11211992-tki-mangrove-restoration/01_data/0_Workflow/13_Mask/400/NVA_S11E147.tif
🗑️ Deleted temporal file: /p/11211992-tki-mangrove-restoration/01_data/0_Workflow/13_Mask/400/BIN_S11E147.tif
🗑️ Deleted temporal file: /p/11211992-tki-mangrove-restoration/01_data/0_Workflow/13_Mask/400/FIL_S11E147.tif

>>> Processing tile: S17E039
⚠️ Raster missing for tile S17E039: /p/11211992-tki-mangrove-restoration/01_data/0_Workflow/8_Coastline/400/PRC_S17E039.tif
✅ Created placeholder raster: /p/11211992-tki-mangrove-restoration/01_data/0_Workflow/8_Coastline/400/PRC_S17E039.tif
⚠️ Raster missing for tile S17E039: /p/11211992-tki-mangrove-restoration/01_data/0_Workflow/7_Rivers/400/PRR_S17E039.tif
✅ Created placeholder raster: /p/11211992-tki-mangrove-restoration/01_data/0_Workflow/7_Rivers/400/PRR_S17E039.tif
📐 Raster calculator expression:
(((("PRC_S17E039@1" = 0) - ("PRR_S17E039@1" > 0) - ("PRM_S17E039@1" > (60/100))) > 0) + "GMW_S17E039_2020@1" + "LAN_S17E039@1" + "WAT_S17E039@1") > 0
✔ Saved: /p/11211992-tki-mangrove-restoration/01_data/0_Workflow/13_Mask/400/NVA_S17E039.tif
🗑️ Deleted temporal file: /p/11211992-tki-mangrove-restoration/01_data/0_Workflow/13_Mask/400/BIN_S17E039.tif
🗑️ Deleted temporal file: /p/11211992-tki-mangrove-restoration/01_data/0_Workflow/13_Mask/400/FIL_S17E039.tif

>>> Processing tile: N18W074
⚠️ Raster missing for tile N18W074: /p/11211992-tki-mangrove-restoration/01_data/0_Workflow/8_Coastline/400/PRC_N18W074.tif
✅ Created placeholder raster: /p/11211992-tki-mangrove-restoration/01_data/0_Workflow/8_Coastline/400/PRC_N18W074.tif
⚠️ Raster missing for tile N18W074: /p/11211992-tki-mangrove-restoration/01_data/0_Workflow/7_Rivers/400/PRR_N18W074.tif
✅ Created placeholder raster: /p/11211992-tki-mangrove-restoration/01_data/0_Workflow/7_Rivers/400/PRR_N18W074.tif
📐 Raster calculator expression:
(((("PRC_N18W074@1" = 0) - ("PRR_N18W074@1" > 0) - ("PRM_N18W074@1" > (60/100))) > 0) + "GMW_N18W074_2020@1" + "LAN_N18W074@1" + "WAT_N18W074@1") > 0
✔ Saved: /p/11211992-tki-mangrove-restoration/01_data/0_Workflow/13_Mask/400/NVA_N18W074.tif
🗑️ Deleted temporal file: /p/11211992-tki-mangrove-restoration/01_data/0_Workflow/13_Mask/400/BIN_N18W074.tif
🗑️ Deleted temporal file: /p/11211992-tki-mangrove-restoration/01_data/0_Workflow/13_Mask/400/FIL_N18W074.tif

>>> Processing tile: N11E050
⚠️ Raster missing for tile N11E050: /p/11211992-tki-mangrove-restoration/01_data/0_Workflow/8_Coastline/400/PRC_N11E050.tif
✅ Created placeholder raster: /p/11211992-tki-mangrove-restoration/01_data/0_Workflow/8_Coastline/400/PRC_N11E050.tif
⚠️ Raster missing for tile N11E050: /p/11211992-tki-mangrove-restoration/01_data/0_Workflow/7_Rivers/400/PRR_N11E050.tif
✅ Created placeholder raster: /p/11211992-tki-mangrove-restoration/01_data/0_Workflow/7_Rivers/400/PRR_N11E050.tif
📐 Raster calculator expression:
(((("PRC_N11E050@1" = 0) - ("PRR_N11E050@1" > 0) - ("PRM_N11E050@1" > (60/100))) > 0) + "GMW_N11E050_2020@1" + "LAN_N11E050@1" + "WAT_N11E050@1") > 0
✔ Saved: /p/11211992-tki-mangrove-restoration/01_data/0_Workflow/13_Mask/400/NVA_N11E050.tif
🗑️ Deleted temporal file: /p/11211992-tki-mangrove-restoration/01_data/0_Workflow/13_Mask/400/BIN_N11E050.tif
🗑️ Deleted temporal file: /p/11211992-tki-mangrove-restoration/01_data/0_Workflow/13_Mask/400/FIL_N11E050.tif

>>> Processing tile: N21W077
⚠️ Raster missing for tile N21W077: /p/11211992-tki-mangrove-restoration/01_data/0_Workflow/8_Coastline/400/PRC_N21W077.tif
✅ Created placeholder raster: /p/11211992-tki-mangrove-restoration/01_data/0_Workflow/8_Coastline/400/PRC_N21W077.tif
⚠️ Raster missing for tile N21W077: /p/11211992-tki-mangrove-restoration/01_data/0_Workflow/7_Rivers/400/PRR_N21W077.tif
✅ Created placeholder raster: /p/11211992-tki-mangrove-restoration/01_data/0_Workflow/7_Rivers/400/PRR_N21W077.tif
📐 Raster calculator expression:
(((("PRC_N21W077@1" = 0) - ("PRR_N21W077@1" > 0) - ("PRM_N21W077@1" > (60/100))) > 0) + "GMW_N21W077_2020@1" + "LAN_N21W077@1" + "WAT_N21W077@1") > 0
✔ Saved: /p/11211992-tki-mangrove-restoration/01_data/0_Workflow/13_Mask/400/NVA_N21W077.tif
🗑️ Deleted temporal file: /p/11211992-tki-mangrove-restoration/01_data/0_Workflow/13_Mask/400/BIN_N21W077.tif
🗑️ Deleted temporal file: /p/11211992-tki-mangrove-restoration/01_data/0_Workflow/13_Mask/400/FIL_N21W077.tif

>>> Processing tile: S18E177
⚠️ Raster missing for tile S18E177: /p/11211992-tki-mangrove-restoration/01_data/0_Workflow/8_Coastline/400/PRC_S18E177.tif
✅ Created placeholder raster: /p/11211992-tki-mangrove-restoration/01_data/0_Workflow/8_Coastline/400/PRC_S18E177.tif
⚠️ Raster missing for tile S18E177: /p/11211992-tki-mangrove-restoration/01_data/0_Workflow/7_Rivers/400/PRR_S18E177.tif
✅ Created placeholder raster: /p/11211992-tki-mangrove-restoration/01_data/0_Workflow/7_Rivers/400/PRR_S18E177.tif
📐 Raster calculator expression:
(((("PRC_S18E177@1" = 0) - ("PRR_S18E177@1" > 0) - ("PRM_S18E177@1" > (60/100))) > 0) + "GMW_S18E177_2020@1" + "LAN_S18E177@1" + "WAT_S18E177@1") > 0
✔ Saved: /p/11211992-tki-mangrove-restoration/01_data/0_Workflow/13_Mask/400/NVA_S18E177.tif
🗑️ Deleted temporal file: /p/11211992-tki-mangrove-restoration/01_data/0_Workflow/13_Mask/400/BIN_S18E177.tif
🗑️ Deleted temporal file: /p/11211992-tki-mangrove-restoration/01_data/0_Workflow/13_Mask/400/FIL_S18E177.tif

>>> Processing tile: N21W160
⚠️ Raster missing for tile N21W160: /p/11211992-tki-mangrove-restoration/01_data/0_Workflow/8_Coastline/400/PRC_N21W160.tif
✅ Created placeholder raster: /p/11211992-tki-mangrove-restoration/01_data/0_Workflow/8_Coastline/400/PRC_N21W160.tif
⚠️ Raster missing for tile N21W160: /p/11211992-tki-mangrove-restoration/01_data/0_Workflow/7_Rivers/400/PRR_N21W160.tif
✅ Created placeholder raster: /p/11211992-tki-mangrove-restoration/01_data/0_Workflow/7_Rivers/400/PRR_N21W160.tif
📐 Raster calculator expression:
(((("PRC_N21W160@1" = 0) - ("PRR_N21W160@1" > 0) - ("PRM_N21W160@1" > (60/100))) > 0) + "GMW_N21W160_2020@1" + "LAN_N21W160@1" + "WAT_N21W160@1") > 0
✔ Saved: /p/11211992-tki-mangrove-restoration/01_data/0_Workflow/13_Mask/400/NVA_N21W160.tif
🗑️ Deleted temporal file: /p/11211992-tki-mangrove-restoration/01_data/0_Workflow/13_Mask/400/BIN_N21W160.tif
🗑️ Deleted temporal file: /p/11211992-tki-mangrove-restoration/01_data/0_Workflow/13_Mask/400/FIL_N21W160.tif

>>> Processing tile: N18W075
⚠️ Raster missing for tile N18W075: /p/11211992-tki-mangrove-restoration/01_data/0_Workflow/8_Coastline/400/PRC_N18W075.tif
✅ Created placeholder raster: /p/11211992-tki-mangrove-restoration/01_data/0_Workflow/8_Coastline/400/PRC_N18W075.tif
⚠️ Raster missing for tile N18W075: /p/11211992-tki-mangrove-restoration/01_data/0_Workflow/7_Rivers/400/PRR_N18W075.tif
✅ Created placeholder raster: /p/11211992-tki-mangrove-restoration/01_data/0_Workflow/7_Rivers/400/PRR_N18W075.tif
📐 Raster calculator expression:
(((("PRC_N18W075@1" = 0) - ("PRR_N18W075@1" > 0) - ("PRM_N18W075@1" > (60/100))) > 0) + "GMW_N18W075_2020@1" + "LAN_N18W075@1" + "WAT_N18W075@1") > 0
✔ Saved: /p/11211992-tki-mangrove-restoration/01_data/0_Workflow/13_Mask/400/NVA_N18W075.tif
🗑️ Deleted temporal file: /p/11211992-tki-mangrove-restoration/01_data/0_Workflow/13_Mask/400/BIN_N18W075.tif
🗑️ Deleted temporal file: /p/11211992-tki-mangrove-restoration/01_data/0_Workflow/13_Mask/400/FIL_N18W075.tif

>>> Processing tile: N11E051
⚠️ Raster missing for tile N11E051: /p/11211992-tki-mangrove-restoration/01_data/0_Workflow/8_Coastline/400/PRC_N11E051.tif
✅ Created placeholder raster: /p/11211992-tki-mangrove-restoration/01_data/0_Workflow/8_Coastline/400/PRC_N11E051.tif
⚠️ Raster missing for tile N11E051: /p/11211992-tki-mangrove-restoration/01_data/0_Workflow/7_Rivers/400/PRR_N11E051.tif
✅ Created placeholder raster: /p/11211992-tki-mangrove-restoration/01_data/0_Workflow/7_Rivers/400/PRR_N11E051.tif
📐 Raster calculator expression:
(((("PRC_N11E051@1" = 0) - ("PRR_N11E051@1" > 0) - ("PRM_N11E051@1" > (60/100))) > 0) + "GMW_N11E051_2020@1" + "LAN_N11E051@1" + "WAT_N11E051@1") > 0
✔ Saved: /p/11211992-tki-mangrove-restoration/01_data/0_Workflow/13_Mask/400/NVA_N11E051.tif
🗑️ Deleted temporal file: /p/11211992-tki-mangrove-restoration/01_data/0_Workflow/13_Mask/400/BIN_N11E051.tif
🗑️ Deleted temporal file: /p/11211992-tki-mangrove-restoration/01_data/0_Workflow/13_Mask/400/FIL_N11E051.tif

>>> Processing tile: N16W017
⚠️ Raster missing for tile N16W017: /p/11211992-tki-mangrove-restoration/01_data/0_Workflow/8_Coastline/400/PRC_N16W017.tif
✅ Created placeholder raster: /p/11211992-tki-mangrove-restoration/01_data/0_Workflow/8_Coastline/400/PRC_N16W017.tif
⚠️ Raster missing for tile N16W017: /p/11211992-tki-mangrove-restoration/01_data/0_Workflow/7_Rivers/400/PRR_N16W017.tif
✅ Created placeholder raster: /p/11211992-tki-mangrove-restoration/01_data/0_Workflow/7_Rivers/400/PRR_N16W017.tif
📐 Raster calculator expression:
(((("PRC_N16W017@1" = 0) - ("PRR_N16W017@1" > 0) - ("PRM_N16W017@1" > (60/100))) > 0) + "GMW_N16W017_2020@1" + "LAN_N16W017@1" + "WAT_N16W017@1") > 0
✔ Saved: /p/11211992-tki-mangrove-restoration/01_data/0_Workflow/13_Mask/400/NVA_N16W017.tif
🗑️ Deleted temporal file: /p/11211992-tki-mangrove-restoration/01_data/0_Workflow/13_Mask/400/BIN_N16W017.tif
🗑️ Deleted temporal file: /p/11211992-tki-mangrove-restoration/01_data/0_Workflow/13_Mask/400/FIL_N16W017.tif

>>> Processing tile: S17E038
⚠️ Raster missing for tile S17E038: /p/11211992-tki-mangrove-restoration/01_data/0_Workflow/8_Coastline/400/PRC_S17E038.tif
✅ Created placeholder raster: /p/11211992-tki-mangrove-restoration/01_data/0_Workflow/8_Coastline/400/PRC_S17E038.tif
⚠️ Raster missing for tile S17E038: /p/11211992-tki-mangrove-restoration/01_data/0_Workflow/7_Rivers/400/PRR_S17E038.tif
✅ Created placeholder raster: /p/11211992-tki-mangrove-restoration/01_data/0_Workflow/7_Rivers/400/PRR_S17E038.tif
📐 Raster calculator expression:
(((("PRC_S17E038@1" = 0) - ("PRR_S17E038@1" > 0) - ("PRM_S17E038@1" > (60/100))) > 0) + "GMW_S17E038_2020@1" + "LAN_S17E038@1" + "WAT_S17E038@1") > 0
✔ Saved: /p/11211992-tki-mangrove-restoration/01_data/0_Workflow/13_Mask/400/NVA_S17E038.tif
🗑️ Deleted temporal file: /p/11211992-tki-mangrove-restoration/01_data/0_Workflow/13_Mask/400/BIN_S17E038.tif
🗑️ Deleted temporal file: /p/11211992-tki-mangrove-restoration/01_data/0_Workflow/13_Mask/400/FIL_S17E038.tif

>>> Processing tile: S25E113
⚠️ Raster missing for tile S25E113: /p/11211992-tki-mangrove-restoration/01_data/0_Workflow/8_Coastline/400/PRC_S25E113.tif
✅ Created placeholder raster: /p/11211992-tki-mangrove-restoration/01_data/0_Workflow/8_Coastline/400/PRC_S25E113.tif
⚠️ Raster missing for tile S25E113: /p/11211992-tki-mangrove-restoration/01_data/0_Workflow/7_Rivers/400/PRR_S25E113.tif
✅ Created placeholder raster: /p/11211992-tki-mangrove-restoration/01_data/0_Workflow/7_Rivers/400/PRR_S25E113.tif
📐 Raster calculator expression:
(((("PRC_S25E113@1" = 0) - ("PRR_S25E113@1" > 0) - ("PRM_S25E113@1" > (60/100))) > 0) + "GMW_S25E113_2020@1" + "LAN_S25E113@1" + "WAT_S25E113@1") > 0
✔ Saved: /p/11211992-tki-mangrove-restoration/01_data/0_Workflow/13_Mask/400/NVA_S25E113.tif
🗑️ Deleted temporal file: /p/11211992-tki-mangrove-restoration/01_data/0_Workflow/13_Mask/400/BIN_S25E113.tif
🗑️ Deleted temporal file: /p/11211992-tki-mangrove-restoration/01_data/0_Workflow/13_Mask/400/FIL_S25E113.tif

>>> Processing tile: N21W076
⚠️ Raster missing for tile N21W076: /p/11211992-tki-mangrove-restoration/01_data/0_Workflow/8_Coastline/400/PRC_N21W076.tif
✅ Created placeholder raster: /p/11211992-tki-mangrove-restoration/01_data/0_Workflow/8_Coastline/400/PRC_N21W076.tif
⚠️ Raster missing for tile N21W076: /p/11211992-tki-mangrove-restoration/01_data/0_Workflow/7_Rivers/400/PRR_N21W076.tif
✅ Created placeholder raster: /p/11211992-tki-mangrove-restoration/01_data/0_Workflow/7_Rivers/400/PRR_N21W076.tif
📐 Raster calculator expression:
(((("PRC_N21W076@1" = 0) - ("PRR_N21W076@1" > 0) - ("PRM_N21W076@1" > (60/100))) > 0) + "GMW_N21W076_2020@1" + "LAN_N21W076@1" + "WAT_N21W076@1") > 0
✔ Saved: /p/11211992-tki-mangrove-restoration/01_data/0_Workflow/13_Mask/400/NVA_N21W076.tif
🗑️ Deleted temporal file: /p/11211992-tki-mangrove-restoration/01_data/0_Workflow/13_Mask/400/BIN_N21W076.tif
🗑️ Deleted temporal file: /p/11211992-tki-mangrove-restoration/01_data/0_Workflow/13_Mask/400/FIL_N21W076.tif

>>> Processing tile: N18W072
⚠️ Raster missing for tile N18W072: /p/11211992-tki-mangrove-restoration/01_data/0_Workflow/8_Coastline/400/PRC_N18W072.tif
✅ Created placeholder raster: /p/11211992-tki-mangrove-restoration/01_data/0_Workflow/8_Coastline/400/PRC_N18W072.tif
⚠️ Raster missing for tile N18W072: /p/11211992-tki-mangrove-restoration/01_data/0_Workflow/7_Rivers/400/PRR_N18W072.tif
✅ Created placeholder raster: /p/11211992-tki-mangrove-restoration/01_data/0_Workflow/7_Rivers/400/PRR_N18W072.tif
📐 Raster calculator expression:
(((("PRC_N18W072@1" = 0) - ("PRR_N18W072@1" > 0) - ("PRM_N18W072@1" > (60/100))) > 0) + "GMW_N18W072_2020@1" + "LAN_N18W072@1" + "WAT_N18W072@1") > 0
✔ Saved: /p/11211992-tki-mangrove-restoration/01_data/0_Workflow/13_Mask/400/NVA_N18W072.tif
🗑️ Deleted temporal file: /p/11211992-tki-mangrove-restoration/01_data/0_Workflow/13_Mask/400/BIN_N18W072.tif
🗑️ Deleted temporal file: /p/11211992-tki-mangrove-restoration/01_data/0_Workflow/13_Mask/400/FIL_N18W072.tif

>>> Processing tile: N24E066
⚠️ Raster missing for tile N24E066: /p/11211992-tki-mangrove-restoration/01_data/0_Workflow/8_Coastline/400/PRC_N24E066.tif
✅ Created placeholder raster: /p/11211992-tki-mangrove-restoration/01_data/0_Workflow/8_Coastline/400/PRC_N24E066.tif
⚠️ Raster missing for tile N24E066: /p/11211992-tki-mangrove-restoration/01_data/0_Workflow/7_Rivers/400/PRR_N24E066.tif
✅ Created placeholder raster: /p/11211992-tki-mangrove-restoration/01_data/0_Workflow/7_Rivers/400/PRR_N24E066.tif
📐 Raster calculator expression:
(((("PRC_N24E066@1" = 0) - ("PRR_N24E066@1" > 0) - ("PRM_N24E066@1" > (60/100))) > 0) + "GMW_N24E066_2020@1" + "LAN_N24E066@1" + "WAT_N24E066@1") > 0
✔ Saved: /p/11211992-tki-mangrove-restoration/01_data/0_Workflow/13_Mask/400/NVA_N24E066.tif
🗑️ Deleted temporal file: /p/11211992-tki-mangrove-restoration/01_data/0_Workflow/13_Mask/400/BIN_N24E066.tif
🗑️ Deleted temporal file: /p/11211992-tki-mangrove-restoration/01_data/0_Workflow/13_Mask/400/FIL_N24E066.tif

>>> Processing tile: N11E093
⚠️ Raster missing for tile N11E093: /p/11211992-tki-mangrove-restoration/01_data/0_Workflow/8_Coastline/400/PRC_N11E093.tif
✅ Created placeholder raster: /p/11211992-tki-mangrove-restoration/01_data/0_Workflow/8_Coastline/400/PRC_N11E093.tif
⚠️ Raster missing for tile N11E093: /p/11211992-tki-mangrove-restoration/01_data/0_Workflow/7_Rivers/400/PRR_N11E093.tif
✅ Created placeholder raster: /p/11211992-tki-mangrove-restoration/01_data/0_Workflow/7_Rivers/400/PRR_N11E093.tif
📐 Raster calculator expression:
(((("PRC_N11E093@1" = 0) - ("PRR_N11E093@1" > 0) - ("PRM_N11E093@1" > (60/100))) > 0) + "GMW_N11E093_2020@1" + "LAN_N11E093@1" + "WAT_N11E093@1") > 0
✔ Saved: /p/11211992-tki-mangrove-restoration/01_data/0_Workflow/13_Mask/400/NVA_N11E093.tif
🗑️ Deleted temporal file: /p/11211992-tki-mangrove-restoration/01_data/0_Workflow/13_Mask/400/BIN_N11E093.tif
🗑️ Deleted temporal file: /p/11211992-tki-mangrove-restoration/01_data/0_Workflow/13_Mask/400/FIL_N11E093.tif

>>> Processing tile: S04E152
⚠️ Raster missing for tile S04E152: /p/11211992-tki-mangrove-restoration/01_data/0_Workflow/8_Coastline/400/PRC_S04E152.tif
✅ Created placeholder raster: /p/11211992-tki-mangrove-restoration/01_data/0_Workflow/8_Coastline/400/PRC_S04E152.tif
⚠️ Raster missing for tile S04E152: /p/11211992-tki-mangrove-restoration/01_data/0_Workflow/7_Rivers/400/PRR_S04E152.tif
✅ Created placeholder raster: /p/11211992-tki-mangrove-restoration/01_data/0_Workflow/7_Rivers/400/PRR_S04E152.tif
📐 Raster calculator expression:
(((("PRC_S04E152@1" = 0) - ("PRR_S04E152@1" > 0) - ("PRM_S04E152@1" > (60/100))) > 0) + "GMW_S04E152_2020@1" + "LAN_S04E152@1" + "WAT_S04E152@1") > 0
✔ Saved: /p/11211992-tki-mangrove-restoration/01_data/0_Workflow/13_Mask/400/NVA_S04E152.tif
🗑️ Deleted temporal file: /p/11211992-tki-mangrove-restoration/01_data/0_Workflow/13_Mask/400/BIN_S04E152.tif
🗑️ Deleted temporal file: /p/11211992-tki-mangrove-restoration/01_data/0_Workflow/13_Mask/400/FIL_S04E152.tif

>>> Processing tile: N10E045
⚠️ Raster missing for tile N10E045: /p/11211992-tki-mangrove-restoration/01_data/0_Workflow/8_Coastline/400/PRC_N10E045.tif
✅ Created placeholder raster: /p/11211992-tki-mangrove-restoration/01_data/0_Workflow/8_Coastline/400/PRC_N10E045.tif
⚠️ Raster missing for tile N10E045: /p/11211992-tki-mangrove-restoration/01_data/0_Workflow/7_Rivers/400/PRR_N10E045.tif
✅ Created placeholder raster: /p/11211992-tki-mangrove-restoration/01_data/0_Workflow/7_Rivers/400/PRR_N10E045.tif
📐 Raster calculator expression:
(((("PRC_N10E045@1" = 0) - ("PRR_N10E045@1" > 0) - ("PRM_N10E045@1" > (60/100))) > 0) + "GMW_N10E045_2020@1" + "LAN_N10E045@1" + "WAT_N10E045@1") > 0
✔ Saved: /p/11211992-tki-mangrove-restoration/01_data/0_Workflow/13_Mask/400/NVA_N10E045.tif
🗑️ Deleted temporal file: /p/11211992-tki-mangrove-restoration/01_data/0_Workflow/13_Mask/400/BIN_N10E045.tif
🗑️ Deleted temporal file: /p/11211992-tki-mangrove-restoration/01_data/0_Workflow/13_Mask/400/FIL_N10E045.tif

>>> Processing tile: S17E049
⚠️ Raster missing for tile S17E049: /p/11211992-tki-mangrove-restoration/01_data/0_Workflow/8_Coastline/400/PRC_S17E049.tif
✅ Created placeholder raster: /p/11211992-tki-mangrove-restoration/01_data/0_Workflow/8_Coastline/400/PRC_S17E049.tif
⚠️ Raster missing for tile S17E049: /p/11211992-tki-mangrove-restoration/01_data/0_Workflow/7_Rivers/400/PRR_S17E049.tif
✅ Created placeholder raster: /p/11211992-tki-mangrove-restoration/01_data/0_Workflow/7_Rivers/400/PRR_S17E049.tif
📐 Raster calculator expression:
(((("PRC_S17E049@1" = 0) - ("PRR_S17E049@1" > 0) - ("PRM_S17E049@1" > (60/100))) > 0) + "GMW_S17E049_2020@1" + "LAN_S17E049@1" + "WAT_S17E049@1") > 0
✔ Saved: /p/11211992-tki-mangrove-restoration/01_data/0_Workflow/13_Mask/400/NVA_S17E049.tif
🗑️ Deleted temporal file: /p/11211992-tki-mangrove-restoration/01_data/0_Workflow/13_Mask/400/BIN_S17E049.tif
🗑️ Deleted temporal file: /p/11211992-tki-mangrove-restoration/01_data/0_Workflow/13_Mask/400/FIL_S17E049.tif

>>> Processing tile: S29E031
⚠️ Raster missing for tile S29E031: /p/11211992-tki-mangrove-restoration/01_data/0_Workflow/8_Coastline/400/PRC_S29E031.tif
✅ Created placeholder raster: /p/11211992-tki-mangrove-restoration/01_data/0_Workflow/8_Coastline/400/PRC_S29E031.tif
⚠️ Raster missing for tile S29E031: /p/11211992-tki-mangrove-restoration/01_data/0_Workflow/7_Rivers/400/PRR_S29E031.tif
✅ Created placeholder raster: /p/11211992-tki-mangrove-restoration/01_data/0_Workflow/7_Rivers/400/PRR_S29E031.tif
📐 Raster calculator expression:
(((("PRC_S29E031@1" = 0) - ("PRR_S29E031@1" > 0) - ("PRM_S29E031@1" > (60/100))) > 0) + "GMW_S29E031_2020@1" + "LAN_S29E031@1" + "WAT_S29E031@1") > 0
✔ Saved: /p/11211992-tki-mangrove-restoration/01_data/0_Workflow/13_Mask/400/NVA_S29E031.tif
🗑️ Deleted temporal file: /p/11211992-tki-mangrove-restoration/01_data/0_Workflow/13_Mask/400/BIN_S29E031.tif
🗑️ Deleted temporal file: /p/11211992-tki-mangrove-restoration/01_data/0_Workflow/13_Mask/400/FIL_S29E031.tif

>>> Processing tile: N24E067
⚠️ Raster missing for tile N24E067: /p/11211992-tki-mangrove-restoration/01_data/0_Workflow/8_Coastline/400/PRC_N24E067.tif
✅ Created placeholder raster: /p/11211992-tki-mangrove-restoration/01_data/0_Workflow/8_Coastline/400/PRC_N24E067.tif
⚠️ Raster missing for tile N24E067: /p/11211992-tki-mangrove-restoration/01_data/0_Workflow/7_Rivers/400/PRR_N24E067.tif
✅ Created placeholder raster: /p/11211992-tki-mangrove-restoration/01_data/0_Workflow/7_Rivers/400/PRR_N24E067.tif
📐 Raster calculator expression:
(((("PRC_N24E067@1" = 0) - ("PRR_N24E067@1" > 0) - ("PRM_N24E067@1" > (60/100))) > 0) + "GMW_N24E067_2020@1" + "LAN_N24E067@1" + "WAT_N24E067@1") > 0
✔ Saved: /p/11211992-tki-mangrove-restoration/01_data/0_Workflow/13_Mask/400/NVA_N24E067.tif
🗑️ Deleted temporal file: /p/11211992-tki-mangrove-restoration/01_data/0_Workflow/13_Mask/400/BIN_N24E067.tif
🗑️ Deleted temporal file: /p/11211992-tki-mangrove-restoration/01_data/0_Workflow/13_Mask/400/FIL_N24E067.tif

>>> Processing tile: N18W073
⚠️ Raster missing for tile N18W073: /p/11211992-tki-mangrove-restoration/01_data/0_Workflow/8_Coastline/400/PRC_N18W073.tif
✅ Created placeholder raster: /p/11211992-tki-mangrove-restoration/01_data/0_Workflow/8_Coastline/400/PRC_N18W073.tif
⚠️ Raster missing for tile N18W073: /p/11211992-tki-mangrove-restoration/01_data/0_Workflow/7_Rivers/400/PRR_N18W073.tif
✅ Created placeholder raster: /p/11211992-tki-mangrove-restoration/01_data/0_Workflow/7_Rivers/400/PRR_N18W073.tif
📐 Raster calculator expression:
(((("PRC_N18W073@1" = 0) - ("PRR_N18W073@1" > 0) - ("PRM_N18W073@1" > (60/100))) > 0) + "GMW_N18W073_2020@1" + "LAN_N18W073@1" + "WAT_N18W073@1") > 0
✔ Saved: /p/11211992-tki-mangrove-restoration/01_data/0_Workflow/13_Mask/400/NVA_N18W073.tif
🗑️ Deleted temporal file: /p/11211992-tki-mangrove-restoration/01_data/0_Workflow/13_Mask/400/BIN_N18W073.tif
🗑️ Deleted temporal file: /p/11211992-tki-mangrove-restoration/01_data/0_Workflow/13_Mask/400/FIL_N18W073.tif

>>> Processing tile: N26E036
⚠️ Raster missing for tile N26E036: /p/11211992-tki-mangrove-restoration/01_data/0_Workflow/8_Coastline/400/PRC_N26E036.tif
✅ Created placeholder raster: /p/11211992-tki-mangrove-restoration/01_data/0_Workflow/8_Coastline/400/PRC_N26E036.tif
⚠️ Raster missing for tile N26E036: /p/11211992-tki-mangrove-restoration/01_data/0_Workflow/7_Rivers/400/PRR_N26E036.tif
✅ Created placeholder raster: /p/11211992-tki-mangrove-restoration/01_data/0_Workflow/7_Rivers/400/PRR_N26E036.tif
📐 Raster calculator expression:
(((("PRC_N26E036@1" = 0) - ("PRR_N26E036@1" > 0) - ("PRM_N26E036@1" > (60/100))) > 0) + "GMW_N26E036_2020@1" + "LAN_N26E036@1" + "WAT_N26E036@1") > 0
✔ Saved: /p/11211992-tki-mangrove-restoration/01_data/0_Workflow/13_Mask/400/NVA_N26E036.tif
🗑️ Deleted temporal file: /p/11211992-tki-mangrove-restoration/01_data/0_Workflow/13_Mask/400/BIN_N26E036.tif
🗑️ Deleted temporal file: /p/11211992-tki-mangrove-restoration/01_data/0_Workflow/13_Mask/400/FIL_N26E036.tif

>>> Processing tile: N18E038
⚠️ Raster missing for tile N18E038: /p/11211992-tki-mangrove-restoration/01_data/0_Workflow/8_Coastline/400/PRC_N18E038.tif
✅ Created placeholder raster: /p/11211992-tki-mangrove-restoration/01_data/0_Workflow/8_Coastline/400/PRC_N18E038.tif
⚠️ Raster missing for tile N18E038: /p/11211992-tki-mangrove-restoration/01_data/0_Workflow/7_Rivers/400/PRR_N18E038.tif
✅ Created placeholder raster: /p/11211992-tki-mangrove-restoration/01_data/0_Workflow/7_Rivers/400/PRR_N18E038.tif
📐 Raster calculator expression:
(((("PRC_N18E038@1" = 0) - ("PRR_N18E038@1" > 0) - ("PRM_N18E038@1" > (60/100))) > 0) + "GMW_N18E038_2020@1" + "LAN_N18E038@1" + "WAT_N18E038@1") > 0
✔ Saved: /p/11211992-tki-mangrove-restoration/01_data/0_Workflow/13_Mask/400/NVA_N18E038.tif
🗑️ Deleted temporal file: /p/11211992-tki-mangrove-restoration/01_data/0_Workflow/13_Mask/400/BIN_N18E038.tif
🗑️ Deleted temporal file: /p/11211992-tki-mangrove-restoration/01_data/0_Workflow/13_Mask/400/FIL_N18E038.tif

>>> Processing tile: S09E158
⚠️ Raster missing for tile S09E158: /p/11211992-tki-mangrove-restoration/01_data/0_Workflow/8_Coastline/400/PRC_S09E158.tif
✅ Created placeholder raster: /p/11211992-tki-mangrove-restoration/01_data/0_Workflow/8_Coastline/400/PRC_S09E158.tif
⚠️ Raster missing for tile S09E158: /p/11211992-tki-mangrove-restoration/01_data/0_Workflow/7_Rivers/400/PRR_S09E158.tif
✅ Created placeholder raster: /p/11211992-tki-mangrove-restoration/01_data/0_Workflow/7_Rivers/400/PRR_S09E158.tif
📐 Raster calculator expression:
(((("PRC_S09E158@1" = 0) - ("PRR_S09E158@1" > 0) - ("PRM_S09E158@1" > (60/100))) > 0) + "GMW_S09E158_2020@1" + "LAN_S09E158@1" + "WAT_S09E158@1") > 0
✔ Saved: /p/11211992-tki-mangrove-restoration/01_data/0_Workflow/13_Mask/400/NVA_S09E158.tif
🗑️ Deleted temporal file: /p/11211992-tki-mangrove-restoration/01_data/0_Workflow/13_Mask/400/BIN_S09E158.tif
🗑️ Deleted temporal file: /p/11211992-tki-mangrove-restoration/01_data/0_Workflow/13_Mask/400/FIL_S09E158.tif

>>> Processing tile: S14E141
⚠️ Raster missing for tile S14E141: /p/11211992-tki-mangrove-restoration/01_data/0_Workflow/8_Coastline/400/PRC_S14E141.tif
✅ Created placeholder raster: /p/11211992-tki-mangrove-restoration/01_data/0_Workflow/8_Coastline/400/PRC_S14E141.tif
⚠️ Raster missing for tile S14E141: /p/11211992-tki-mangrove-restoration/01_data/0_Workflow/7_Rivers/400/PRR_S14E141.tif
✅ Created placeholder raster: /p/11211992-tki-mangrove-restoration/01_data/0_Workflow/7_Rivers/400/PRR_S14E141.tif
📐 Raster calculator expression:
(((("PRC_S14E141@1" = 0) - ("PRR_S14E141@1" > 0) - ("PRM_S14E141@1" > (60/100))) > 0) + "GMW_S14E141_2020@1" + "LAN_S14E141@1" + "WAT_S14E141@1") > 0
✔ Saved: /p/11211992-tki-mangrove-restoration/01_data/0_Workflow/13_Mask/400/NVA_S14E141.tif
🗑️ Deleted temporal file: /p/11211992-tki-mangrove-restoration/01_data/0_Workflow/13_Mask/400/BIN_S14E141.tif
🗑️ Deleted temporal file: /p/11211992-tki-mangrove-restoration/01_data/0_Workflow/13_Mask/400/FIL_S14E141.tif

>>> Processing tile: N08W061
⚠️ Raster missing for tile N08W061: /p/11211992-tki-mangrove-restoration/01_data/0_Workflow/8_Coastline/400/PRC_N08W061.tif
✅ Created placeholder raster: /p/11211992-tki-mangrove-restoration/01_data/0_Workflow/8_Coastline/400/PRC_N08W061.tif
⚠️ Raster missing for tile N08W061: /p/11211992-tki-mangrove-restoration/01_data/0_Workflow/7_Rivers/400/PRR_N08W061.tif
✅ Created placeholder raster: /p/11211992-tki-mangrove-restoration/01_data/0_Workflow/7_Rivers/400/PRR_N08W061.tif
📐 Raster calculator expression:
(((("PRC_N08W061@1" = 0) - ("PRR_N08W061@1" > 0) - ("PRM_N08W061@1" > (60/100))) > 0) + "GMW_N08W061_2020@1" + "LAN_N08W061@1" + "WAT_N08W061@1") > 0
✔ Saved: /p/11211992-tki-mangrove-restoration/01_data/0_Workflow/13_Mask/400/NVA_N08W061.tif
🗑️ Deleted temporal file: /p/11211992-tki-mangrove-restoration/01_data/0_Workflow/13_Mask/400/BIN_N08W061.tif
🗑️ Deleted temporal file: /p/11211992-tki-mangrove-restoration/01_data/0_Workflow/13_Mask/400/FIL_N08W061.tif

>>> Processing tile: S09E039
⚠️ Raster missing for tile S09E039: /p/11211992-tki-mangrove-restoration/01_data/0_Workflow/8_Coastline/400/PRC_S09E039.tif
✅ Created placeholder raster: /p/11211992-tki-mangrove-restoration/01_data/0_Workflow/8_Coastline/400/PRC_S09E039.tif
⚠️ Raster missing for tile S09E039: /p/11211992-tki-mangrove-restoration/01_data/0_Workflow/7_Rivers/400/PRR_S09E039.tif
✅ Created placeholder raster: /p/11211992-tki-mangrove-restoration/01_data/0_Workflow/7_Rivers/400/PRR_S09E039.tif
📐 Raster calculator expression:
(((("PRC_S09E039@1" = 0) - ("PRR_S09E039@1" > 0) - ("PRM_S09E039@1" > (60/100))) > 0) + "GMW_S09E039_2020@1" + "LAN_S09E039@1" + "WAT_S09E039@1") > 0
✔ Saved: /p/11211992-tki-mangrove-restoration/01_data/0_Workflow/13_Mask/400/NVA_S09E039.tif
🗑️ Deleted temporal file: /p/11211992-tki-mangrove-restoration/01_data/0_Workflow/13_Mask/400/BIN_S09E039.tif
🗑️ Deleted temporal file: /p/11211992-tki-mangrove-restoration/01_data/0_Workflow/13_Mask/400/FIL_S09E039.tif

>>> Processing tile: N07E072
⚠️ Raster missing for tile N07E072: /p/11211992-tki-mangrove-restoration/01_data/0_Workflow/8_Coastline/400/PRC_N07E072.tif
✅ Created placeholder raster: /p/11211992-tki-mangrove-restoration/01_data/0_Workflow/8_Coastline/400/PRC_N07E072.tif
⚠️ Raster missing for tile N07E072: /p/11211992-tki-mangrove-restoration/01_data/0_Workflow/7_Rivers/400/PRR_N07E072.tif
✅ Created placeholder raster: /p/11211992-tki-mangrove-restoration/01_data/0_Workflow/7_Rivers/400/PRR_N07E072.tif
📐 Raster calculator expression:
(((("PRC_N07E072@1" = 0) - ("PRR_N07E072@1" > 0) - ("PRM_N07E072@1" > (60/100))) > 0) + "GMW_N07E072_2020@1" + "LAN_N07E072@1" + "WAT_N07E072@1") > 0
✔ Saved: /p/11211992-tki-mangrove-restoration/01_data/0_Workflow/13_Mask/400/NVA_N07E072.tif
🗑️ Deleted temporal file: /p/11211992-tki-mangrove-restoration/01_data/0_Workflow/13_Mask/400/BIN_N07E072.tif
🗑️ Deleted temporal file: /p/11211992-tki-mangrove-restoration/01_data/0_Workflow/13_Mask/400/FIL_N07E072.tif

>>> Processing tile: S20E163
⚠️ Raster missing for tile S20E163: /p/11211992-tki-mangrove-restoration/01_data/0_Workflow/8_Coastline/400/PRC_S20E163.tif
✅ Created placeholder raster: /p/11211992-tki-mangrove-restoration/01_data/0_Workflow/8_Coastline/400/PRC_S20E163.tif
⚠️ Raster missing for tile S20E163: /p/11211992-tki-mangrove-restoration/01_data/0_Workflow/7_Rivers/400/PRR_S20E163.tif
✅ Created placeholder raster: /p/11211992-tki-mangrove-restoration/01_data/0_Workflow/7_Rivers/400/PRR_S20E163.tif
📐 Raster calculator expression:
(((("PRC_S20E163@1" = 0) - ("PRR_S20E163@1" > 0) - ("PRM_S20E163@1" > (60/100))) > 0) + "GMW_S20E163_2020@1" + "LAN_S20E163@1" + "WAT_S20E163@1") > 0
✔ Saved: /p/11211992-tki-mangrove-restoration/01_data/0_Workflow/13_Mask/400/NVA_S20E163.tif
🗑️ Deleted temporal file: /p/11211992-tki-mangrove-restoration/01_data/0_Workflow/13_Mask/400/BIN_S20E163.tif
🗑️ Deleted temporal file: /p/11211992-tki-mangrove-restoration/01_data/0_Workflow/13_Mask/400/FIL_S20E163.tif

>>> Processing tile: S14E136
⚠️ Raster missing for tile S14E136: /p/11211992-tki-mangrove-restoration/01_data/0_Workflow/8_Coastline/400/PRC_S14E136.tif
✅ Created placeholder raster: /p/11211992-tki-mangrove-restoration/01_data/0_Workflow/8_Coastline/400/PRC_S14E136.tif
⚠️ Raster missing for tile S14E136: /p/11211992-tki-mangrove-restoration/01_data/0_Workflow/7_Rivers/400/PRR_S14E136.tif
✅ Created placeholder raster: /p/11211992-tki-mangrove-restoration/01_data/0_Workflow/7_Rivers/400/PRR_S14E136.tif
📐 Raster calculator expression:
(((("PRC_S14E136@1" = 0) - ("PRR_S14E136@1" > 0) - ("PRM_S14E136@1" > (60/100))) > 0) + "GMW_S14E136_2020@1" + "LAN_S14E136@1" + "WAT_S14E136@1") > 0
✔ Saved: /p/11211992-tki-mangrove-restoration/01_data/0_Workflow/13_Mask/400/NVA_S14E136.tif
🗑️ Deleted temporal file: /p/11211992-tki-mangrove-restoration/01_data/0_Workflow/13_Mask/400/BIN_S14E136.tif
🗑️ Deleted temporal file: /p/11211992-tki-mangrove-restoration/01_data/0_Workflow/13_Mask/400/FIL_S14E136.tif

>>> Processing tile: S09E159
⚠️ Raster missing for tile S09E159: /p/11211992-tki-mangrove-restoration/01_data/0_Workflow/8_Coastline/400/PRC_S09E159.tif
✅ Created placeholder raster: /p/11211992-tki-mangrove-restoration/01_data/0_Workflow/8_Coastline/400/PRC_S09E159.tif
⚠️ Raster missing for tile S09E159: /p/11211992-tki-mangrove-restoration/01_data/0_Workflow/7_Rivers/400/PRR_S09E159.tif
✅ Created placeholder raster: /p/11211992-tki-mangrove-restoration/01_data/0_Workflow/7_Rivers/400/PRR_S09E159.tif
📐 Raster calculator expression:
(((("PRC_S09E159@1" = 0) - ("PRR_S09E159@1" > 0) - ("PRM_S09E159@1" > (60/100))) > 0) + "GMW_S09E159_2020@1" + "LAN_S09E159@1" + "WAT_S09E159@1") > 0
✔ Saved: /p/11211992-tki-mangrove-restoration/01_data/0_Workflow/13_Mask/400/NVA_S09E159.tif
🗑️ Deleted temporal file: /p/11211992-tki-mangrove-restoration/01_data/0_Workflow/13_Mask/400/BIN_S09E159.tif
🗑️ Deleted temporal file: /p/11211992-tki-mangrove-restoration/01_data/0_Workflow/13_Mask/400/FIL_S09E159.tif

>>> Processing tile: S39E143
⚠️ Raster missing for tile S39E143: /p/11211992-tki-mangrove-restoration/01_data/0_Workflow/8_Coastline/400/PRC_S39E143.tif
✅ Created placeholder raster: /p/11211992-tki-mangrove-restoration/01_data/0_Workflow/8_Coastline/400/PRC_S39E143.tif
⚠️ Raster missing for tile S39E143: /p/11211992-tki-mangrove-restoration/01_data/0_Workflow/7_Rivers/400/PRR_S39E143.tif
✅ Created placeholder raster: /p/11211992-tki-mangrove-restoration/01_data/0_Workflow/7_Rivers/400/PRR_S39E143.tif
📐 Raster calculator expression:
(((("PRC_S39E143@1" = 0) - ("PRR_S39E143@1" > 0) - ("PRM_S39E143@1" > (60/100))) > 0) + "GMW_S39E143_2020@1" + "LAN_S39E143@1" + "WAT_S39E143@1") > 0
✔ Saved: /p/11211992-tki-mangrove-restoration/01_data/0_Workflow/13_Mask/400/NVA_S39E143.tif
🗑️ Deleted temporal file: /p/11211992-tki-mangrove-restoration/01_data/0_Workflow/13_Mask/400/BIN_S39E143.tif
🗑️ Deleted temporal file: /p/11211992-tki-mangrove-restoration/01_data/0_Workflow/13_Mask/400/FIL_S39E143.tif

>>> Processing tile: N23E120
⚠️ Raster missing for tile N23E120: /p/11211992-tki-mangrove-restoration/01_data/0_Workflow/8_Coastline/400/PRC_N23E120.tif
✅ Created placeholder raster: /p/11211992-tki-mangrove-restoration/01_data/0_Workflow/8_Coastline/400/PRC_N23E120.tif
⚠️ Raster missing for tile N23E120: /p/11211992-tki-mangrove-restoration/01_data/0_Workflow/7_Rivers/400/PRR_N23E120.tif
✅ Created placeholder raster: /p/11211992-tki-mangrove-restoration/01_data/0_Workflow/7_Rivers/400/PRR_N23E120.tif
📐 Raster calculator expression:
(((("PRC_N23E120@1" = 0) - ("PRR_N23E120@1" > 0) - ("PRM_N23E120@1" > (60/100))) > 0) + "GMW_N23E120_2020@1" + "LAN_N23E120@1" + "WAT_N23E120@1") > 0
✔ Saved: /p/11211992-tki-mangrove-restoration/01_data/0_Workflow/13_Mask/400/NVA_N23E120.tif
🗑️ Deleted temporal file: /p/11211992-tki-mangrove-restoration/01_data/0_Workflow/13_Mask/400/BIN_N23E120.tif
🗑️ Deleted temporal file: /p/11211992-tki-mangrove-restoration/01_data/0_Workflow/13_Mask/400/FIL_N23E120.tif

>>> Processing tile: N04W053
⚠️ Raster missing for tile N04W053: /p/11211992-tki-mangrove-restoration/01_data/0_Workflow/8_Coastline/400/PRC_N04W053.tif
✅ Created placeholder raster: /p/11211992-tki-mangrove-restoration/01_data/0_Workflow/8_Coastline/400/PRC_N04W053.tif
⚠️ Raster missing for tile N04W053: /p/11211992-tki-mangrove-restoration/01_data/0_Workflow/7_Rivers/400/PRR_N04W053.tif
✅ Created placeholder raster: /p/11211992-tki-mangrove-restoration/01_data/0_Workflow/7_Rivers/400/PRR_N04W053.tif
📐 Raster calculator expression:
(((("PRC_N04W053@1" = 0) - ("PRR_N04W053@1" > 0) - ("PRM_N04W053@1" > (60/100))) > 0) + "GMW_N04W053_2020@1" + "LAN_N04W053@1" + "WAT_N04W053@1") > 0
✔ Saved: /p/11211992-tki-mangrove-restoration/01_data/0_Workflow/13_Mask/400/NVA_N04W053.tif
🗑️ Deleted temporal file: /p/11211992-tki-mangrove-restoration/01_data/0_Workflow/13_Mask/400/BIN_N04W053.tif
🗑️ Deleted temporal file: /p/11211992-tki-mangrove-restoration/01_data/0_Workflow/13_Mask/400/FIL_N04W053.tif

>>> Processing tile: N08W060
⚠️ Raster missing for tile N08W060: /p/11211992-tki-mangrove-restoration/01_data/0_Workflow/8_Coastline/400/PRC_N08W060.tif
✅ Created placeholder raster: /p/11211992-tki-mangrove-restoration/01_data/0_Workflow/8_Coastline/400/PRC_N08W060.tif
⚠️ Raster missing for tile N08W060: /p/11211992-tki-mangrove-restoration/01_data/0_Workflow/7_Rivers/400/PRR_N08W060.tif
✅ Created placeholder raster: /p/11211992-tki-mangrove-restoration/01_data/0_Workflow/7_Rivers/400/PRR_N08W060.tif
📐 Raster calculator expression:
(((("PRC_N08W060@1" = 0) - ("PRR_N08W060@1" > 0) - ("PRM_N08W060@1" > (60/100))) > 0) + "GMW_N08W060_2020@1" + "LAN_N08W060@1" + "WAT_N08W060@1") > 0
✔ Saved: /p/11211992-tki-mangrove-restoration/01_data/0_Workflow/13_Mask/400/NVA_N08W060.tif
🗑️ Deleted temporal file: /p/11211992-tki-mangrove-restoration/01_data/0_Workflow/13_Mask/400/BIN_N08W060.tif
🗑️ Deleted temporal file: /p/11211992-tki-mangrove-restoration/01_data/0_Workflow/13_Mask/400/FIL_N08W060.tif

>>> Processing tile: N23W082
⚠️ Raster missing for tile N23W082: /p/11211992-tki-mangrove-restoration/01_data/0_Workflow/8_Coastline/400/PRC_N23W082.tif
✅ Created placeholder raster: /p/11211992-tki-mangrove-restoration/01_data/0_Workflow/8_Coastline/400/PRC_N23W082.tif
⚠️ Raster missing for tile N23W082: /p/11211992-tki-mangrove-restoration/01_data/0_Workflow/7_Rivers/400/PRR_N23W082.tif
✅ Created placeholder raster: /p/11211992-tki-mangrove-restoration/01_data/0_Workflow/7_Rivers/400/PRR_N23W082.tif
📐 Raster calculator expression:
(((("PRC_N23W082@1" = 0) - ("PRR_N23W082@1" > 0) - ("PRM_N23W082@1" > (60/100))) > 0) + "GMW_N23W082_2020@1" + "LAN_N23W082@1" + "WAT_N23W082@1") > 0
✔ Saved: /p/11211992-tki-mangrove-restoration/01_data/0_Workflow/13_Mask/400/NVA_N23W082.tif
🗑️ Deleted temporal file: /p/11211992-tki-mangrove-restoration/01_data/0_Workflow/13_Mask/400/BIN_N23W082.tif
🗑️ Deleted temporal file: /p/11211992-tki-mangrove-restoration/01_data/0_Workflow/13_Mask/400/FIL_N23W082.tif

>>> Processing tile: S01E009
⚠️ Raster missing for tile S01E009: /p/11211992-tki-mangrove-restoration/01_data/0_Workflow/8_Coastline/400/PRC_S01E009.tif
✅ Created placeholder raster: /p/11211992-tki-mangrove-restoration/01_data/0_Workflow/8_Coastline/400/PRC_S01E009.tif
⚠️ Raster missing for tile S01E009: /p/11211992-tki-mangrove-restoration/01_data/0_Workflow/7_Rivers/400/PRR_S01E009.tif
✅ Created placeholder raster: /p/11211992-tki-mangrove-restoration/01_data/0_Workflow/7_Rivers/400/PRR_S01E009.tif
📐 Raster calculator expression:
(((("PRC_S01E009@1" = 0) - ("PRR_S01E009@1" > 0) - ("PRM_S01E009@1" > (60/100))) > 0) + "GMW_S01E009_2020@1" + "LAN_S01E009@1" + "WAT_S01E009@1") > 0
✔ Saved: /p/11211992-tki-mangrove-restoration/01_data/0_Workflow/13_Mask/400/NVA_S01E009.tif
🗑️ Deleted temporal file: /p/11211992-tki-mangrove-restoration/01_data/0_Workflow/13_Mask/400/BIN_S01E009.tif
🗑️ Deleted temporal file: /p/11211992-tki-mangrove-restoration/01_data/0_Workflow/13_Mask/400/FIL_S01E009.tif

>>> Processing tile: N23E052
⚠️ Raster missing for tile N23E052: /p/11211992-tki-mangrove-restoration/01_data/0_Workflow/8_Coastline/400/PRC_N23E052.tif
✅ Created placeholder raster: /p/11211992-tki-mangrove-restoration/01_data/0_Workflow/8_Coastline/400/PRC_N23E052.tif
⚠️ Raster missing for tile N23E052: /p/11211992-tki-mangrove-restoration/01_data/0_Workflow/7_Rivers/400/PRR_N23E052.tif
✅ Created placeholder raster: /p/11211992-tki-mangrove-restoration/01_data/0_Workflow/7_Rivers/400/PRR_N23E052.tif
📐 Raster calculator expression:
(((("PRC_N23E052@1" = 0) - ("PRR_N23E052@1" > 0) - ("PRM_N23E052@1" > (60/100))) > 0) + "GMW_N23E052_2020@1" + "LAN_N23E052@1" + "WAT_N23E052@1") > 0
✔ Saved: /p/11211992-tki-mangrove-restoration/01_data/0_Workflow/13_Mask/400/NVA_N23E052.tif
🗑️ Deleted temporal file: /p/11211992-tki-mangrove-restoration/01_data/0_Workflow/13_Mask/400/BIN_N23E052.tif
🗑️ Deleted temporal file: /p/11211992-tki-mangrove-restoration/01_data/0_Workflow/13_Mask/400/FIL_N23E052.tif

>>> Processing tile: N23W083
⚠️ Raster missing for tile N23W083: /p/11211992-tki-mangrove-restoration/01_data/0_Workflow/8_Coastline/400/PRC_N23W083.tif
✅ Created placeholder raster: /p/11211992-tki-mangrove-restoration/01_data/0_Workflow/8_Coastline/400/PRC_N23W083.tif
⚠️ Raster missing for tile N23W083: /p/11211992-tki-mangrove-restoration/01_data/0_Workflow/7_Rivers/400/PRR_N23W083.tif
✅ Created placeholder raster: /p/11211992-tki-mangrove-restoration/01_data/0_Workflow/7_Rivers/400/PRR_N23W083.tif
📐 Raster calculator expression:
(((("PRC_N23W083@1" = 0) - ("PRR_N23W083@1" > 0) - ("PRM_N23W083@1" > (60/100))) > 0) + "GMW_N23W083_2020@1" + "LAN_N23W083@1" + "WAT_N23W083@1") > 0
✔ Saved: /p/11211992-tki-mangrove-restoration/01_data/0_Workflow/13_Mask/400/NVA_N23W083.tif
🗑️ Deleted temporal file: /p/11211992-tki-mangrove-restoration/01_data/0_Workflow/13_Mask/400/BIN_N23W083.tif
🗑️ Deleted temporal file: /p/11211992-tki-mangrove-restoration/01_data/0_Workflow/13_Mask/400/FIL_N23W083.tif

>>> Processing tile: N06W011
⚠️ Raster missing for tile N06W011: /p/11211992-tki-mangrove-restoration/01_data/0_Workflow/8_Coastline/400/PRC_N06W011.tif
✅ Created placeholder raster: /p/11211992-tki-mangrove-restoration/01_data/0_Workflow/8_Coastline/400/PRC_N06W011.tif
⚠️ Raster missing for tile N06W011: /p/11211992-tki-mangrove-restoration/01_data/0_Workflow/7_Rivers/400/PRR_N06W011.tif
✅ Created placeholder raster: /p/11211992-tki-mangrove-restoration/01_data/0_Workflow/7_Rivers/400/PRR_N06W011.tif
📐 Raster calculator expression:
(((("PRC_N06W011@1" = 0) - ("PRR_N06W011@1" > 0) - ("PRM_N06W011@1" > (60/100))) > 0) + "GMW_N06W011_2020@1" + "LAN_N06W011@1" + "WAT_N06W011@1") > 0
✔ Saved: /p/11211992-tki-mangrove-restoration/01_data/0_Workflow/13_Mask/400/NVA_N06W011.tif
🗑️ Deleted temporal file: /p/11211992-tki-mangrove-restoration/01_data/0_Workflow/13_Mask/400/BIN_N06W011.tif
🗑️ Deleted temporal file: /p/11211992-tki-mangrove-restoration/01_data/0_Workflow/13_Mask/400/FIL_N06W011.tif

>>> Processing tile: N06E072
⚠️ Raster missing for tile N06E072: /p/11211992-tki-mangrove-restoration/01_data/0_Workflow/8_Coastline/400/PRC_N06E072.tif
✅ Created placeholder raster: /p/11211992-tki-mangrove-restoration/01_data/0_Workflow/8_Coastline/400/PRC_N06E072.tif
⚠️ Raster missing for tile N06E072: /p/11211992-tki-mangrove-restoration/01_data/0_Workflow/7_Rivers/400/PRR_N06E072.tif
✅ Created placeholder raster: /p/11211992-tki-mangrove-restoration/01_data/0_Workflow/7_Rivers/400/PRR_N06E072.tif
📐 Raster calculator expression:
(((("PRC_N06E072@1" = 0) - ("PRR_N06E072@1" > 0) - ("PRM_N06E072@1" > (60/100))) > 0) + "GMW_N06E072_2020@1" + "LAN_N06E072@1" + "WAT_N06E072@1") > 0
✔ Saved: /p/11211992-tki-mangrove-restoration/01_data/0_Workflow/13_Mask/400/NVA_N06E072.tif
🗑️ Deleted temporal file: /p/11211992-tki-mangrove-restoration/01_data/0_Workflow/13_Mask/400/BIN_N06E072.tif
🗑️ Deleted temporal file: /p/11211992-tki-mangrove-restoration/01_data/0_Workflow/13_Mask/400/FIL_N06E072.tif

>>> Processing tile: S08E159
⚠️ Raster missing for tile S08E159: /p/11211992-tki-mangrove-restoration/01_data/0_Workflow/8_Coastline/400/PRC_S08E159.tif
✅ Created placeholder raster: /p/11211992-tki-mangrove-restoration/01_data/0_Workflow/8_Coastline/400/PRC_S08E159.tif
⚠️ Raster missing for tile S08E159: /p/11211992-tki-mangrove-restoration/01_data/0_Workflow/7_Rivers/400/PRR_S08E159.tif
✅ Created placeholder raster: /p/11211992-tki-mangrove-restoration/01_data/0_Workflow/7_Rivers/400/PRR_S08E159.tif
📐 Raster calculator expression:
(((("PRC_S08E159@1" = 0) - ("PRR_S08E159@1" > 0) - ("PRM_S08E159@1" > (60/100))) > 0) + "GMW_S08E159_2020@1" + "LAN_S08E159@1" + "WAT_S08E159@1") > 0
✔ Saved: /p/11211992-tki-mangrove-restoration/01_data/0_Workflow/13_Mask/400/NVA_S08E159.tif
🗑️ Deleted temporal file: /p/11211992-tki-mangrove-restoration/01_data/0_Workflow/13_Mask/400/BIN_S08E159.tif
🗑️ Deleted temporal file: /p/11211992-tki-mangrove-restoration/01_data/0_Workflow/13_Mask/400/FIL_S08E159.tif

>>> Processing tile: N05W053
⚠️ Raster missing for tile N05W053: /p/11211992-tki-mangrove-restoration/01_data/0_Workflow/8_Coastline/400/PRC_N05W053.tif
✅ Created placeholder raster: /p/11211992-tki-mangrove-restoration/01_data/0_Workflow/8_Coastline/400/PRC_N05W053.tif
⚠️ Raster missing for tile N05W053: /p/11211992-tki-mangrove-restoration/01_data/0_Workflow/7_Rivers/400/PRR_N05W053.tif
✅ Created placeholder raster: /p/11211992-tki-mangrove-restoration/01_data/0_Workflow/7_Rivers/400/PRR_N05W053.tif
📐 Raster calculator expression:
(((("PRC_N05W053@1" = 0) - ("PRR_N05W053@1" > 0) - ("PRM_N05W053@1" > (60/100))) > 0) + "GMW_N05W053_2020@1" + "LAN_N05W053@1" + "WAT_N05W053@1") > 0
✔ Saved: /p/11211992-tki-mangrove-restoration/01_data/0_Workflow/13_Mask/400/NVA_N05W053.tif
🗑️ Deleted temporal file: /p/11211992-tki-mangrove-restoration/01_data/0_Workflow/13_Mask/400/BIN_N05W053.tif
🗑️ Deleted temporal file: /p/11211992-tki-mangrove-restoration/01_data/0_Workflow/13_Mask/400/FIL_N05W053.tif

>>> Processing tile: S01E008
⚠️ Raster missing for tile S01E008: /p/11211992-tki-mangrove-restoration/01_data/0_Workflow/8_Coastline/400/PRC_S01E008.tif
✅ Created placeholder raster: /p/11211992-tki-mangrove-restoration/01_data/0_Workflow/8_Coastline/400/PRC_S01E008.tif
⚠️ Raster missing for tile S01E008: /p/11211992-tki-mangrove-restoration/01_data/0_Workflow/7_Rivers/400/PRR_S01E008.tif
✅ Created placeholder raster: /p/11211992-tki-mangrove-restoration/01_data/0_Workflow/7_Rivers/400/PRR_S01E008.tif
📐 Raster calculator expression:
(((("PRC_S01E008@1" = 0) - ("PRR_S01E008@1" > 0) - ("PRM_S01E008@1" > (60/100))) > 0) + "GMW_S01E008_2020@1" + "LAN_S01E008@1" + "WAT_S01E008@1") > 0
✔ Saved: /p/11211992-tki-mangrove-restoration/01_data/0_Workflow/13_Mask/400/NVA_S01E008.tif
🗑️ Deleted temporal file: /p/11211992-tki-mangrove-restoration/01_data/0_Workflow/13_Mask/400/BIN_S01E008.tif
🗑️ Deleted temporal file: /p/11211992-tki-mangrove-restoration/01_data/0_Workflow/13_Mask/400/FIL_S01E008.tif

>>> Processing tile: S12E166
⚠️ Raster missing for tile S12E166: /p/11211992-tki-mangrove-restoration/01_data/0_Workflow/8_Coastline/400/PRC_S12E166.tif
✅ Created placeholder raster: /p/11211992-tki-mangrove-restoration/01_data/0_Workflow/8_Coastline/400/PRC_S12E166.tif
⚠️ Raster missing for tile S12E166: /p/11211992-tki-mangrove-restoration/01_data/0_Workflow/7_Rivers/400/PRR_S12E166.tif
✅ Created placeholder raster: /p/11211992-tki-mangrove-restoration/01_data/0_Workflow/7_Rivers/400/PRR_S12E166.tif
📐 Raster calculator expression:
(((("PRC_S12E166@1" = 0) - ("PRR_S12E166@1" > 0) - ("PRM_S12E166@1" > (60/100))) > 0) + "GMW_S12E166_2020@1" + "LAN_S12E166@1" + "WAT_S12E166@1") > 0
✔ Saved: /p/11211992-tki-mangrove-restoration/01_data/0_Workflow/13_Mask/400/NVA_S12E166.tif
🗑️ Deleted temporal file: /p/11211992-tki-mangrove-restoration/01_data/0_Workflow/13_Mask/400/BIN_S12E166.tif
🗑️ Deleted temporal file: /p/11211992-tki-mangrove-restoration/01_data/0_Workflow/13_Mask/400/FIL_S12E166.tif

>>> Processing tile: S16E129
⚠️ Raster missing for tile S16E129: /p/11211992-tki-mangrove-restoration/01_data/0_Workflow/8_Coastline/400/PRC_S16E129.tif
✅ Created placeholder raster: /p/11211992-tki-mangrove-restoration/01_data/0_Workflow/8_Coastline/400/PRC_S16E129.tif
⚠️ Raster missing for tile S16E129: /p/11211992-tki-mangrove-restoration/01_data/0_Workflow/7_Rivers/400/PRR_S16E129.tif
✅ Created placeholder raster: /p/11211992-tki-mangrove-restoration/01_data/0_Workflow/7_Rivers/400/PRR_S16E129.tif
📐 Raster calculator expression:
(((("PRC_S16E129@1" = 0) - ("PRR_S16E129@1" > 0) - ("PRM_S16E129@1" > (60/100))) > 0) + "GMW_S16E129_2020@1" + "LAN_S16E129@1" + "WAT_S16E129@1") > 0
✔ Saved: /p/11211992-tki-mangrove-restoration/01_data/0_Workflow/13_Mask/400/NVA_S16E129.tif
🗑️ Deleted temporal file: /p/11211992-tki-mangrove-restoration/01_data/0_Workflow/13_Mask/400/BIN_S16E129.tif
🗑️ Deleted temporal file: /p/11211992-tki-mangrove-restoration/01_data/0_Workflow/13_Mask/400/FIL_S16E129.tif

>>> Processing tile: S30E114
⚠️ Raster missing for tile S30E114: /p/11211992-tki-mangrove-restoration/01_data/0_Workflow/8_Coastline/400/PRC_S30E114.tif
✅ Created placeholder raster: /p/11211992-tki-mangrove-restoration/01_data/0_Workflow/8_Coastline/400/PRC_S30E114.tif
⚠️ Raster missing for tile S30E114: /p/11211992-tki-mangrove-restoration/01_data/0_Workflow/7_Rivers/400/PRR_S30E114.tif
✅ Created placeholder raster: /p/11211992-tki-mangrove-restoration/01_data/0_Workflow/7_Rivers/400/PRR_S30E114.tif
📐 Raster calculator expression:
(((("PRC_S30E114@1" = 0) - ("PRR_S30E114@1" > 0) - ("PRM_S30E114@1" > (60/100))) > 0) + "GMW_S30E114_2020@1" + "LAN_S30E114@1" + "WAT_S30E114@1") > 0
✔ Saved: /p/11211992-tki-mangrove-restoration/01_data/0_Workflow/13_Mask/400/NVA_S30E114.tif
🗑️ Deleted temporal file: /p/11211992-tki-mangrove-restoration/01_data/0_Workflow/13_Mask/400/BIN_S30E114.tif
🗑️ Deleted temporal file: /p/11211992-tki-mangrove-restoration/01_data/0_Workflow/13_Mask/400/FIL_S30E114.tif

>>> Processing tile: N26W082
⚠️ Raster missing for tile N26W082: /p/11211992-tki-mangrove-restoration/01_data/0_Workflow/8_Coastline/400/PRC_N26W082.tif
✅ Created placeholder raster: /p/11211992-tki-mangrove-restoration/01_data/0_Workflow/8_Coastline/400/PRC_N26W082.tif
⚠️ Raster missing for tile N26W082: /p/11211992-tki-mangrove-restoration/01_data/0_Workflow/7_Rivers/400/PRR_N26W082.tif
✅ Created placeholder raster: /p/11211992-tki-mangrove-restoration/01_data/0_Workflow/7_Rivers/400/PRR_N26W082.tif
📐 Raster calculator expression:
(((("PRC_N26W082@1" = 0) - ("PRR_N26W082@1" > 0) - ("PRM_N26W082@1" > (60/100))) > 0) + "GMW_N26W082_2020@1" + "LAN_N26W082@1" + "WAT_N26W082@1") > 0
✔ Saved: /p/11211992-tki-mangrove-restoration/01_data/0_Workflow/13_Mask/400/NVA_N26W082.tif
🗑️ Deleted temporal file: /p/11211992-tki-mangrove-restoration/01_data/0_Workflow/13_Mask/400/BIN_N26W082.tif
🗑️ Deleted temporal file: /p/11211992-tki-mangrove-restoration/01_data/0_Workflow/13_Mask/400/FIL_N26W082.tif

>>> Processing tile: S21E148
⚠️ Raster missing for tile S21E148: /p/11211992-tki-mangrove-restoration/01_data/0_Workflow/8_Coastline/400/PRC_S21E148.tif
✅ Created placeholder raster: /p/11211992-tki-mangrove-restoration/01_data/0_Workflow/8_Coastline/400/PRC_S21E148.tif
⚠️ Raster missing for tile S21E148: /p/11211992-tki-mangrove-restoration/01_data/0_Workflow/7_Rivers/400/PRR_S21E148.tif
✅ Created placeholder raster: /p/11211992-tki-mangrove-restoration/01_data/0_Workflow/7_Rivers/400/PRR_S21E148.tif
📐 Raster calculator expression:
(((("PRC_S21E148@1" = 0) - ("PRR_S21E148@1" > 0) - ("PRM_S21E148@1" > (60/100))) > 0) + "GMW_S21E148_2020@1" + "LAN_S21E148@1" + "WAT_S21E148@1") > 0
✔ Saved: /p/11211992-tki-mangrove-restoration/01_data/0_Workflow/13_Mask/400/NVA_S21E148.tif
🗑️ Deleted temporal file: /p/11211992-tki-mangrove-restoration/01_data/0_Workflow/13_Mask/400/BIN_S21E148.tif
🗑️ Deleted temporal file: /p/11211992-tki-mangrove-restoration/01_data/0_Workflow/13_Mask/400/FIL_S21E148.tif

>>> Processing tile: N10W086
⚠️ Raster missing for tile N10W086: /p/11211992-tki-mangrove-restoration/01_data/0_Workflow/8_Coastline/400/PRC_N10W086.tif
✅ Created placeholder raster: /p/11211992-tki-mangrove-restoration/01_data/0_Workflow/8_Coastline/400/PRC_N10W086.tif
⚠️ Raster missing for tile N10W086: /p/11211992-tki-mangrove-restoration/01_data/0_Workflow/7_Rivers/400/PRR_N10W086.tif
✅ Created placeholder raster: /p/11211992-tki-mangrove-restoration/01_data/0_Workflow/7_Rivers/400/PRR_N10W086.tif
📐 Raster calculator expression:
(((("PRC_N10W086@1" = 0) - ("PRR_N10W086@1" > 0) - ("PRM_N10W086@1" > (60/100))) > 0) + "GMW_N10W086_2020@1" + "LAN_N10W086@1" + "WAT_N10W086@1") > 0
✔ Saved: /p/11211992-tki-mangrove-restoration/01_data/0_Workflow/13_Mask/400/NVA_N10W086.tif
🗑️ Deleted temporal file: /p/11211992-tki-mangrove-restoration/01_data/0_Workflow/13_Mask/400/BIN_N10W086.tif
🗑️ Deleted temporal file: /p/11211992-tki-mangrove-restoration/01_data/0_Workflow/13_Mask/400/FIL_N10W086.tif

>>> Processing tile: S16E049
⚠️ Raster missing for tile S16E049: /p/11211992-tki-mangrove-restoration/01_data/0_Workflow/8_Coastline/400/PRC_S16E049.tif
✅ Created placeholder raster: /p/11211992-tki-mangrove-restoration/01_data/0_Workflow/8_Coastline/400/PRC_S16E049.tif
⚠️ Raster missing for tile S16E049: /p/11211992-tki-mangrove-restoration/01_data/0_Workflow/7_Rivers/400/PRR_S16E049.tif
✅ Created placeholder raster: /p/11211992-tki-mangrove-restoration/01_data/0_Workflow/7_Rivers/400/PRR_S16E049.tif
📐 Raster calculator expression:
(((("PRC_S16E049@1" = 0) - ("PRR_S16E049@1" > 0) - ("PRM_S16E049@1" > (60/100))) > 0) + "GMW_S16E049_2020@1" + "LAN_S16E049@1" + "WAT_S16E049@1") > 0
✔ Saved: /p/11211992-tki-mangrove-restoration/01_data/0_Workflow/13_Mask/400/NVA_S16E049.tif
🗑️ Deleted temporal file: /p/11211992-tki-mangrove-restoration/01_data/0_Workflow/13_Mask/400/BIN_S16E049.tif
🗑️ Deleted temporal file: /p/11211992-tki-mangrove-restoration/01_data/0_Workflow/13_Mask/400/FIL_S16E049.tif

>>> Processing tile: S15E134
⚠️ Raster missing for tile S15E134: /p/11211992-tki-mangrove-restoration/01_data/0_Workflow/8_Coastline/400/PRC_S15E134.tif
✅ Created placeholder raster: /p/11211992-tki-mangrove-restoration/01_data/0_Workflow/8_Coastline/400/PRC_S15E134.tif
⚠️ Raster missing for tile S15E134: /p/11211992-tki-mangrove-restoration/01_data/0_Workflow/7_Rivers/400/PRR_S15E134.tif
✅ Created placeholder raster: /p/11211992-tki-mangrove-restoration/01_data/0_Workflow/7_Rivers/400/PRR_S15E134.tif
📐 Raster calculator expression:
(((("PRC_S15E134@1" = 0) - ("PRR_S15E134@1" > 0) - ("PRM_S15E134@1" > (60/100))) > 0) + "GMW_S15E134_2020@1" + "LAN_S15E134@1" + "WAT_S15E134@1") > 0
✔ Saved: /p/11211992-tki-mangrove-restoration/01_data/0_Workflow/13_Mask/400/NVA_S15E134.tif
🗑️ Deleted temporal file: /p/11211992-tki-mangrove-restoration/01_data/0_Workflow/13_Mask/400/BIN_S15E134.tif
🗑️ Deleted temporal file: /p/11211992-tki-mangrove-restoration/01_data/0_Workflow/13_Mask/400/FIL_S15E134.tif

>>> Processing tile: N26W083
⚠️ Raster missing for tile N26W083: /p/11211992-tki-mangrove-restoration/01_data/0_Workflow/8_Coastline/400/PRC_N26W083.tif
✅ Created placeholder raster: /p/11211992-tki-mangrove-restoration/01_data/0_Workflow/8_Coastline/400/PRC_N26W083.tif
⚠️ Raster missing for tile N26W083: /p/11211992-tki-mangrove-restoration/01_data/0_Workflow/7_Rivers/400/PRR_N26W083.tif
✅ Created placeholder raster: /p/11211992-tki-mangrove-restoration/01_data/0_Workflow/7_Rivers/400/PRR_N26W083.tif
📐 Raster calculator expression:
(((("PRC_N26W083@1" = 0) - ("PRR_N26W083@1" > 0) - ("PRM_N26W083@1" > (60/100))) > 0) + "GMW_N26W083_2020@1" + "LAN_N26W083@1" + "WAT_N26W083@1") > 0
✔ Saved: /p/11211992-tki-mangrove-restoration/01_data/0_Workflow/13_Mask/400/NVA_N26W083.tif
🗑️ Deleted temporal file: /p/11211992-tki-mangrove-restoration/01_data/0_Workflow/13_Mask/400/BIN_N26W083.tif
🗑️ Deleted temporal file: /p/11211992-tki-mangrove-restoration/01_data/0_Workflow/13_Mask/400/FIL_N26W083.tif

>>> Processing tile: S16E128
⚠️ Raster missing for tile S16E128: /p/11211992-tki-mangrove-restoration/01_data/0_Workflow/8_Coastline/400/PRC_S16E128.tif
✅ Created placeholder raster: /p/11211992-tki-mangrove-restoration/01_data/0_Workflow/8_Coastline/400/PRC_S16E128.tif
⚠️ Raster missing for tile S16E128: /p/11211992-tki-mangrove-restoration/01_data/0_Workflow/7_Rivers/400/PRR_S16E128.tif
✅ Created placeholder raster: /p/11211992-tki-mangrove-restoration/01_data/0_Workflow/7_Rivers/400/PRR_S16E128.tif
📐 Raster calculator expression:
(((("PRC_S16E128@1" = 0) - ("PRR_S16E128@1" > 0) - ("PRM_S16E128@1" > (60/100))) > 0) + "GMW_S16E128_2020@1" + "LAN_S16E128@1" + "WAT_S16E128@1") > 0
✔ Saved: /p/11211992-tki-mangrove-restoration/01_data/0_Workflow/13_Mask/400/NVA_S16E128.tif
🗑️ Deleted temporal file: /p/11211992-tki-mangrove-restoration/01_data/0_Workflow/13_Mask/400/BIN_S16E128.tif
🗑️ Deleted temporal file: /p/11211992-tki-mangrove-restoration/01_data/0_Workflow/13_Mask/400/FIL_S16E128.tif

>>> Processing tile: S21E149
⚠️ Raster missing for tile S21E149: /p/11211992-tki-mangrove-restoration/01_data/0_Workflow/8_Coastline/400/PRC_S21E149.tif
✅ Created placeholder raster: /p/11211992-tki-mangrove-restoration/01_data/0_Workflow/8_Coastline/400/PRC_S21E149.tif
⚠️ Raster missing for tile S21E149: /p/11211992-tki-mangrove-restoration/01_data/0_Workflow/7_Rivers/400/PRR_S21E149.tif
✅ Created placeholder raster: /p/11211992-tki-mangrove-restoration/01_data/0_Workflow/7_Rivers/400/PRR_S21E149.tif
📐 Raster calculator expression:
(((("PRC_S21E149@1" = 0) - ("PRR_S21E149@1" > 0) - ("PRM_S21E149@1" > (60/100))) > 0) + "GMW_S21E149_2020@1" + "LAN_S21E149@1" + "WAT_S21E149@1") > 0
✔ Saved: /p/11211992-tki-mangrove-restoration/01_data/0_Workflow/13_Mask/400/NVA_S21E149.tif
🗑️ Deleted temporal file: /p/11211992-tki-mangrove-restoration/01_data/0_Workflow/13_Mask/400/BIN_S21E149.tif
🗑️ Deleted temporal file: /p/11211992-tki-mangrove-restoration/01_data/0_Workflow/13_Mask/400/FIL_S21E149.tif

>>> Processing tile: N11E043
⚠️ Raster missing for tile N11E043: /p/11211992-tki-mangrove-restoration/01_data/0_Workflow/8_Coastline/400/PRC_N11E043.tif
✅ Created placeholder raster: /p/11211992-tki-mangrove-restoration/01_data/0_Workflow/8_Coastline/400/PRC_N11E043.tif
⚠️ Raster missing for tile N11E043: /p/11211992-tki-mangrove-restoration/01_data/0_Workflow/7_Rivers/400/PRR_N11E043.tif
✅ Created placeholder raster: /p/11211992-tki-mangrove-restoration/01_data/0_Workflow/7_Rivers/400/PRR_N11E043.tif
📐 Raster calculator expression:
(((("PRC_N11E043@1" = 0) - ("PRR_N11E043@1" > 0) - ("PRM_N11E043@1" > (60/100))) > 0) + "GMW_N11E043_2020@1" + "LAN_N11E043@1" + "WAT_N11E043@1") > 0
✔ Saved: /p/11211992-tki-mangrove-restoration/01_data/0_Workflow/13_Mask/400/NVA_N11E043.tif
🗑️ Deleted temporal file: /p/11211992-tki-mangrove-restoration/01_data/0_Workflow/13_Mask/400/BIN_N11E043.tif
🗑️ Deleted temporal file: /p/11211992-tki-mangrove-restoration/01_data/0_Workflow/13_Mask/400/FIL_N11E043.tif

>>> Processing tile: N18W067
⚠️ Raster missing for tile N18W067: /p/11211992-tki-mangrove-restoration/01_data/0_Workflow/8_Coastline/400/PRC_N18W067.tif
✅ Created placeholder raster: /p/11211992-tki-mangrove-restoration/01_data/0_Workflow/8_Coastline/400/PRC_N18W067.tif
⚠️ Raster missing for tile N18W067: /p/11211992-tki-mangrove-restoration/01_data/0_Workflow/7_Rivers/400/PRR_N18W067.tif
✅ Created placeholder raster: /p/11211992-tki-mangrove-restoration/01_data/0_Workflow/7_Rivers/400/PRR_N18W067.tif
📐 Raster calculator expression:
(((("PRC_N18W067@1" = 0) - ("PRR_N18W067@1" > 0) - ("PRM_N18W067@1" > (60/100))) > 0) + "GMW_N18W067_2020@1" + "LAN_N18W067@1" + "WAT_N18W067@1") > 0
✔ Saved: /p/11211992-tki-mangrove-restoration/01_data/0_Workflow/13_Mask/400/NVA_N18W067.tif
🗑️ Deleted temporal file: /p/11211992-tki-mangrove-restoration/01_data/0_Workflow/13_Mask/400/BIN_N18W067.tif
🗑️ Deleted temporal file: /p/11211992-tki-mangrove-restoration/01_data/0_Workflow/13_Mask/400/FIL_N18W067.tif

>>> Processing tile: N20W077
⚠️ Raster missing for tile N20W077: /p/11211992-tki-mangrove-restoration/01_data/0_Workflow/8_Coastline/400/PRC_N20W077.tif
✅ Created placeholder raster: /p/11211992-tki-mangrove-restoration/01_data/0_Workflow/8_Coastline/400/PRC_N20W077.tif
⚠️ Raster missing for tile N20W077: /p/11211992-tki-mangrove-restoration/01_data/0_Workflow/7_Rivers/400/PRR_N20W077.tif
✅ Created placeholder raster: /p/11211992-tki-mangrove-restoration/01_data/0_Workflow/7_Rivers/400/PRR_N20W077.tif
📐 Raster calculator expression:
(((("PRC_N20W077@1" = 0) - ("PRR_N20W077@1" > 0) - ("PRM_N20W077@1" > (60/100))) > 0) + "GMW_N20W077_2020@1" + "LAN_N20W077@1" + "WAT_N20W077@1") > 0
✔ Saved: /p/11211992-tki-mangrove-restoration/01_data/0_Workflow/13_Mask/400/NVA_N20W077.tif
🗑️ Deleted temporal file: /p/11211992-tki-mangrove-restoration/01_data/0_Workflow/13_Mask/400/BIN_N20W077.tif
🗑️ Deleted temporal file: /p/11211992-tki-mangrove-restoration/01_data/0_Workflow/13_Mask/400/FIL_N20W077.tif

>>> Processing tile: N16E039
⚠️ Raster missing for tile N16E039: /p/11211992-tki-mangrove-restoration/01_data/0_Workflow/8_Coastline/400/PRC_N16E039.tif
✅ Created placeholder raster: /p/11211992-tki-mangrove-restoration/01_data/0_Workflow/8_Coastline/400/PRC_N16E039.tif
⚠️ Raster missing for tile N16E039: /p/11211992-tki-mangrove-restoration/01_data/0_Workflow/7_Rivers/400/PRR_N16E039.tif
✅ Created placeholder raster: /p/11211992-tki-mangrove-restoration/01_data/0_Workflow/7_Rivers/400/PRR_N16E039.tif
📐 Raster calculator expression:
(((("PRC_N16E039@1" = 0) - ("PRR_N16E039@1" > 0) - ("PRM_N16E039@1" > (60/100))) > 0) + "GMW_N16E039_2020@1" + "LAN_N16E039@1" + "WAT_N16E039@1") > 0
✔ Saved: /p/11211992-tki-mangrove-restoration/01_data/0_Workflow/13_Mask/400/NVA_N16E039.tif
🗑️ Deleted temporal file: /p/11211992-tki-mangrove-restoration/01_data/0_Workflow/13_Mask/400/BIN_N16E039.tif
🗑️ Deleted temporal file: /p/11211992-tki-mangrove-restoration/01_data/0_Workflow/13_Mask/400/FIL_N16E039.tif

>>> Processing tile: N18W066
⚠️ Raster missing for tile N18W066: /p/11211992-tki-mangrove-restoration/01_data/0_Workflow/8_Coastline/400/PRC_N18W066.tif
✅ Created placeholder raster: /p/11211992-tki-mangrove-restoration/01_data/0_Workflow/8_Coastline/400/PRC_N18W066.tif
⚠️ Raster missing for tile N18W066: /p/11211992-tki-mangrove-restoration/01_data/0_Workflow/7_Rivers/400/PRR_N18W066.tif
✅ Created placeholder raster: /p/11211992-tki-mangrove-restoration/01_data/0_Workflow/7_Rivers/400/PRR_N18W066.tif
📐 Raster calculator expression:
(((("PRC_N18W066@1" = 0) - ("PRR_N18W066@1" > 0) - ("PRM_N18W066@1" > (60/100))) > 0) + "GMW_N18W066_2020@1" + "LAN_N18W066@1" + "WAT_N18W066@1") > 0
✔ Saved: /p/11211992-tki-mangrove-restoration/01_data/0_Workflow/13_Mask/400/NVA_N18W066.tif
🗑️ Deleted temporal file: /p/11211992-tki-mangrove-restoration/01_data/0_Workflow/13_Mask/400/BIN_N18W066.tif
🗑️ Deleted temporal file: /p/11211992-tki-mangrove-restoration/01_data/0_Workflow/13_Mask/400/FIL_N18W066.tif

>>> Processing tile: N25E061
⚠️ Raster missing for tile N25E061: /p/11211992-tki-mangrove-restoration/01_data/0_Workflow/8_Coastline/400/PRC_N25E061.tif
✅ Created placeholder raster: /p/11211992-tki-mangrove-restoration/01_data/0_Workflow/8_Coastline/400/PRC_N25E061.tif
⚠️ Raster missing for tile N25E061: /p/11211992-tki-mangrove-restoration/01_data/0_Workflow/7_Rivers/400/PRR_N25E061.tif
✅ Created placeholder raster: /p/11211992-tki-mangrove-restoration/01_data/0_Workflow/7_Rivers/400/PRR_N25E061.tif
📐 Raster calculator expression:
(((("PRC_N25E061@1" = 0) - ("PRR_N25E061@1" > 0) - ("PRM_N25E061@1" > (60/100))) > 0) + "GMW_N25E061_2020@1" + "LAN_N25E061@1" + "WAT_N25E061@1") > 0
✔ Saved: /p/11211992-tki-mangrove-restoration/01_data/0_Workflow/13_Mask/400/NVA_N25E061.tif
🗑️ Deleted temporal file: /p/11211992-tki-mangrove-restoration/01_data/0_Workflow/13_Mask/400/BIN_N25E061.tif
🗑️ Deleted temporal file: /p/11211992-tki-mangrove-restoration/01_data/0_Workflow/13_Mask/400/FIL_N25E061.tif

>>> Processing tile: N26E055
⚠️ Raster missing for tile N26E055: /p/11211992-tki-mangrove-restoration/01_data/0_Workflow/8_Coastline/400/PRC_N26E055.tif
✅ Created placeholder raster: /p/11211992-tki-mangrove-restoration/01_data/0_Workflow/8_Coastline/400/PRC_N26E055.tif
⚠️ Raster missing for tile N26E055: /p/11211992-tki-mangrove-restoration/01_data/0_Workflow/7_Rivers/400/PRR_N26E055.tif
✅ Created placeholder raster: /p/11211992-tki-mangrove-restoration/01_data/0_Workflow/7_Rivers/400/PRR_N26E055.tif
📐 Raster calculator expression:
(((("PRC_N26E055@1" = 0) - ("PRR_N26E055@1" > 0) - ("PRM_N26E055@1" > (60/100))) > 0) + "GMW_N26E055_2020@1" + "LAN_N26E055@1" + "WAT_N26E055@1") > 0
✔ Saved: /p/11211992-tki-mangrove-restoration/01_data/0_Workflow/13_Mask/400/NVA_N26E055.tif
🗑️ Deleted temporal file: /p/11211992-tki-mangrove-restoration/01_data/0_Workflow/13_Mask/400/BIN_N26E055.tif
🗑️ Deleted temporal file: /p/11211992-tki-mangrove-restoration/01_data/0_Workflow/13_Mask/400/FIL_N26E055.tif

>>> Processing tile: N20W076
⚠️ Raster missing for tile N20W076: /p/11211992-tki-mangrove-restoration/01_data/0_Workflow/8_Coastline/400/PRC_N20W076.tif
✅ Created placeholder raster: /p/11211992-tki-mangrove-restoration/01_data/0_Workflow/8_Coastline/400/PRC_N20W076.tif
⚠️ Raster missing for tile N20W076: /p/11211992-tki-mangrove-restoration/01_data/0_Workflow/7_Rivers/400/PRR_N20W076.tif
✅ Created placeholder raster: /p/11211992-tki-mangrove-restoration/01_data/0_Workflow/7_Rivers/400/PRR_N20W076.tif
📐 Raster calculator expression:
(((("PRC_N20W076@1" = 0) - ("PRR_N20W076@1" > 0) - ("PRM_N20W076@1" > (60/100))) > 0) + "GMW_N20W076_2020@1" + "LAN_N20W076@1" + "WAT_N20W076@1") > 0
✔ Saved: /p/11211992-tki-mangrove-restoration/01_data/0_Workflow/13_Mask/400/NVA_N20W076.tif
🗑️ Deleted temporal file: /p/11211992-tki-mangrove-restoration/01_data/0_Workflow/13_Mask/400/BIN_N20W076.tif
🗑️ Deleted temporal file: /p/11211992-tki-mangrove-restoration/01_data/0_Workflow/13_Mask/400/FIL_N20W076.tif

>>> Processing tile: S36E150
⚠️ Raster missing for tile S36E150: /p/11211992-tki-mangrove-restoration/01_data/0_Workflow/8_Coastline/400/PRC_S36E150.tif
✅ Created placeholder raster: /p/11211992-tki-mangrove-restoration/01_data/0_Workflow/8_Coastline/400/PRC_S36E150.tif
⚠️ Raster missing for tile S36E150: /p/11211992-tki-mangrove-restoration/01_data/0_Workflow/7_Rivers/400/PRR_S36E150.tif
✅ Created placeholder raster: /p/11211992-tki-mangrove-restoration/01_data/0_Workflow/7_Rivers/400/PRR_S36E150.tif
📐 Raster calculator expression:
(((("PRC_S36E150@1" = 0) - ("PRR_S36E150@1" > 0) - ("PRM_S36E150@1" > (60/100))) > 0) + "GMW_S36E150_2020@1" + "LAN_S36E150@1" + "WAT_S36E150@1") > 0
✔ Saved: /p/11211992-tki-mangrove-restoration/01_data/0_Workflow/13_Mask/400/NVA_S36E150.tif
🗑️ Deleted temporal file: /p/11211992-tki-mangrove-restoration/01_data/0_Workflow/13_Mask/400/BIN_S36E150.tif
🗑️ Deleted temporal file: /p/11211992-tki-mangrove-restoration/01_data/0_Workflow/13_Mask/400/FIL_S36E150.tif

>>> Processing tile: N06E003
⚠️ Raster missing for tile N06E003: /p/11211992-tki-mangrove-restoration/01_data/0_Workflow/8_Coastline/400/PRC_N06E003.tif
✅ Created placeholder raster: /p/11211992-tki-mangrove-restoration/01_data/0_Workflow/8_Coastline/400/PRC_N06E003.tif
⚠️ Raster missing for tile N06E003: /p/11211992-tki-mangrove-restoration/01_data/0_Workflow/7_Rivers/400/PRR_N06E003.tif
✅ Created placeholder raster: /p/11211992-tki-mangrove-restoration/01_data/0_Workflow/7_Rivers/400/PRR_N06E003.tif
📐 Raster calculator expression:
(((("PRC_N06E003@1" = 0) - ("PRR_N06E003@1" > 0) - ("PRM_N06E003@1" > (60/100))) > 0) + "GMW_N06E003_2020@1" + "LAN_N06E003@1" + "WAT_N06E003@1") > 0
✔ Saved: /p/11211992-tki-mangrove-restoration/01_data/0_Workflow/13_Mask/400/NVA_N06E003.tif
🗑️ Deleted temporal file: /p/11211992-tki-mangrove-restoration/01_data/0_Workflow/13_Mask/400/BIN_N06E003.tif
🗑️ Deleted temporal file: /p/11211992-tki-mangrove-restoration/01_data/0_Workflow/13_Mask/400/FIL_N06E003.tif

>>> Processing tile: N05W054
⚠️ Raster missing for tile N05W054: /p/11211992-tki-mangrove-restoration/01_data/0_Workflow/8_Coastline/400/PRC_N05W054.tif
✅ Created placeholder raster: /p/11211992-tki-mangrove-restoration/01_data/0_Workflow/8_Coastline/400/PRC_N05W054.tif
⚠️ Raster missing for tile N05W054: /p/11211992-tki-mangrove-restoration/01_data/0_Workflow/7_Rivers/400/PRR_N05W054.tif
✅ Created placeholder raster: /p/11211992-tki-mangrove-restoration/01_data/0_Workflow/7_Rivers/400/PRR_N05W054.tif
📐 Raster calculator expression:
(((("PRC_N05W054@1" = 0) - ("PRR_N05W054@1" > 0) - ("PRM_N05W054@1" > (60/100))) > 0) + "GMW_N05W054_2020@1" + "LAN_N05W054@1" + "WAT_N05W054@1") > 0
✔ Saved: /p/11211992-tki-mangrove-restoration/01_data/0_Workflow/13_Mask/400/NVA_N05W054.tif
🗑️ Deleted temporal file: /p/11211992-tki-mangrove-restoration/01_data/0_Workflow/13_Mask/400/BIN_N05W054.tif
🗑️ Deleted temporal file: /p/11211992-tki-mangrove-restoration/01_data/0_Workflow/13_Mask/400/FIL_N05W054.tif

>>> Processing tile: N23W084
⚠️ Raster missing for tile N23W084: /p/11211992-tki-mangrove-restoration/01_data/0_Workflow/8_Coastline/400/PRC_N23W084.tif
✅ Created placeholder raster: /p/11211992-tki-mangrove-restoration/01_data/0_Workflow/8_Coastline/400/PRC_N23W084.tif
⚠️ Raster missing for tile N23W084: /p/11211992-tki-mangrove-restoration/01_data/0_Workflow/7_Rivers/400/PRR_N23W084.tif
✅ Created placeholder raster: /p/11211992-tki-mangrove-restoration/01_data/0_Workflow/7_Rivers/400/PRR_N23W084.tif
📐 Raster calculator expression:
(((("PRC_N23W084@1" = 0) - ("PRR_N23W084@1" > 0) - ("PRM_N23W084@1" > (60/100))) > 0) + "GMW_N23W084_2020@1" + "LAN_N23W084@1" + "WAT_N23W084@1") > 0
✔ Saved: /p/11211992-tki-mangrove-restoration/01_data/0_Workflow/13_Mask/400/NVA_N23W084.tif
🗑️ Deleted temporal file: /p/11211992-tki-mangrove-restoration/01_data/0_Workflow/13_Mask/400/BIN_N23W084.tif
🗑️ Deleted temporal file: /p/11211992-tki-mangrove-restoration/01_data/0_Workflow/13_Mask/400/FIL_N23W084.tif

>>> Processing tile: S07E039
⚠️ Raster missing for tile S07E039: /p/11211992-tki-mangrove-restoration/01_data/0_Workflow/8_Coastline/400/PRC_S07E039.tif
✅ Created placeholder raster: /p/11211992-tki-mangrove-restoration/01_data/0_Workflow/8_Coastline/400/PRC_S07E039.tif
⚠️ Raster missing for tile S07E039: /p/11211992-tki-mangrove-restoration/01_data/0_Workflow/7_Rivers/400/PRR_S07E039.tif
✅ Created placeholder raster: /p/11211992-tki-mangrove-restoration/01_data/0_Workflow/7_Rivers/400/PRR_S07E039.tif
📐 Raster calculator expression:
(((("PRC_S07E039@1" = 0) - ("PRR_S07E039@1" > 0) - ("PRM_S07E039@1" > (60/100))) > 0) + "GMW_S07E039_2020@1" + "LAN_S07E039@1" + "WAT_S07E039@1") > 0
✔ Saved: /p/11211992-tki-mangrove-restoration/01_data/0_Workflow/13_Mask/400/NVA_S07E039.tif
🗑️ Deleted temporal file: /p/11211992-tki-mangrove-restoration/01_data/0_Workflow/13_Mask/400/BIN_S07E039.tif
🗑️ Deleted temporal file: /p/11211992-tki-mangrove-restoration/01_data/0_Workflow/13_Mask/400/FIL_S07E039.tif

>>> Processing tile: N05W055
⚠️ Raster missing for tile N05W055: /p/11211992-tki-mangrove-restoration/01_data/0_Workflow/8_Coastline/400/PRC_N05W055.tif
✅ Created placeholder raster: /p/11211992-tki-mangrove-restoration/01_data/0_Workflow/8_Coastline/400/PRC_N05W055.tif
⚠️ Raster missing for tile N05W055: /p/11211992-tki-mangrove-restoration/01_data/0_Workflow/7_Rivers/400/PRR_N05W055.tif
✅ Created placeholder raster: /p/11211992-tki-mangrove-restoration/01_data/0_Workflow/7_Rivers/400/PRR_N05W055.tif
📐 Raster calculator expression:
(((("PRC_N05W055@1" = 0) - ("PRR_N05W055@1" > 0) - ("PRM_N05W055@1" > (60/100))) > 0) + "GMW_N05W055_2020@1" + "LAN_N05W055@1" + "WAT_N05W055@1") > 0
✔ Saved: /p/11211992-tki-mangrove-restoration/01_data/0_Workflow/13_Mask/400/NVA_N05W055.tif
🗑️ Deleted temporal file: /p/11211992-tki-mangrove-restoration/01_data/0_Workflow/13_Mask/400/BIN_N05W055.tif
🗑️ Deleted temporal file: /p/11211992-tki-mangrove-restoration/01_data/0_Workflow/13_Mask/400/FIL_N05W055.tif

>>> Processing tile: S07E038
⚠️ Raster missing for tile S07E038: /p/11211992-tki-mangrove-restoration/01_data/0_Workflow/8_Coastline/400/PRC_S07E038.tif
✅ Created placeholder raster: /p/11211992-tki-mangrove-restoration/01_data/0_Workflow/8_Coastline/400/PRC_S07E038.tif
⚠️ Raster missing for tile S07E038: /p/11211992-tki-mangrove-restoration/01_data/0_Workflow/7_Rivers/400/PRR_S07E038.tif
✅ Created placeholder raster: /p/11211992-tki-mangrove-restoration/01_data/0_Workflow/7_Rivers/400/PRR_S07E038.tif
📐 Raster calculator expression:
(((("PRC_S07E038@1" = 0) - ("PRR_S07E038@1" > 0) - ("PRM_S07E038@1" > (60/100))) > 0) + "GMW_S07E038_2020@1" + "LAN_S07E038@1" + "WAT_S07E038@1") > 0
✔ Saved: /p/11211992-tki-mangrove-restoration/01_data/0_Workflow/13_Mask/400/NVA_S07E038.tif
🗑️ Deleted temporal file: /p/11211992-tki-mangrove-restoration/01_data/0_Workflow/13_Mask/400/BIN_S07E038.tif
🗑️ Deleted temporal file: /p/11211992-tki-mangrove-restoration/01_data/0_Workflow/13_Mask/400/FIL_S07E038.tif

>>> Processing tile: N00W092
⚠️ Raster missing for tile N00W092: /p/11211992-tki-mangrove-restoration/01_data/0_Workflow/8_Coastline/400/PRC_N00W092.tif
✅ Created placeholder raster: /p/11211992-tki-mangrove-restoration/01_data/0_Workflow/8_Coastline/400/PRC_N00W092.tif
⚠️ Raster missing for tile N00W092: /p/11211992-tki-mangrove-restoration/01_data/0_Workflow/7_Rivers/400/PRR_N00W092.tif
✅ Created placeholder raster: /p/11211992-tki-mangrove-restoration/01_data/0_Workflow/7_Rivers/400/PRR_N00W092.tif
📐 Raster calculator expression:
(((("PRC_N00W092@1" = 0) - ("PRR_N00W092@1" > 0) - ("PRM_N00W092@1" > (60/100))) > 0) + "GMW_N00W092_2020@1" + "LAN_N00W092@1" + "WAT_N00W092@1") > 0
✔ Saved: /p/11211992-tki-mangrove-restoration/01_data/0_Workflow/13_Mask/400/NVA_N00W092.tif
🗑️ Deleted temporal file: /p/11211992-tki-mangrove-restoration/01_data/0_Workflow/13_Mask/400/BIN_N00W092.tif
🗑️ Deleted temporal file: /p/11211992-tki-mangrove-restoration/01_data/0_Workflow/13_Mask/400/FIL_N00W092.tif

>>> Processing tile: N19W077
⚠️ Raster missing for tile N19W077: /p/11211992-tki-mangrove-restoration/01_data/0_Workflow/8_Coastline/400/PRC_N19W077.tif
✅ Created placeholder raster: /p/11211992-tki-mangrove-restoration/01_data/0_Workflow/8_Coastline/400/PRC_N19W077.tif
⚠️ Raster missing for tile N19W077: /p/11211992-tki-mangrove-restoration/01_data/0_Workflow/7_Rivers/400/PRR_N19W077.tif
✅ Created placeholder raster: /p/11211992-tki-mangrove-restoration/01_data/0_Workflow/7_Rivers/400/PRR_N19W077.tif
📐 Raster calculator expression:
(((("PRC_N19W077@1" = 0) - ("PRR_N19W077@1" > 0) - ("PRM_N19W077@1" > (60/100))) > 0) + "GMW_N19W077_2020@1" + "LAN_N19W077@1" + "WAT_N19W077@1") > 0
✔ Saved: /p/11211992-tki-mangrove-restoration/01_data/0_Workflow/13_Mask/400/NVA_N19W077.tif
🗑️ Deleted temporal file: /p/11211992-tki-mangrove-restoration/01_data/0_Workflow/13_Mask/400/BIN_N19W077.tif
🗑️ Deleted temporal file: /p/11211992-tki-mangrove-restoration/01_data/0_Workflow/13_Mask/400/FIL_N19W077.tif

>>> Processing tile: S05E011
⚠️ Raster missing for tile S05E011: /p/11211992-tki-mangrove-restoration/01_data/0_Workflow/8_Coastline/400/PRC_S05E011.tif
✅ Created placeholder raster: /p/11211992-tki-mangrove-restoration/01_data/0_Workflow/8_Coastline/400/PRC_S05E011.tif
⚠️ Raster missing for tile S05E011: /p/11211992-tki-mangrove-restoration/01_data/0_Workflow/7_Rivers/400/PRR_S05E011.tif
✅ Created placeholder raster: /p/11211992-tki-mangrove-restoration/01_data/0_Workflow/7_Rivers/400/PRR_S05E011.tif
📐 Raster calculator expression:
(((("PRC_S05E011@1" = 0) - ("PRR_S05E011@1" > 0) - ("PRM_S05E011@1" > (60/100))) > 0) + "GMW_S05E011_2020@1" + "LAN_S05E011@1" + "WAT_S05E011@1") > 0
✔ Saved: /p/11211992-tki-mangrove-restoration/01_data/0_Workflow/13_Mask/400/NVA_S05E011.tif
🗑️ Deleted temporal file: /p/11211992-tki-mangrove-restoration/01_data/0_Workflow/13_Mask/400/BIN_S05E011.tif
🗑️ Deleted temporal file: /p/11211992-tki-mangrove-restoration/01_data/0_Workflow/13_Mask/400/FIL_S05E011.tif

>>> Processing tile: S06E145
⚠️ Raster missing for tile S06E145: /p/11211992-tki-mangrove-restoration/01_data/0_Workflow/8_Coastline/400/PRC_S06E145.tif
✅ Created placeholder raster: /p/11211992-tki-mangrove-restoration/01_data/0_Workflow/8_Coastline/400/PRC_S06E145.tif
⚠️ Raster missing for tile S06E145: /p/11211992-tki-mangrove-restoration/01_data/0_Workflow/7_Rivers/400/PRR_S06E145.tif
✅ Created placeholder raster: /p/11211992-tki-mangrove-restoration/01_data/0_Workflow/7_Rivers/400/PRR_S06E145.tif
📐 Raster calculator expression:
(((("PRC_S06E145@1" = 0) - ("PRR_S06E145@1" > 0) - ("PRM_S06E145@1" > (60/100))) > 0) + "GMW_S06E145_2020@1" + "LAN_S06E145@1" + "WAT_S06E145@1") > 0
✔ Saved: /p/11211992-tki-mangrove-restoration/01_data/0_Workflow/13_Mask/400/NVA_S06E145.tif
🗑️ Deleted temporal file: /p/11211992-tki-mangrove-restoration/01_data/0_Workflow/13_Mask/400/BIN_S06E145.tif
🗑️ Deleted temporal file: /p/11211992-tki-mangrove-restoration/01_data/0_Workflow/13_Mask/400/FIL_S06E145.tif

>>> Processing tile: S09E142
⚠️ Raster missing for tile S09E142: /p/11211992-tki-mangrove-restoration/01_data/0_Workflow/8_Coastline/400/PRC_S09E142.tif
✅ Created placeholder raster: /p/11211992-tki-mangrove-restoration/01_data/0_Workflow/8_Coastline/400/PRC_S09E142.tif
⚠️ Raster missing for tile S09E142: /p/11211992-tki-mangrove-restoration/01_data/0_Workflow/7_Rivers/400/PRR_S09E142.tif
✅ Created placeholder raster: /p/11211992-tki-mangrove-restoration/01_data/0_Workflow/7_Rivers/400/PRR_S09E142.tif
📐 Raster calculator expression:
(((("PRC_S09E142@1" = 0) - ("PRR_S09E142@1" > 0) - ("PRM_S09E142@1" > (60/100))) > 0) + "GMW_S09E142_2020@1" + "LAN_S09E142@1" + "WAT_S09E142@1") > 0
✔ Saved: /p/11211992-tki-mangrove-restoration/01_data/0_Workflow/13_Mask/400/NVA_S09E142.tif
🗑️ Deleted temporal file: /p/11211992-tki-mangrove-restoration/01_data/0_Workflow/13_Mask/400/BIN_S09E142.tif
🗑️ Deleted temporal file: /p/11211992-tki-mangrove-restoration/01_data/0_Workflow/13_Mask/400/FIL_S09E142.tif

>>> Processing tile: S31E152
⚠️ Raster missing for tile S31E152: /p/11211992-tki-mangrove-restoration/01_data/0_Workflow/8_Coastline/400/PRC_S31E152.tif
✅ Created placeholder raster: /p/11211992-tki-mangrove-restoration/01_data/0_Workflow/8_Coastline/400/PRC_S31E152.tif
⚠️ Raster missing for tile S31E152: /p/11211992-tki-mangrove-restoration/01_data/0_Workflow/7_Rivers/400/PRR_S31E152.tif
✅ Created placeholder raster: /p/11211992-tki-mangrove-restoration/01_data/0_Workflow/7_Rivers/400/PRR_S31E152.tif
📐 Raster calculator expression:
(((("PRC_S31E152@1" = 0) - ("PRR_S31E152@1" > 0) - ("PRM_S31E152@1" > (60/100))) > 0) + "GMW_S31E152_2020@1" + "LAN_S31E152@1" + "WAT_S31E152@1") > 0
✔ Saved: /p/11211992-tki-mangrove-restoration/01_data/0_Workflow/13_Mask/400/NVA_S31E152.tif
🗑️ Deleted temporal file: /p/11211992-tki-mangrove-restoration/01_data/0_Workflow/13_Mask/400/BIN_S31E152.tif
🗑️ Deleted temporal file: /p/11211992-tki-mangrove-restoration/01_data/0_Workflow/13_Mask/400/FIL_S31E152.tif

>>> Processing tile: S06E053
⚠️ Raster missing for tile S06E053: /p/11211992-tki-mangrove-restoration/01_data/0_Workflow/8_Coastline/400/PRC_S06E053.tif
✅ Created placeholder raster: /p/11211992-tki-mangrove-restoration/01_data/0_Workflow/8_Coastline/400/PRC_S06E053.tif
⚠️ Raster missing for tile S06E053: /p/11211992-tki-mangrove-restoration/01_data/0_Workflow/7_Rivers/400/PRR_S06E053.tif
✅ Created placeholder raster: /p/11211992-tki-mangrove-restoration/01_data/0_Workflow/7_Rivers/400/PRR_S06E053.tif
📐 Raster calculator expression:
(((("PRC_S06E053@1" = 0) - ("PRR_S06E053@1" > 0) - ("PRM_S06E053@1" > (60/100))) > 0) + "GMW_S06E053_2020@1" + "LAN_S06E053@1" + "WAT_S06E053@1") > 0
✔ Saved: /p/11211992-tki-mangrove-restoration/01_data/0_Workflow/13_Mask/400/NVA_S06E053.tif
🗑️ Deleted temporal file: /p/11211992-tki-mangrove-restoration/01_data/0_Workflow/13_Mask/400/BIN_S06E053.tif
🗑️ Deleted temporal file: /p/11211992-tki-mangrove-restoration/01_data/0_Workflow/13_Mask/400/FIL_S06E053.tif

>>> Processing tile: S07E156
⚠️ Raster missing for tile S07E156: /p/11211992-tki-mangrove-restoration/01_data/0_Workflow/8_Coastline/400/PRC_S07E156.tif
✅ Created placeholder raster: /p/11211992-tki-mangrove-restoration/01_data/0_Workflow/8_Coastline/400/PRC_S07E156.tif
⚠️ Raster missing for tile S07E156: /p/11211992-tki-mangrove-restoration/01_data/0_Workflow/7_Rivers/400/PRR_S07E156.tif
✅ Created placeholder raster: /p/11211992-tki-mangrove-restoration/01_data/0_Workflow/7_Rivers/400/PRR_S07E156.tif
📐 Raster calculator expression:
(((("PRC_S07E156@1" = 0) - ("PRR_S07E156@1" > 0) - ("PRM_S07E156@1" > (60/100))) > 0) + "GMW_S07E156_2020@1" + "LAN_S07E156@1" + "WAT_S07E156@1") > 0
✔ Saved: /p/11211992-tki-mangrove-restoration/01_data/0_Workflow/13_Mask/400/NVA_S07E156.tif
🗑️ Deleted temporal file: /p/11211992-tki-mangrove-restoration/01_data/0_Workflow/13_Mask/400/BIN_S07E156.tif
🗑️ Deleted temporal file: /p/11211992-tki-mangrove-restoration/01_data/0_Workflow/13_Mask/400/FIL_S07E156.tif

>>> Processing tile: S20E179
⚠️ Raster missing for tile S20E179: /p/11211992-tki-mangrove-restoration/01_data/0_Workflow/8_Coastline/400/PRC_S20E179.tif
✅ Created placeholder raster: /p/11211992-tki-mangrove-restoration/01_data/0_Workflow/8_Coastline/400/PRC_S20E179.tif
⚠️ Raster missing for tile S20E179: /p/11211992-tki-mangrove-restoration/01_data/0_Workflow/7_Rivers/400/PRR_S20E179.tif
✅ Created placeholder raster: /p/11211992-tki-mangrove-restoration/01_data/0_Workflow/7_Rivers/400/PRR_S20E179.tif
📐 Raster calculator expression:
(((("PRC_S20E179@1" = 0) - ("PRR_S20E179@1" > 0) - ("PRM_S20E179@1" > (60/100))) > 0) + "GMW_S20E179_2020@1" + "LAN_S20E179@1" + "WAT_S20E179@1") > 0
✔ Saved: /p/11211992-tki-mangrove-restoration/01_data/0_Workflow/13_Mask/400/NVA_S20E179.tif
🗑️ Deleted temporal file: /p/11211992-tki-mangrove-restoration/01_data/0_Workflow/13_Mask/400/BIN_S20E179.tif
🗑️ Deleted temporal file: /p/11211992-tki-mangrove-restoration/01_data/0_Workflow/13_Mask/400/FIL_S20E179.tif

>>> Processing tile: S09E143
⚠️ Raster missing for tile S09E143: /p/11211992-tki-mangrove-restoration/01_data/0_Workflow/8_Coastline/400/PRC_S09E143.tif
✅ Created placeholder raster: /p/11211992-tki-mangrove-restoration/01_data/0_Workflow/8_Coastline/400/PRC_S09E143.tif
⚠️ Raster missing for tile S09E143: /p/11211992-tki-mangrove-restoration/01_data/0_Workflow/7_Rivers/400/PRR_S09E143.tif
✅ Created placeholder raster: /p/11211992-tki-mangrove-restoration/01_data/0_Workflow/7_Rivers/400/PRR_S09E143.tif
📐 Raster calculator expression:
(((("PRC_S09E143@1" = 0) - ("PRR_S09E143@1" > 0) - ("PRM_S09E143@1" > (60/100))) > 0) + "GMW_S09E143_2020@1" + "LAN_S09E143@1" + "WAT_S09E143@1") > 0
✔ Saved: /p/11211992-tki-mangrove-restoration/01_data/0_Workflow/13_Mask/400/NVA_S09E143.tif
🗑️ Deleted temporal file: /p/11211992-tki-mangrove-restoration/01_data/0_Workflow/13_Mask/400/BIN_S09E143.tif
🗑️ Deleted temporal file: /p/11211992-tki-mangrove-restoration/01_data/0_Workflow/13_Mask/400/FIL_S09E143.tif

>>> Processing tile: S08E178
⚠️ Raster missing for tile S08E178: /p/11211992-tki-mangrove-restoration/01_data/0_Workflow/8_Coastline/400/PRC_S08E178.tif
✅ Created placeholder raster: /p/11211992-tki-mangrove-restoration/01_data/0_Workflow/8_Coastline/400/PRC_S08E178.tif
⚠️ Raster missing for tile S08E178: /p/11211992-tki-mangrove-restoration/01_data/0_Workflow/7_Rivers/400/PRR_S08E178.tif
✅ Created placeholder raster: /p/11211992-tki-mangrove-restoration/01_data/0_Workflow/7_Rivers/400/PRR_S08E178.tif
📐 Raster calculator expression:
(((("PRC_S08E178@1" = 0) - ("PRR_S08E178@1" > 0) - ("PRM_S08E178@1" > (60/100))) > 0) + "GMW_S08E178_2020@1" + "LAN_S08E178@1" + "WAT_S08E178@1") > 0
✔ Saved: /p/11211992-tki-mangrove-restoration/01_data/0_Workflow/13_Mask/400/NVA_S08E178.tif
🗑️ Deleted temporal file: /p/11211992-tki-mangrove-restoration/01_data/0_Workflow/13_Mask/400/BIN_S08E178.tif
🗑️ Deleted temporal file: /p/11211992-tki-mangrove-restoration/01_data/0_Workflow/13_Mask/400/FIL_S08E178.tif

>>> Processing tile: S31E153
⚠️ Raster missing for tile S31E153: /p/11211992-tki-mangrove-restoration/01_data/0_Workflow/8_Coastline/400/PRC_S31E153.tif
✅ Created placeholder raster: /p/11211992-tki-mangrove-restoration/01_data/0_Workflow/8_Coastline/400/PRC_S31E153.tif
⚠️ Raster missing for tile S31E153: /p/11211992-tki-mangrove-restoration/01_data/0_Workflow/7_Rivers/400/PRR_S31E153.tif
✅ Created placeholder raster: /p/11211992-tki-mangrove-restoration/01_data/0_Workflow/7_Rivers/400/PRR_S31E153.tif
📐 Raster calculator expression:
(((("PRC_S31E153@1" = 0) - ("PRR_S31E153@1" > 0) - ("PRM_S31E153@1" > (60/100))) > 0) + "GMW_S31E153_2020@1" + "LAN_S31E153@1" + "WAT_S31E153@1") > 0
✔ Saved: /p/11211992-tki-mangrove-restoration/01_data/0_Workflow/13_Mask/400/NVA_S31E153.tif
🗑️ Deleted temporal file: /p/11211992-tki-mangrove-restoration/01_data/0_Workflow/13_Mask/400/BIN_S31E153.tif
🗑️ Deleted temporal file: /p/11211992-tki-mangrove-restoration/01_data/0_Workflow/13_Mask/400/FIL_S31E153.tif

>>> Processing tile: S07E157
⚠️ Raster missing for tile S07E157: /p/11211992-tki-mangrove-restoration/01_data/0_Workflow/8_Coastline/400/PRC_S07E157.tif
✅ Created placeholder raster: /p/11211992-tki-mangrove-restoration/01_data/0_Workflow/8_Coastline/400/PRC_S07E157.tif
⚠️ Raster missing for tile S07E157: /p/11211992-tki-mangrove-restoration/01_data/0_Workflow/7_Rivers/400/PRR_S07E157.tif
✅ Created placeholder raster: /p/11211992-tki-mangrove-restoration/01_data/0_Workflow/7_Rivers/400/PRR_S07E157.tif
📐 Raster calculator expression:
(((("PRC_S07E157@1" = 0) - ("PRR_S07E157@1" > 0) - ("PRM_S07E157@1" > (60/100))) > 0) + "GMW_S07E157_2020@1" + "LAN_S07E157@1" + "WAT_S07E157@1") > 0
✔ Saved: /p/11211992-tki-mangrove-restoration/01_data/0_Workflow/13_Mask/400/NVA_S07E157.tif
🗑️ Deleted temporal file: /p/11211992-tki-mangrove-restoration/01_data/0_Workflow/13_Mask/400/BIN_S07E157.tif
🗑️ Deleted temporal file: /p/11211992-tki-mangrove-restoration/01_data/0_Workflow/13_Mask/400/FIL_S07E157.tif

>>> Processing tile: N10W014
⚠️ Raster missing for tile N10W014: /p/11211992-tki-mangrove-restoration/01_data/0_Workflow/8_Coastline/400/PRC_N10W014.tif
✅ Created placeholder raster: /p/11211992-tki-mangrove-restoration/01_data/0_Workflow/8_Coastline/400/PRC_N10W014.tif
⚠️ Raster missing for tile N10W014: /p/11211992-tki-mangrove-restoration/01_data/0_Workflow/7_Rivers/400/PRR_N10W014.tif
✅ Created placeholder raster: /p/11211992-tki-mangrove-restoration/01_data/0_Workflow/7_Rivers/400/PRR_N10W014.tif
📐 Raster calculator expression:
(((("PRC_N10W014@1" = 0) - ("PRR_N10W014@1" > 0) - ("PRM_N10W014@1" > (60/100))) > 0) + "GMW_N10W014_2020@1" + "LAN_N10W014@1" + "WAT_N10W014@1") > 0
✔ Saved: /p/11211992-tki-mangrove-restoration/01_data/0_Workflow/13_Mask/400/NVA_N10W014.tif
🗑️ Deleted temporal file: /p/11211992-tki-mangrove-restoration/01_data/0_Workflow/13_Mask/400/BIN_N10W014.tif
🗑️ Deleted temporal file: /p/11211992-tki-mangrove-restoration/01_data/0_Workflow/13_Mask/400/FIL_N10W014.tif

>>> Processing tile: N11W071
⚠️ Raster missing for tile N11W071: /p/11211992-tki-mangrove-restoration/01_data/0_Workflow/8_Coastline/400/PRC_N11W071.tif
✅ Created placeholder raster: /p/11211992-tki-mangrove-restoration/01_data/0_Workflow/8_Coastline/400/PRC_N11W071.tif
⚠️ Raster missing for tile N11W071: /p/11211992-tki-mangrove-restoration/01_data/0_Workflow/7_Rivers/400/PRR_N11W071.tif
✅ Created placeholder raster: /p/11211992-tki-mangrove-restoration/01_data/0_Workflow/7_Rivers/400/PRR_N11W071.tif
📐 Raster calculator expression:
(((("PRC_N11W071@1" = 0) - ("PRR_N11W071@1" > 0) - ("PRM_N11W071@1" > (60/100))) > 0) + "GMW_N11W071_2020@1" + "LAN_N11W071@1" + "WAT_N11W071@1") > 0
✔ Saved: /p/11211992-tki-mangrove-restoration/01_data/0_Workflow/13_Mask/400/NVA_N11W071.tif
🗑️ Deleted temporal file: /p/11211992-tki-mangrove-restoration/01_data/0_Workflow/13_Mask/400/BIN_N11W071.tif
🗑️ Deleted temporal file: /p/11211992-tki-mangrove-restoration/01_data/0_Workflow/13_Mask/400/FIL_N11W071.tif

>>> Processing tile: S17E145
⚠️ Raster missing for tile S17E145: /p/11211992-tki-mangrove-restoration/01_data/0_Workflow/8_Coastline/400/PRC_S17E145.tif
✅ Created placeholder raster: /p/11211992-tki-mangrove-restoration/01_data/0_Workflow/8_Coastline/400/PRC_S17E145.tif
⚠️ Raster missing for tile S17E145: /p/11211992-tki-mangrove-restoration/01_data/0_Workflow/7_Rivers/400/PRR_S17E145.tif
✅ Created placeholder raster: /p/11211992-tki-mangrove-restoration/01_data/0_Workflow/7_Rivers/400/PRR_S17E145.tif
📐 Raster calculator expression:
(((("PRC_S17E145@1" = 0) - ("PRR_S17E145@1" > 0) - ("PRM_S17E145@1" > (60/100))) > 0) + "GMW_S17E145_2020@1" + "LAN_S17E145@1" + "WAT_S17E145@1") > 0
✔ Saved: /p/11211992-tki-mangrove-restoration/01_data/0_Workflow/13_Mask/400/NVA_S17E145.tif
🗑️ Deleted temporal file: /p/11211992-tki-mangrove-restoration/01_data/0_Workflow/13_Mask/400/BIN_S17E145.tif
🗑️ Deleted temporal file: /p/11211992-tki-mangrove-restoration/01_data/0_Workflow/13_Mask/400/FIL_S17E145.tif

>>> Processing tile: N09E092
⚠️ Raster missing for tile N09E092: /p/11211992-tki-mangrove-restoration/01_data/0_Workflow/8_Coastline/400/PRC_N09E092.tif
✅ Created placeholder raster: /p/11211992-tki-mangrove-restoration/01_data/0_Workflow/8_Coastline/400/PRC_N09E092.tif
⚠️ Raster missing for tile N09E092: /p/11211992-tki-mangrove-restoration/01_data/0_Workflow/7_Rivers/400/PRR_N09E092.tif
✅ Created placeholder raster: /p/11211992-tki-mangrove-restoration/01_data/0_Workflow/7_Rivers/400/PRR_N09E092.tif
📐 Raster calculator expression:
(((("PRC_N09E092@1" = 0) - ("PRR_N09E092@1" > 0) - ("PRM_N09E092@1" > (60/100))) > 0) + "GMW_N09E092_2020@1" + "LAN_N09E092@1" + "WAT_N09E092@1") > 0
✔ Saved: /p/11211992-tki-mangrove-restoration/01_data/0_Workflow/13_Mask/400/NVA_N09E092.tif
🗑️ Deleted temporal file: /p/11211992-tki-mangrove-restoration/01_data/0_Workflow/13_Mask/400/BIN_N09E092.tif
🗑️ Deleted temporal file: /p/11211992-tki-mangrove-restoration/01_data/0_Workflow/13_Mask/400/FIL_N09E092.tif

>>> Processing tile: S16E040
⚠️ Raster missing for tile S16E040: /p/11211992-tki-mangrove-restoration/01_data/0_Workflow/8_Coastline/400/PRC_S16E040.tif
✅ Created placeholder raster: /p/11211992-tki-mangrove-restoration/01_data/0_Workflow/8_Coastline/400/PRC_S16E040.tif
⚠️ Raster missing for tile S16E040: /p/11211992-tki-mangrove-restoration/01_data/0_Workflow/7_Rivers/400/PRR_S16E040.tif
✅ Created placeholder raster: /p/11211992-tki-mangrove-restoration/01_data/0_Workflow/7_Rivers/400/PRR_S16E040.tif
📐 Raster calculator expression:
(((("PRC_S16E040@1" = 0) - ("PRR_S16E040@1" > 0) - ("PRM_S16E040@1" > (60/100))) > 0) + "GMW_S16E040_2020@1" + "LAN_S16E040@1" + "WAT_S16E040@1") > 0
✔ Saved: /p/11211992-tki-mangrove-restoration/01_data/0_Workflow/13_Mask/400/NVA_S16E040.tif
🗑️ Deleted temporal file: /p/11211992-tki-mangrove-restoration/01_data/0_Workflow/13_Mask/400/BIN_S16E040.tif
🗑️ Deleted temporal file: /p/11211992-tki-mangrove-restoration/01_data/0_Workflow/13_Mask/400/FIL_S16E040.tif

>>> Processing tile: N20W078
⚠️ Raster missing for tile N20W078: /p/11211992-tki-mangrove-restoration/01_data/0_Workflow/8_Coastline/400/PRC_N20W078.tif
✅ Created placeholder raster: /p/11211992-tki-mangrove-restoration/01_data/0_Workflow/8_Coastline/400/PRC_N20W078.tif
⚠️ Raster missing for tile N20W078: /p/11211992-tki-mangrove-restoration/01_data/0_Workflow/7_Rivers/400/PRR_N20W078.tif
✅ Created placeholder raster: /p/11211992-tki-mangrove-restoration/01_data/0_Workflow/7_Rivers/400/PRR_N20W078.tif
📐 Raster calculator expression:
(((("PRC_N20W078@1" = 0) - ("PRR_N20W078@1" > 0) - ("PRM_N20W078@1" > (60/100))) > 0) + "GMW_N20W078_2020@1" + "LAN_N20W078@1" + "WAT_N20W078@1") > 0
✔ Saved: /p/11211992-tki-mangrove-restoration/01_data/0_Workflow/13_Mask/400/NVA_N20W078.tif
🗑️ Deleted temporal file: /p/11211992-tki-mangrove-restoration/01_data/0_Workflow/13_Mask/400/BIN_N20W078.tif
🗑️ Deleted temporal file: /p/11211992-tki-mangrove-restoration/01_data/0_Workflow/13_Mask/400/FIL_N20W078.tif

>>> Processing tile: N10W062
⚠️ Raster missing for tile N10W062: /p/11211992-tki-mangrove-restoration/01_data/0_Workflow/8_Coastline/400/PRC_N10W062.tif
✅ Created placeholder raster: /p/11211992-tki-mangrove-restoration/01_data/0_Workflow/8_Coastline/400/PRC_N10W062.tif
⚠️ Raster missing for tile N10W062: /p/11211992-tki-mangrove-restoration/01_data/0_Workflow/7_Rivers/400/PRR_N10W062.tif
✅ Created placeholder raster: /p/11211992-tki-mangrove-restoration/01_data/0_Workflow/7_Rivers/400/PRR_N10W062.tif
📐 Raster calculator expression:
(((("PRC_N10W062@1" = 0) - ("PRR_N10W062@1" > 0) - ("PRM_N10W062@1" > (60/100))) > 0) + "GMW_N10W062_2020@1" + "LAN_N10W062@1" + "WAT_N10W062@1") > 0
✔ Saved: /p/11211992-tki-mangrove-restoration/01_data/0_Workflow/13_Mask/400/NVA_N10W062.tif
🗑️ Deleted temporal file: /p/11211992-tki-mangrove-restoration/01_data/0_Workflow/13_Mask/400/BIN_N10W062.tif
🗑️ Deleted temporal file: /p/11211992-tki-mangrove-restoration/01_data/0_Workflow/13_Mask/400/FIL_N10W062.tif

>>> Processing tile: N16E041
⚠️ Raster missing for tile N16E041: /p/11211992-tki-mangrove-restoration/01_data/0_Workflow/8_Coastline/400/PRC_N16E041.tif
✅ Created placeholder raster: /p/11211992-tki-mangrove-restoration/01_data/0_Workflow/8_Coastline/400/PRC_N16E041.tif
⚠️ Raster missing for tile N16E041: /p/11211992-tki-mangrove-restoration/01_data/0_Workflow/7_Rivers/400/PRR_N16E041.tif
✅ Created placeholder raster: /p/11211992-tki-mangrove-restoration/01_data/0_Workflow/7_Rivers/400/PRR_N16E041.tif
📐 Raster calculator expression:
(((("PRC_N16E041@1" = 0) - ("PRR_N16E041@1" > 0) - ("PRM_N16E041@1" > (60/100))) > 0) + "GMW_N16E041_2020@1" + "LAN_N16E041@1" + "WAT_N16E041@1") > 0
✔ Saved: /p/11211992-tki-mangrove-restoration/01_data/0_Workflow/13_Mask/400/NVA_N16E041.tif
🗑️ Deleted temporal file: /p/11211992-tki-mangrove-restoration/01_data/0_Workflow/13_Mask/400/BIN_N16E041.tif
🗑️ Deleted temporal file: /p/11211992-tki-mangrove-restoration/01_data/0_Workflow/13_Mask/400/FIL_N16E041.tif

>>> Processing tile: S23E166
⚠️ Raster missing for tile S23E166: /p/11211992-tki-mangrove-restoration/01_data/0_Workflow/8_Coastline/400/PRC_S23E166.tif
✅ Created placeholder raster: /p/11211992-tki-mangrove-restoration/01_data/0_Workflow/8_Coastline/400/PRC_S23E166.tif
⚠️ Raster missing for tile S23E166: /p/11211992-tki-mangrove-restoration/01_data/0_Workflow/7_Rivers/400/PRR_S23E166.tif
✅ Created placeholder raster: /p/11211992-tki-mangrove-restoration/01_data/0_Workflow/7_Rivers/400/PRR_S23E166.tif
📐 Raster calculator expression:
(((("PRC_S23E166@1" = 0) - ("PRR_S23E166@1" > 0) - ("PRM_S23E166@1" > (60/100))) > 0) + "GMW_S23E166_2020@1" + "LAN_S23E166@1" + "WAT_S23E166@1") > 0
✔ Saved: /p/11211992-tki-mangrove-restoration/01_data/0_Workflow/13_Mask/400/NVA_S23E166.tif
🗑️ Deleted temporal file: /p/11211992-tki-mangrove-restoration/01_data/0_Workflow/13_Mask/400/BIN_S23E166.tif
🗑️ Deleted temporal file: /p/11211992-tki-mangrove-restoration/01_data/0_Workflow/13_Mask/400/FIL_S23E166.tif

>>> Processing tile: S21E057
⚠️ Raster missing for tile S21E057: /p/11211992-tki-mangrove-restoration/01_data/0_Workflow/8_Coastline/400/PRC_S21E057.tif
✅ Created placeholder raster: /p/11211992-tki-mangrove-restoration/01_data/0_Workflow/8_Coastline/400/PRC_S21E057.tif
⚠️ Raster missing for tile S21E057: /p/11211992-tki-mangrove-restoration/01_data/0_Workflow/7_Rivers/400/PRR_S21E057.tif
✅ Created placeholder raster: /p/11211992-tki-mangrove-restoration/01_data/0_Workflow/7_Rivers/400/PRR_S21E057.tif
📐 Raster calculator expression:
(((("PRC_S21E057@1" = 0) - ("PRR_S21E057@1" > 0) - ("PRM_S21E057@1" > (60/100))) > 0) + "GMW_S21E057_2020@1" + "LAN_S21E057@1" + "WAT_S21E057@1") > 0
✔ Saved: /p/11211992-tki-mangrove-restoration/01_data/0_Workflow/13_Mask/400/NVA_S21E057.tif
🗑️ Deleted temporal file: /p/11211992-tki-mangrove-restoration/01_data/0_Workflow/13_Mask/400/BIN_S21E057.tif
🗑️ Deleted temporal file: /p/11211992-tki-mangrove-restoration/01_data/0_Workflow/13_Mask/400/FIL_S21E057.tif

>>> Processing tile: N22W160
⚠️ Raster missing for tile N22W160: /p/11211992-tki-mangrove-restoration/01_data/0_Workflow/8_Coastline/400/PRC_N22W160.tif
✅ Created placeholder raster: /p/11211992-tki-mangrove-restoration/01_data/0_Workflow/8_Coastline/400/PRC_N22W160.tif
⚠️ Raster missing for tile N22W160: /p/11211992-tki-mangrove-restoration/01_data/0_Workflow/7_Rivers/400/PRR_N22W160.tif
✅ Created placeholder raster: /p/11211992-tki-mangrove-restoration/01_data/0_Workflow/7_Rivers/400/PRR_N22W160.tif
📐 Raster calculator expression:
(((("PRC_N22W160@1" = 0) - ("PRR_N22W160@1" > 0) - ("PRM_N22W160@1" > (60/100))) > 0) + "GMW_N22W160_2020@1" + "LAN_N22W160@1" + "WAT_N22W160@1") > 0
✔ Saved: /p/11211992-tki-mangrove-restoration/01_data/0_Workflow/13_Mask/400/NVA_N22W160.tif
🗑️ Deleted temporal file: /p/11211992-tki-mangrove-restoration/01_data/0_Workflow/13_Mask/400/BIN_N22W160.tif
🗑️ Deleted temporal file: /p/11211992-tki-mangrove-restoration/01_data/0_Workflow/13_Mask/400/FIL_N22W160.tif

>>> Processing tile: S19W180
⚠️ Raster missing for tile S19W180: /p/11211992-tki-mangrove-restoration/01_data/0_Workflow/8_Coastline/400/PRC_S19W180.tif
✅ Created placeholder raster: /p/11211992-tki-mangrove-restoration/01_data/0_Workflow/8_Coastline/400/PRC_S19W180.tif
⚠️ Raster missing for tile S19W180: /p/11211992-tki-mangrove-restoration/01_data/0_Workflow/7_Rivers/400/PRR_S19W180.tif
✅ Created placeholder raster: /p/11211992-tki-mangrove-restoration/01_data/0_Workflow/7_Rivers/400/PRR_S19W180.tif
📐 Raster calculator expression:
(((("PRC_S19W180@1" = 0) - ("PRR_S19W180@1" > 0) - ("PRM_S19W180@1" > (60/100))) > 0) + "GMW_S19W180_2020@1" + "LAN_S19W180@1" + "WAT_S19W180@1") > 0
✔ Saved: /p/11211992-tki-mangrove-restoration/01_data/0_Workflow/13_Mask/400/NVA_S19W180.tif
🗑️ Deleted temporal file: /p/11211992-tki-mangrove-restoration/01_data/0_Workflow/13_Mask/400/BIN_S19W180.tif
🗑️ Deleted temporal file: /p/11211992-tki-mangrove-restoration/01_data/0_Workflow/13_Mask/400/FIL_S19W180.tif

>>> Processing tile: N11W070
⚠️ Raster missing for tile N11W070: /p/11211992-tki-mangrove-restoration/01_data/0_Workflow/8_Coastline/400/PRC_N11W070.tif
✅ Created placeholder raster: /p/11211992-tki-mangrove-restoration/01_data/0_Workflow/8_Coastline/400/PRC_N11W070.tif
⚠️ Raster missing for tile N11W070: /p/11211992-tki-mangrove-restoration/01_data/0_Workflow/7_Rivers/400/PRR_N11W070.tif
✅ Created placeholder raster: /p/11211992-tki-mangrove-restoration/01_data/0_Workflow/7_Rivers/400/PRR_N11W070.tif
Application path not initialized
QStandardPaths: runtime directory '/run/user/1038055' is not a directory, but a symbolic link to a directory permissions 0775 owned by UID 1038055 GID 1000514
Logged warning: Duplicate provider native registered

📐 Raster calculator expression:
(((("PRC_N11W070@1" = 0) - ("PRR_N11W070@1" > 0) - ("PRM_N11W070@1" > (60/100))) > 0) + "GMW_N11W070_2020@1" + "LAN_N11W070@1" + "WAT_N11W070@1") > 0
✔ Saved: /p/11211992-tki-mangrove-restoration/01_data/0_Workflow/13_Mask/400/NVA_N11W070.tif
🗑️ Deleted temporal file: /p/11211992-tki-mangrove-restoration/01_data/0_Workflow/13_Mask/400/BIN_N11W070.tif
🗑️ Deleted temporal file: /p/11211992-tki-mangrove-restoration/01_data/0_Workflow/13_Mask/400/FIL_N11W070.tif

>>> Processing tile: N10W015
⚠️ Raster missing for tile N10W015: /p/11211992-tki-mangrove-restoration/01_data/0_Workflow/8_Coastline/400/PRC_N10W015.tif
✅ Created placeholder raster: /p/11211992-tki-mangrove-restoration/01_data/0_Workflow/8_Coastline/400/PRC_N10W015.tif
⚠️ Raster missing for tile N10W015: /p/11211992-tki-mangrove-restoration/01_data/0_Workflow/7_Rivers/400/PRR_N10W015.tif
✅ Created placeholder raster: /p/11211992-tki-mangrove-restoration/01_data/0_Workflow/7_Rivers/400/PRR_N10W015.tif
📐 Raster calculator expression:
(((("PRC_N10W015@1" = 0) - ("PRR_N10W015@1" > 0) - ("PRM_N10W015@1" > (60/100))) > 0) + "GMW_N10W015_2020@1" + "LAN_N10W015@1" + "WAT_N10W015@1") > 0
✔ Saved: /p/11211992-tki-mangrove-restoration/01_data/0_Workflow/13_Mask/400/NVA_N10W015.tif
🗑️ Deleted temporal file: /p/11211992-tki-mangrove-restoration/01_data/0_Workflow/13_Mask/400/BIN_N10W015.tif
🗑️ Deleted temporal file: /p/11211992-tki-mangrove-restoration/01_data/0_Workflow/13_Mask/400/FIL_N10W015.tif

>>> Processing tile: N18W069
⚠️ Raster missing for tile N18W069: /p/11211992-tki-mangrove-restoration/01_data/0_Workflow/8_Coastline/400/PRC_N18W069.tif
✅ Created placeholder raster: /p/11211992-tki-mangrove-restoration/01_data/0_Workflow/8_Coastline/400/PRC_N18W069.tif
⚠️ Raster missing for tile N18W069: /p/11211992-tki-mangrove-restoration/01_data/0_Workflow/7_Rivers/400/PRR_N18W069.tif
✅ Created placeholder raster: /p/11211992-tki-mangrove-restoration/01_data/0_Workflow/7_Rivers/400/PRR_N18W069.tif
📐 Raster calculator expression:
(((("PRC_N18W069@1" = 0) - ("PRR_N18W069@1" > 0) - ("PRM_N18W069@1" > (60/100))) > 0) + "GMW_N18W069_2020@1" + "LAN_N18W069@1" + "WAT_N18W069@1") > 0
✔ Saved: /p/11211992-tki-mangrove-restoration/01_data/0_Workflow/13_Mask/400/NVA_N18W069.tif
🗑️ Deleted temporal file: /p/11211992-tki-mangrove-restoration/01_data/0_Workflow/13_Mask/400/BIN_N18W069.tif
🗑️ Deleted temporal file: /p/11211992-tki-mangrove-restoration/01_data/0_Workflow/13_Mask/400/FIL_N18W069.tif

>>> Processing tile: S23E167
⚠️ Raster missing for tile S23E167: /p/11211992-tki-mangrove-restoration/01_data/0_Workflow/8_Coastline/400/PRC_S23E167.tif
✅ Created placeholder raster: /p/11211992-tki-mangrove-restoration/01_data/0_Workflow/8_Coastline/400/PRC_S23E167.tif
⚠️ Raster missing for tile S23E167: /p/11211992-tki-mangrove-restoration/01_data/0_Workflow/7_Rivers/400/PRR_S23E167.tif
✅ Created placeholder raster: /p/11211992-tki-mangrove-restoration/01_data/0_Workflow/7_Rivers/400/PRR_S23E167.tif
📐 Raster calculator expression:
(((("PRC_S23E167@1" = 0) - ("PRR_S23E167@1" > 0) - ("PRM_S23E167@1" > (60/100))) > 0) + "GMW_S23E167_2020@1" + "LAN_S23E167@1" + "WAT_S23E167@1") > 0
✔ Saved: /p/11211992-tki-mangrove-restoration/01_data/0_Workflow/13_Mask/400/NVA_S23E167.tif
🗑️ Deleted temporal file: /p/11211992-tki-mangrove-restoration/01_data/0_Workflow/13_Mask/400/BIN_S23E167.tif
🗑️ Deleted temporal file: /p/11211992-tki-mangrove-restoration/01_data/0_Workflow/13_Mask/400/FIL_S23E167.tif

>>> Processing tile: N16E040
⚠️ Raster missing for tile N16E040: /p/11211992-tki-mangrove-restoration/01_data/0_Workflow/8_Coastline/400/PRC_N16E040.tif
✅ Created placeholder raster: /p/11211992-tki-mangrove-restoration/01_data/0_Workflow/8_Coastline/400/PRC_N16E040.tif
⚠️ Raster missing for tile N16E040: /p/11211992-tki-mangrove-restoration/01_data/0_Workflow/7_Rivers/400/PRR_N16E040.tif
✅ Created placeholder raster: /p/11211992-tki-mangrove-restoration/01_data/0_Workflow/7_Rivers/400/PRR_N16E040.tif
📐 Raster calculator expression:
(((("PRC_N16E040@1" = 0) - ("PRR_N16E040@1" > 0) - ("PRM_N16E040@1" > (60/100))) > 0) + "GMW_N16E040_2020@1" + "LAN_N16E040@1" + "WAT_N16E040@1") > 0
✔ Saved: /p/11211992-tki-mangrove-restoration/01_data/0_Workflow/13_Mask/400/NVA_N16E040.tif
🗑️ Deleted temporal file: /p/11211992-tki-mangrove-restoration/01_data/0_Workflow/13_Mask/400/BIN_N16E040.tif
🗑️ Deleted temporal file: /p/11211992-tki-mangrove-restoration/01_data/0_Workflow/13_Mask/400/FIL_N16E040.tif

>>> Processing tile: N20W079
⚠️ Raster missing for tile N20W079: /p/11211992-tki-mangrove-restoration/01_data/0_Workflow/8_Coastline/400/PRC_N20W079.tif
✅ Created placeholder raster: /p/11211992-tki-mangrove-restoration/01_data/0_Workflow/8_Coastline/400/PRC_N20W079.tif
⚠️ Raster missing for tile N20W079: /p/11211992-tki-mangrove-restoration/01_data/0_Workflow/7_Rivers/400/PRR_N20W079.tif
✅ Created placeholder raster: /p/11211992-tki-mangrove-restoration/01_data/0_Workflow/7_Rivers/400/PRR_N20W079.tif
📐 Raster calculator expression:
(((("PRC_N20W079@1" = 0) - ("PRR_N20W079@1" > 0) - ("PRM_N20W079@1" > (60/100))) > 0) + "GMW_N20W079_2020@1" + "LAN_N20W079@1" + "WAT_N20W079@1") > 0
✔ Saved: /p/11211992-tki-mangrove-restoration/01_data/0_Workflow/13_Mask/400/NVA_N20W079.tif
🗑️ Deleted temporal file: /p/11211992-tki-mangrove-restoration/01_data/0_Workflow/13_Mask/400/BIN_N20W079.tif
🗑️ Deleted temporal file: /p/11211992-tki-mangrove-restoration/01_data/0_Workflow/13_Mask/400/FIL_N20W079.tif

>>> Processing tile: N10W063
⚠️ Raster missing for tile N10W063: /p/11211992-tki-mangrove-restoration/01_data/0_Workflow/8_Coastline/400/PRC_N10W063.tif
✅ Created placeholder raster: /p/11211992-tki-mangrove-restoration/01_data/0_Workflow/8_Coastline/400/PRC_N10W063.tif
⚠️ Raster missing for tile N10W063: /p/11211992-tki-mangrove-restoration/01_data/0_Workflow/7_Rivers/400/PRR_N10W063.tif
✅ Created placeholder raster: /p/11211992-tki-mangrove-restoration/01_data/0_Workflow/7_Rivers/400/PRR_N10W063.tif
📐 Raster calculator expression:
(((("PRC_N10W063@1" = 0) - ("PRR_N10W063@1" > 0) - ("PRM_N10W063@1" > (60/100))) > 0) + "GMW_N10W063_2020@1" + "LAN_N10W063@1" + "WAT_N10W063@1") > 0
✔ Saved: /p/11211992-tki-mangrove-restoration/01_data/0_Workflow/13_Mask/400/NVA_N10W063.tif
🗑️ Deleted temporal file: /p/11211992-tki-mangrove-restoration/01_data/0_Workflow/13_Mask/400/BIN_N10W063.tif
🗑️ Deleted temporal file: /p/11211992-tki-mangrove-restoration/01_data/0_Workflow/13_Mask/400/FIL_N10W063.tif

>>> Processing tile: N12E093
⚠️ Raster missing for tile N12E093: /p/11211992-tki-mangrove-restoration/01_data/0_Workflow/8_Coastline/400/PRC_N12E093.tif
✅ Created placeholder raster: /p/11211992-tki-mangrove-restoration/01_data/0_Workflow/8_Coastline/400/PRC_N12E093.tif
⚠️ Raster missing for tile N12E093: /p/11211992-tki-mangrove-restoration/01_data/0_Workflow/7_Rivers/400/PRR_N12E093.tif
✅ Created placeholder raster: /p/11211992-tki-mangrove-restoration/01_data/0_Workflow/7_Rivers/400/PRR_N12E093.tif
📐 Raster calculator expression:
(((("PRC_N12E093@1" = 0) - ("PRR_N12E093@1" > 0) - ("PRM_N12E093@1" > (60/100))) > 0) + "GMW_N12E093_2020@1" + "LAN_N12E093@1" + "WAT_N12E093@1") > 0
✔ Saved: /p/11211992-tki-mangrove-restoration/01_data/0_Workflow/13_Mask/400/NVA_N12E093.tif
🗑️ Deleted temporal file: /p/11211992-tki-mangrove-restoration/01_data/0_Workflow/13_Mask/400/BIN_N12E093.tif
🗑️ Deleted temporal file: /p/11211992-tki-mangrove-restoration/01_data/0_Workflow/13_Mask/400/FIL_N12E093.tif

>>> Processing tile: N21W080
⚠️ Raster missing for tile N21W080: /p/11211992-tki-mangrove-restoration/01_data/0_Workflow/8_Coastline/400/PRC_N21W080.tif
✅ Created placeholder raster: /p/11211992-tki-mangrove-restoration/01_data/0_Workflow/8_Coastline/400/PRC_N21W080.tif
⚠️ Raster missing for tile N21W080: /p/11211992-tki-mangrove-restoration/01_data/0_Workflow/7_Rivers/400/PRR_N21W080.tif
✅ Created placeholder raster: /p/11211992-tki-mangrove-restoration/01_data/0_Workflow/7_Rivers/400/PRR_N21W080.tif
📐 Raster calculator expression:
(((("PRC_N21W080@1" = 0) - ("PRR_N21W080@1" > 0) - ("PRM_N21W080@1" > (60/100))) > 0) + "GMW_N21W080_2020@1" + "LAN_N21W080@1" + "WAT_N21W080@1") > 0
✔ Saved: /p/11211992-tki-mangrove-restoration/01_data/0_Workflow/13_Mask/400/NVA_N21W080.tif
🗑️ Deleted temporal file: /p/11211992-tki-mangrove-restoration/01_data/0_Workflow/13_Mask/400/BIN_N21W080.tif
🗑️ Deleted temporal file: /p/11211992-tki-mangrove-restoration/01_data/0_Workflow/13_Mask/400/FIL_N21W080.tif

>>> Processing tile: S13E044
⚠️ Raster missing for tile S13E044: /p/11211992-tki-mangrove-restoration/01_data/0_Workflow/8_Coastline/400/PRC_S13E044.tif
✅ Created placeholder raster: /p/11211992-tki-mangrove-restoration/01_data/0_Workflow/8_Coastline/400/PRC_S13E044.tif
⚠️ Raster missing for tile S13E044: /p/11211992-tki-mangrove-restoration/01_data/0_Workflow/7_Rivers/400/PRR_S13E044.tif
✅ Created placeholder raster: /p/11211992-tki-mangrove-restoration/01_data/0_Workflow/7_Rivers/400/PRR_S13E044.tif
📐 Raster calculator expression:
(((("PRC_S13E044@1" = 0) - ("PRR_S13E044@1" > 0) - ("PRM_S13E044@1" > (60/100))) > 0) + "GMW_S13E044_2020@1" + "LAN_S13E044@1" + "WAT_S13E044@1") > 0
✔ Saved: /p/11211992-tki-mangrove-restoration/01_data/0_Workflow/13_Mask/400/NVA_S13E044.tif
🗑️ Deleted temporal file: /p/11211992-tki-mangrove-restoration/01_data/0_Workflow/13_Mask/400/BIN_S13E044.tif
🗑️ Deleted temporal file: /p/11211992-tki-mangrove-restoration/01_data/0_Workflow/13_Mask/400/FIL_S13E044.tif

>>> Processing tile: N10W064
⚠️ Raster missing for tile N10W064: /p/11211992-tki-mangrove-restoration/01_data/0_Workflow/8_Coastline/400/PRC_N10W064.tif
✅ Created placeholder raster: /p/11211992-tki-mangrove-restoration/01_data/0_Workflow/8_Coastline/400/PRC_N10W064.tif
⚠️ Raster missing for tile N10W064: /p/11211992-tki-mangrove-restoration/01_data/0_Workflow/7_Rivers/400/PRR_N10W064.tif
✅ Created placeholder raster: /p/11211992-tki-mangrove-restoration/01_data/0_Workflow/7_Rivers/400/PRR_N10W064.tif
📐 Raster calculator expression:
(((("PRC_N10W064@1" = 0) - ("PRR_N10W064@1" > 0) - ("PRM_N10W064@1" > (60/100))) > 0) + "GMW_N10W064_2020@1" + "LAN_N10W064@1" + "WAT_N10W064@1") > 0
✔ Saved: /p/11211992-tki-mangrove-restoration/01_data/0_Workflow/13_Mask/400/NVA_N10W064.tif
🗑️ Deleted temporal file: /p/11211992-tki-mangrove-restoration/01_data/0_Workflow/13_Mask/400/BIN_N10W064.tif
🗑️ Deleted temporal file: /p/11211992-tki-mangrove-restoration/01_data/0_Workflow/13_Mask/400/FIL_N10W064.tif

>>> Processing tile: S19E121
⚠️ Raster missing for tile S19E121: /p/11211992-tki-mangrove-restoration/01_data/0_Workflow/8_Coastline/400/PRC_S19E121.tif
✅ Created placeholder raster: /p/11211992-tki-mangrove-restoration/01_data/0_Workflow/8_Coastline/400/PRC_S19E121.tif
⚠️ Raster missing for tile S19E121: /p/11211992-tki-mangrove-restoration/01_data/0_Workflow/7_Rivers/400/PRR_S19E121.tif
✅ Created placeholder raster: /p/11211992-tki-mangrove-restoration/01_data/0_Workflow/7_Rivers/400/PRR_S19E121.tif
📐 Raster calculator expression:
(((("PRC_S19E121@1" = 0) - ("PRR_S19E121@1" > 0) - ("PRM_S19E121@1" > (60/100))) > 0) + "GMW_S19E121_2020@1" + "LAN_S19E121@1" + "WAT_S19E121@1") > 0
✔ Saved: /p/11211992-tki-mangrove-restoration/01_data/0_Workflow/13_Mask/400/NVA_S19E121.tif
🗑️ Deleted temporal file: /p/11211992-tki-mangrove-restoration/01_data/0_Workflow/13_Mask/400/BIN_S19E121.tif
🗑️ Deleted temporal file: /p/11211992-tki-mangrove-restoration/01_data/0_Workflow/13_Mask/400/FIL_S19E121.tif

>>> Processing tile: S16E046
⚠️ Raster missing for tile S16E046: /p/11211992-tki-mangrove-restoration/01_data/0_Workflow/8_Coastline/400/PRC_S16E046.tif
✅ Created placeholder raster: /p/11211992-tki-mangrove-restoration/01_data/0_Workflow/8_Coastline/400/PRC_S16E046.tif
⚠️ Raster missing for tile S16E046: /p/11211992-tki-mangrove-restoration/01_data/0_Workflow/7_Rivers/400/PRR_S16E046.tif
✅ Created placeholder raster: /p/11211992-tki-mangrove-restoration/01_data/0_Workflow/7_Rivers/400/PRR_S16E046.tif
📐 Raster calculator expression:
(((("PRC_S16E046@1" = 0) - ("PRR_S16E046@1" > 0) - ("PRM_S16E046@1" > (60/100))) > 0) + "GMW_S16E046_2020@1" + "LAN_S16E046@1" + "WAT_S16E046@1") > 0
✔ Saved: /p/11211992-tki-mangrove-restoration/01_data/0_Workflow/13_Mask/400/NVA_S16E046.tif
🗑️ Deleted temporal file: /p/11211992-tki-mangrove-restoration/01_data/0_Workflow/13_Mask/400/BIN_S16E046.tif
🗑️ Deleted temporal file: /p/11211992-tki-mangrove-restoration/01_data/0_Workflow/13_Mask/400/FIL_S16E046.tif

>>> Processing tile: N28E129
⚠️ Raster missing for tile N28E129: /p/11211992-tki-mangrove-restoration/01_data/0_Workflow/8_Coastline/400/PRC_N28E129.tif
✅ Created placeholder raster: /p/11211992-tki-mangrove-restoration/01_data/0_Workflow/8_Coastline/400/PRC_N28E129.tif
⚠️ Raster missing for tile N28E129: /p/11211992-tki-mangrove-restoration/01_data/0_Workflow/7_Rivers/400/PRR_N28E129.tif
✅ Created placeholder raster: /p/11211992-tki-mangrove-restoration/01_data/0_Workflow/7_Rivers/400/PRR_N28E129.tif
📐 Raster calculator expression:
(((("PRC_N28E129@1" = 0) - ("PRR_N28E129@1" > 0) - ("PRM_N28E129@1" > (60/100))) > 0) + "GMW_N28E129_2020@1" + "LAN_N28E129@1" + "WAT_N28E129@1") > 0
✔ Saved: /p/11211992-tki-mangrove-restoration/01_data/0_Workflow/13_Mask/400/NVA_N28E129.tif
🗑️ Deleted temporal file: /p/11211992-tki-mangrove-restoration/01_data/0_Workflow/13_Mask/400/BIN_N28E129.tif
🗑️ Deleted temporal file: /p/11211992-tki-mangrove-restoration/01_data/0_Workflow/13_Mask/400/FIL_N28E129.tif

>>> Processing tile: S18W150
⚠️ Raster missing for tile S18W150: /p/11211992-tki-mangrove-restoration/01_data/0_Workflow/8_Coastline/400/PRC_S18W150.tif
✅ Created placeholder raster: /p/11211992-tki-mangrove-restoration/01_data/0_Workflow/8_Coastline/400/PRC_S18W150.tif
⚠️ Raster missing for tile S18W150: /p/11211992-tki-mangrove-restoration/01_data/0_Workflow/7_Rivers/400/PRR_S18W150.tif
✅ Created placeholder raster: /p/11211992-tki-mangrove-restoration/01_data/0_Workflow/7_Rivers/400/PRR_S18W150.tif
📐 Raster calculator expression:
(((("PRC_S18W150@1" = 0) - ("PRR_S18W150@1" > 0) - ("PRM_S18W150@1" > (60/100))) > 0) + "GMW_S18W150_2020@1" + "LAN_S18W150@1" + "WAT_S18W150@1") > 0
✔ Saved: /p/11211992-tki-mangrove-restoration/01_data/0_Workflow/13_Mask/400/NVA_S18W150.tif
🗑️ Deleted temporal file: /p/11211992-tki-mangrove-restoration/01_data/0_Workflow/13_Mask/400/BIN_S18W150.tif
🗑️ Deleted temporal file: /p/11211992-tki-mangrove-restoration/01_data/0_Workflow/13_Mask/400/FIL_S18W150.tif

>>> Processing tile: N21W081
⚠️ Raster missing for tile N21W081: /p/11211992-tki-mangrove-restoration/01_data/0_Workflow/8_Coastline/400/PRC_N21W081.tif
✅ Created placeholder raster: /p/11211992-tki-mangrove-restoration/01_data/0_Workflow/8_Coastline/400/PRC_N21W081.tif
⚠️ Raster missing for tile N21W081: /p/11211992-tki-mangrove-restoration/01_data/0_Workflow/7_Rivers/400/PRR_N21W081.tif
✅ Created placeholder raster: /p/11211992-tki-mangrove-restoration/01_data/0_Workflow/7_Rivers/400/PRR_N21W081.tif
📐 Raster calculator expression:
(((("PRC_N21W081@1" = 0) - ("PRR_N21W081@1" > 0) - ("PRM_N21W081@1" > (60/100))) > 0) + "GMW_N21W081_2020@1" + "LAN_N21W081@1" + "WAT_N21W081@1") > 0
✔ Saved: /p/11211992-tki-mangrove-restoration/01_data/0_Workflow/13_Mask/400/NVA_N21W081.tif
🗑️ Deleted temporal file: /p/11211992-tki-mangrove-restoration/01_data/0_Workflow/13_Mask/400/BIN_N21W081.tif
🗑️ Deleted temporal file: /p/11211992-tki-mangrove-restoration/01_data/0_Workflow/13_Mask/400/FIL_N21W081.tif

>>> Processing tile: N12E092
⚠️ Raster missing for tile N12E092: /p/11211992-tki-mangrove-restoration/01_data/0_Workflow/8_Coastline/400/PRC_N12E092.tif
✅ Created placeholder raster: /p/11211992-tki-mangrove-restoration/01_data/0_Workflow/8_Coastline/400/PRC_N12E092.tif
⚠️ Raster missing for tile N12E092: /p/11211992-tki-mangrove-restoration/01_data/0_Workflow/7_Rivers/400/PRR_N12E092.tif
✅ Created placeholder raster: /p/11211992-tki-mangrove-restoration/01_data/0_Workflow/7_Rivers/400/PRR_N12E092.tif
📐 Raster calculator expression:
(((("PRC_N12E092@1" = 0) - ("PRR_N12E092@1" > 0) - ("PRM_N12E092@1" > (60/100))) > 0) + "GMW_N12E092_2020@1" + "LAN_N12E092@1" + "WAT_N12E092@1") > 0
✔ Saved: /p/11211992-tki-mangrove-restoration/01_data/0_Workflow/13_Mask/400/NVA_N12E092.tif
🗑️ Deleted temporal file: /p/11211992-tki-mangrove-restoration/01_data/0_Workflow/13_Mask/400/BIN_N12E092.tif
🗑️ Deleted temporal file: /p/11211992-tki-mangrove-restoration/01_data/0_Workflow/13_Mask/400/FIL_N12E092.tif

>>> Processing tile: S19E036
⚠️ Raster missing for tile S19E036: /p/11211992-tki-mangrove-restoration/01_data/0_Workflow/8_Coastline/400/PRC_S19E036.tif
✅ Created placeholder raster: /p/11211992-tki-mangrove-restoration/01_data/0_Workflow/8_Coastline/400/PRC_S19E036.tif
⚠️ Raster missing for tile S19E036: /p/11211992-tki-mangrove-restoration/01_data/0_Workflow/7_Rivers/400/PRR_S19E036.tif
✅ Created placeholder raster: /p/11211992-tki-mangrove-restoration/01_data/0_Workflow/7_Rivers/400/PRR_S19E036.tif
📐 Raster calculator expression:
(((("PRC_S19E036@1" = 0) - ("PRR_S19E036@1" > 0) - ("PRM_S19E036@1" > (60/100))) > 0) + "GMW_S19E036_2020@1" + "LAN_S19E036@1" + "WAT_S19E036@1") > 0
✔ Saved: /p/11211992-tki-mangrove-restoration/01_data/0_Workflow/13_Mask/400/NVA_S19E036.tif
🗑️ Deleted temporal file: /p/11211992-tki-mangrove-restoration/01_data/0_Workflow/13_Mask/400/BIN_S19E036.tif
🗑️ Deleted temporal file: /p/11211992-tki-mangrove-restoration/01_data/0_Workflow/13_Mask/400/FIL_S19E036.tif

>>> Processing tile: N10W065
⚠️ Raster missing for tile N10W065: /p/11211992-tki-mangrove-restoration/01_data/0_Workflow/8_Coastline/400/PRC_N10W065.tif
✅ Created placeholder raster: /p/11211992-tki-mangrove-restoration/01_data/0_Workflow/8_Coastline/400/PRC_N10W065.tif
⚠️ Raster missing for tile N10W065: /p/11211992-tki-mangrove-restoration/01_data/0_Workflow/7_Rivers/400/PRR_N10W065.tif
✅ Created placeholder raster: /p/11211992-tki-mangrove-restoration/01_data/0_Workflow/7_Rivers/400/PRR_N10W065.tif
📐 Raster calculator expression:
(((("PRC_N10W065@1" = 0) - ("PRR_N10W065@1" > 0) - ("PRM_N10W065@1" > (60/100))) > 0) + "GMW_N10W065_2020@1" + "LAN_N10W065@1" + "WAT_N10W065@1") > 0
✔ Saved: /p/11211992-tki-mangrove-restoration/01_data/0_Workflow/13_Mask/400/NVA_N10W065.tif
🗑️ Deleted temporal file: /p/11211992-tki-mangrove-restoration/01_data/0_Workflow/13_Mask/400/BIN_N10W065.tif
🗑️ Deleted temporal file: /p/11211992-tki-mangrove-restoration/01_data/0_Workflow/13_Mask/400/FIL_N10W065.tif

>>> Processing tile: S16E047
⚠️ Raster missing for tile S16E047: /p/11211992-tki-mangrove-restoration/01_data/0_Workflow/8_Coastline/400/PRC_S16E047.tif
✅ Created placeholder raster: /p/11211992-tki-mangrove-restoration/01_data/0_Workflow/8_Coastline/400/PRC_S16E047.tif
⚠️ Raster missing for tile S16E047: /p/11211992-tki-mangrove-restoration/01_data/0_Workflow/7_Rivers/400/PRR_S16E047.tif
✅ Created placeholder raster: /p/11211992-tki-mangrove-restoration/01_data/0_Workflow/7_Rivers/400/PRR_S16E047.tif
📐 Raster calculator expression:
(((("PRC_S16E047@1" = 0) - ("PRR_S16E047@1" > 0) - ("PRM_S16E047@1" > (60/100))) > 0) + "GMW_S16E047_2020@1" + "LAN_S16E047@1" + "WAT_S16E047@1") > 0
✔ Saved: /p/11211992-tki-mangrove-restoration/01_data/0_Workflow/13_Mask/400/NVA_S16E047.tif
🗑️ Deleted temporal file: /p/11211992-tki-mangrove-restoration/01_data/0_Workflow/13_Mask/400/BIN_S16E047.tif
🗑️ Deleted temporal file: /p/11211992-tki-mangrove-restoration/01_data/0_Workflow/13_Mask/400/FIL_S16E047.tif

>>> Processing tile: N04E073
⚠️ Raster missing for tile N04E073: /p/11211992-tki-mangrove-restoration/01_data/0_Workflow/8_Coastline/400/PRC_N04E073.tif
✅ Created placeholder raster: /p/11211992-tki-mangrove-restoration/01_data/0_Workflow/8_Coastline/400/PRC_N04E073.tif
⚠️ Raster missing for tile N04E073: /p/11211992-tki-mangrove-restoration/01_data/0_Workflow/7_Rivers/400/PRR_N04E073.tif
✅ Created placeholder raster: /p/11211992-tki-mangrove-restoration/01_data/0_Workflow/7_Rivers/400/PRR_N04E073.tif
📐 Raster calculator expression:
(((("PRC_N04E073@1" = 0) - ("PRR_N04E073@1" > 0) - ("PRM_N04E073@1" > (60/100))) > 0) + "GMW_N04E073_2020@1" + "LAN_N04E073@1" + "WAT_N04E073@1") > 0
✔ Saved: /p/11211992-tki-mangrove-restoration/01_data/0_Workflow/13_Mask/400/NVA_N04E073.tif
🗑️ Deleted temporal file: /p/11211992-tki-mangrove-restoration/01_data/0_Workflow/13_Mask/400/BIN_N04E073.tif
🗑️ Deleted temporal file: /p/11211992-tki-mangrove-restoration/01_data/0_Workflow/13_Mask/400/FIL_N04E073.tif

>>> Processing tile: S07E150
⚠️ Raster missing for tile S07E150: /p/11211992-tki-mangrove-restoration/01_data/0_Workflow/8_Coastline/400/PRC_S07E150.tif
✅ Created placeholder raster: /p/11211992-tki-mangrove-restoration/01_data/0_Workflow/8_Coastline/400/PRC_S07E150.tif
⚠️ Raster missing for tile S07E150: /p/11211992-tki-mangrove-restoration/01_data/0_Workflow/7_Rivers/400/PRR_S07E150.tif
✅ Created placeholder raster: /p/11211992-tki-mangrove-restoration/01_data/0_Workflow/7_Rivers/400/PRR_S07E150.tif
📐 Raster calculator expression:
(((("PRC_S07E150@1" = 0) - ("PRR_S07E150@1" > 0) - ("PRM_S07E150@1" > (60/100))) > 0) + "GMW_S07E150_2020@1" + "LAN_S07E150@1" + "WAT_S07E150@1") > 0
✔ Saved: /p/11211992-tki-mangrove-restoration/01_data/0_Workflow/13_Mask/400/NVA_S07E150.tif
🗑️ Deleted temporal file: /p/11211992-tki-mangrove-restoration/01_data/0_Workflow/13_Mask/400/BIN_S07E150.tif
🗑️ Deleted temporal file: /p/11211992-tki-mangrove-restoration/01_data/0_Workflow/13_Mask/400/FIL_S07E150.tif

>>> Processing tile: N05W003
⚠️ Raster missing for tile N05W003: /p/11211992-tki-mangrove-restoration/01_data/0_Workflow/8_Coastline/400/PRC_N05W003.tif
✅ Created placeholder raster: /p/11211992-tki-mangrove-restoration/01_data/0_Workflow/8_Coastline/400/PRC_N05W003.tif
⚠️ Raster missing for tile N05W003: /p/11211992-tki-mangrove-restoration/01_data/0_Workflow/7_Rivers/400/PRR_N05W003.tif
✅ Created placeholder raster: /p/11211992-tki-mangrove-restoration/01_data/0_Workflow/7_Rivers/400/PRR_N05W003.tif
📐 Raster calculator expression:
(((("PRC_N05W003@1" = 0) - ("PRR_N05W003@1" > 0) - ("PRM_N05W003@1" > (60/100))) > 0) + "GMW_N05W003_2020@1" + "LAN_N05W003@1" + "WAT_N05W003@1") > 0
✔ Saved: /p/11211992-tki-mangrove-restoration/01_data/0_Workflow/13_Mask/400/NVA_N05W003.tif
🗑️ Deleted temporal file: /p/11211992-tki-mangrove-restoration/01_data/0_Workflow/13_Mask/400/BIN_N05W003.tif
🗑️ Deleted temporal file: /p/11211992-tki-mangrove-restoration/01_data/0_Workflow/13_Mask/400/FIL_N05W003.tif

>>> Processing tile: N30E130
⚠️ Raster missing for tile N30E130: /p/11211992-tki-mangrove-restoration/01_data/0_Workflow/8_Coastline/400/PRC_N30E130.tif
✅ Created placeholder raster: /p/11211992-tki-mangrove-restoration/01_data/0_Workflow/8_Coastline/400/PRC_N30E130.tif
⚠️ Raster missing for tile N30E130: /p/11211992-tki-mangrove-restoration/01_data/0_Workflow/7_Rivers/400/PRR_N30E130.tif
✅ Created placeholder raster: /p/11211992-tki-mangrove-restoration/01_data/0_Workflow/7_Rivers/400/PRR_N30E130.tif
📐 Raster calculator expression:
(((("PRC_N30E130@1" = 0) - ("PRR_N30E130@1" > 0) - ("PRM_N30E130@1" > (60/100))) > 0) + "GMW_N30E130_2020@1" + "LAN_N30E130@1" + "WAT_N30E130@1") > 0
✔ Saved: /p/11211992-tki-mangrove-restoration/01_data/0_Workflow/13_Mask/400/NVA_N30E130.tif
🗑️ Deleted temporal file: /p/11211992-tki-mangrove-restoration/01_data/0_Workflow/13_Mask/400/BIN_N30E130.tif
🗑️ Deleted temporal file: /p/11211992-tki-mangrove-restoration/01_data/0_Workflow/13_Mask/400/FIL_N30E130.tif

>>> Processing tile: S03E009
⚠️ Raster missing for tile S03E009: /p/11211992-tki-mangrove-restoration/01_data/0_Workflow/8_Coastline/400/PRC_S03E009.tif
✅ Created placeholder raster: /p/11211992-tki-mangrove-restoration/01_data/0_Workflow/8_Coastline/400/PRC_S03E009.tif
⚠️ Raster missing for tile S03E009: /p/11211992-tki-mangrove-restoration/01_data/0_Workflow/7_Rivers/400/PRR_S03E009.tif
✅ Created placeholder raster: /p/11211992-tki-mangrove-restoration/01_data/0_Workflow/7_Rivers/400/PRR_S03E009.tif
📐 Raster calculator expression:
(((("PRC_S03E009@1" = 0) - ("PRR_S03E009@1" > 0) - ("PRM_S03E009@1" > (60/100))) > 0) + "GMW_S03E009_2020@1" + "LAN_S03E009@1" + "WAT_S03E009@1") > 0
✔ Saved: /p/11211992-tki-mangrove-restoration/01_data/0_Workflow/13_Mask/400/NVA_S03E009.tif
🗑️ Deleted temporal file: /p/11211992-tki-mangrove-restoration/01_data/0_Workflow/13_Mask/400/BIN_S03E009.tif
🗑️ Deleted temporal file: /p/11211992-tki-mangrove-restoration/01_data/0_Workflow/13_Mask/400/FIL_S03E009.tif

>>> Processing tile: N06E134
⚠️ Raster missing for tile N06E134: /p/11211992-tki-mangrove-restoration/01_data/0_Workflow/8_Coastline/400/PRC_N06E134.tif
✅ Created placeholder raster: /p/11211992-tki-mangrove-restoration/01_data/0_Workflow/8_Coastline/400/PRC_N06E134.tif
⚠️ Raster missing for tile N06E134: /p/11211992-tki-mangrove-restoration/01_data/0_Workflow/7_Rivers/400/PRR_N06E134.tif
✅ Created placeholder raster: /p/11211992-tki-mangrove-restoration/01_data/0_Workflow/7_Rivers/400/PRR_N06E134.tif
📐 Raster calculator expression:
(((("PRC_N06E134@1" = 0) - ("PRR_N06E134@1" > 0) - ("PRM_N06E134@1" > (60/100))) > 0) + "GMW_N06E134_2020@1" + "LAN_N06E134@1" + "WAT_N06E134@1") > 0
✔ Saved: /p/11211992-tki-mangrove-restoration/01_data/0_Workflow/13_Mask/400/NVA_N06E134.tif
🗑️ Deleted temporal file: /p/11211992-tki-mangrove-restoration/01_data/0_Workflow/13_Mask/400/BIN_N06E134.tif
🗑️ Deleted temporal file: /p/11211992-tki-mangrove-restoration/01_data/0_Workflow/13_Mask/400/FIL_N06E134.tif

>>> Processing tile: N04E005
⚠️ Raster missing for tile N04E005: /p/11211992-tki-mangrove-restoration/01_data/0_Workflow/8_Coastline/400/PRC_N04E005.tif
✅ Created placeholder raster: /p/11211992-tki-mangrove-restoration/01_data/0_Workflow/8_Coastline/400/PRC_N04E005.tif
⚠️ Raster missing for tile N04E005: /p/11211992-tki-mangrove-restoration/01_data/0_Workflow/7_Rivers/400/PRR_N04E005.tif
✅ Created placeholder raster: /p/11211992-tki-mangrove-restoration/01_data/0_Workflow/7_Rivers/400/PRR_N04E005.tif
📐 Raster calculator expression:
(((("PRC_N04E005@1" = 0) - ("PRR_N04E005@1" > 0) - ("PRM_N04E005@1" > (60/100))) > 0) + "GMW_N04E005_2020@1" + "LAN_N04E005@1" + "WAT_N04E005@1") > 0
✔ Saved: /p/11211992-tki-mangrove-restoration/01_data/0_Workflow/13_Mask/400/NVA_N04E005.tif
🗑️ Deleted temporal file: /p/11211992-tki-mangrove-restoration/01_data/0_Workflow/13_Mask/400/BIN_N04E005.tif
🗑️ Deleted temporal file: /p/11211992-tki-mangrove-restoration/01_data/0_Workflow/13_Mask/400/FIL_N04E005.tif

>>> Processing tile: N30E131
⚠️ Raster missing for tile N30E131: /p/11211992-tki-mangrove-restoration/01_data/0_Workflow/8_Coastline/400/PRC_N30E131.tif
✅ Created placeholder raster: /p/11211992-tki-mangrove-restoration/01_data/0_Workflow/8_Coastline/400/PRC_N30E131.tif
⚠️ Raster missing for tile N30E131: /p/11211992-tki-mangrove-restoration/01_data/0_Workflow/7_Rivers/400/PRR_N30E131.tif
✅ Created placeholder raster: /p/11211992-tki-mangrove-restoration/01_data/0_Workflow/7_Rivers/400/PRR_N30E131.tif
📐 Raster calculator expression:
(((("PRC_N30E131@1" = 0) - ("PRR_N30E131@1" > 0) - ("PRM_N30E131@1" > (60/100))) > 0) + "GMW_N30E131_2020@1" + "LAN_N30E131@1" + "WAT_N30E131@1") > 0
✔ Saved: /p/11211992-tki-mangrove-restoration/01_data/0_Workflow/13_Mask/400/NVA_N30E131.tif
🗑️ Deleted temporal file: /p/11211992-tki-mangrove-restoration/01_data/0_Workflow/13_Mask/400/BIN_N30E131.tif
🗑️ Deleted temporal file: /p/11211992-tki-mangrove-restoration/01_data/0_Workflow/13_Mask/400/FIL_N30E131.tif

>>> Processing tile: S09E145
⚠️ Raster missing for tile S09E145: /p/11211992-tki-mangrove-restoration/01_data/0_Workflow/8_Coastline/400/PRC_S09E145.tif
✅ Created placeholder raster: /p/11211992-tki-mangrove-restoration/01_data/0_Workflow/8_Coastline/400/PRC_S09E145.tif
⚠️ Raster missing for tile S09E145: /p/11211992-tki-mangrove-restoration/01_data/0_Workflow/7_Rivers/400/PRR_S09E145.tif
✅ Created placeholder raster: /p/11211992-tki-mangrove-restoration/01_data/0_Workflow/7_Rivers/400/PRR_S09E145.tif
📐 Raster calculator expression:
(((("PRC_S09E145@1" = 0) - ("PRR_S09E145@1" > 0) - ("PRM_S09E145@1" > (60/100))) > 0) + "GMW_S09E145_2020@1" + "LAN_S09E145@1" + "WAT_S09E145@1") > 0
✔ Saved: /p/11211992-tki-mangrove-restoration/01_data/0_Workflow/13_Mask/400/NVA_S09E145.tif
🗑️ Deleted temporal file: /p/11211992-tki-mangrove-restoration/01_data/0_Workflow/13_Mask/400/BIN_S09E145.tif
🗑️ Deleted temporal file: /p/11211992-tki-mangrove-restoration/01_data/0_Workflow/13_Mask/400/FIL_S09E145.tif
Processing finished. Log saved to /p/11211992-tki-mangrove-restoration/01_data/0_Workflow/13_Mask/400/NVA.csv
🗑️ Deleted .xml file: /p/11211992-tki-mangrove-restoration/01_data/0_Workflow/13_Mask/400/FIL_N11E051.tif.aux.xml
🗑️ Deleted .xml file: /p/11211992-tki-mangrove-restoration/01_data/0_Workflow/13_Mask/400/FIL_N30E130.tif.aux.xml
🗑️ Deleted .xml file: /p/11211992-tki-mangrove-restoration/01_data/0_Workflow/13_Mask/400/FIL_S21E043.tif.aux.xml
🗑️ Deleted .xml file: /p/11211992-tki-mangrove-restoration/01_data/0_Workflow/13_Mask/400/FIL_N12E093.tif.aux.xml
🗑️ Deleted .xml file: /p/11211992-tki-mangrove-restoration/01_data/0_Workflow/13_Mask/400/FIL_S09E151.tif.aux.xml
🗑️ Deleted .xml file: /p/11211992-tki-mangrove-restoration/01_data/0_Workflow/13_Mask/400/FIL_N20W078.tif.aux.xml
🗑️ Deleted .xml file: /p/11211992-tki-mangrove-restoration/01_data/0_Workflow/13_Mask/400/FIL_N22W160.tif.aux.xml
🗑️ Deleted .xml file: /p/11211992-tki-mangrove-restoration/01_data/0_Workflow/13_Mask/400/FIL_N20W077.tif.aux.xml
🗑️ Deleted .xml file: /p/11211992-tki-mangrove-restoration/01_data/0_Workflow/13_Mask/400/FIL_S34E137.tif.aux.xml
🗑️ Deleted .xml file: /p/11211992-tki-mangrove-restoration/01_data/0_Workflow/13_Mask/400/FIL_S34E138.tif.aux.xml
🗑️ Deleted .xml file: /p/11211992-tki-mangrove-restoration/01_data/0_Workflow/13_Mask/400/FIL_S16E040.tif.aux.xml
🗑️ Deleted .xml file: /p/11211992-tki-mangrove-restoration/01_data/0_Workflow/13_Mask/400/FIL_N08W082.tif.aux.xml
🗑️ Deleted .xml file: /p/11211992-tki-mangrove-restoration/01_data/0_Workflow/13_Mask/400/FIL_N11W015.tif.aux.xml
🗑️ Deleted .xml file: /p/11211992-tki-mangrove-restoration/01_data/0_Workflow/13_Mask/400/FIL_N16E040.tif.aux.xml
🗑️ Deleted .xml file: /p/11211992-tki-mangrove-restoration/01_data/0_Workflow/13_Mask/400/FIL_N18W069.tif.aux.xml
🗑️ Deleted .xml file: /p/11211992-tki-mangrove-restoration/01_data/0_Workflow/13_Mask/400/FIL_N18W066.tif.aux.xml
🗑️ Deleted .xml file: /p/11211992-tki-mangrove-restoration/01_data/0_Workflow/13_Mask/400/FIL_N07E072.tif.aux.xml
🗑️ Deleted .xml file: /p/11211992-tki-mangrove-restoration/01_data/0_Workflow/13_Mask/400/FIL_N05E004.tif.aux.xml
🗑️ Deleted .xml file: /p/11211992-tki-mangrove-restoration/01_data/0_Workflow/13_Mask/400/FIL_S22E166.tif.aux.xml
🗑️ Deleted .xml file: /p/11211992-tki-mangrove-restoration/01_data/0_Workflow/13_Mask/400/FIL_N24E066.tif.aux.xml
🗑️ Deleted .xml file: /p/11211992-tki-mangrove-restoration/01_data/0_Workflow/13_Mask/400/FIL_S39E143.tif.aux.xml
🗑️ Deleted .xml file: /p/11211992-tki-mangrove-restoration/01_data/0_Workflow/13_Mask/400/FIL_N10W065.tif.aux.xml
🗑️ Deleted .xml file: /p/11211992-tki-mangrove-restoration/01_data/0_Workflow/13_Mask/400/FIL_N21W081.tif.aux.xml
🗑️ Deleted .xml file: /p/11211992-tki-mangrove-restoration/01_data/0_Workflow/13_Mask/400/FIL_S09E143.tif.aux.xml
🗑️ Deleted .xml file: /p/11211992-tki-mangrove-restoration/01_data/0_Workflow/13_Mask/400/FIL_S17E040.tif.aux.xml
🗑️ Deleted .xml file: /p/11211992-tki-mangrove-restoration/01_data/0_Workflow/13_Mask/400/FIL_N11E043.tif.aux.xml
🗑️ Deleted .xml file: /p/11211992-tki-mangrove-restoration/01_data/0_Workflow/13_Mask/400/FIL_S12E166.tif.aux.xml
🗑️ Deleted .xml file: /p/11211992-tki-mangrove-restoration/01_data/0_Workflow/13_Mask/400/FIL_N21W077.tif.aux.xml
🗑️ Deleted .xml file: /p/11211992-tki-mangrove-restoration/01_data/0_Workflow/13_Mask/400/FIL_N26W082.tif.aux.xml
🗑️ Deleted .xml file: /p/11211992-tki-mangrove-restoration/01_data/0_Workflow/13_Mask/400/FIL_N21W078.tif.aux.xml
🗑️ Deleted .xml file: /p/11211992-tki-mangrove-restoration/01_data/0_Workflow/13_Mask/400/FIL_N13E144.tif.aux.xml
🗑️ Deleted .xml file: /p/11211992-tki-mangrove-restoration/01_data/0_Workflow/13_Mask/400/FIL_S31E152.tif.aux.xml
🗑️ Deleted .xml file: /p/11211992-tki-mangrove-restoration/01_data/0_Workflow/13_Mask/400/FIL_N11W065.tif.aux.xml
🗑️ Deleted .xml file: /p/11211992-tki-mangrove-restoration/01_data/0_Workflow/13_Mask/400/FIL_S14W173.tif.aux.xml
🗑️ Deleted .xml file: /p/11211992-tki-mangrove-restoration/01_data/0_Workflow/13_Mask/400/FIL_N18W074.tif.aux.xml
🗑️ Deleted .xml file: /p/11211992-tki-mangrove-restoration/01_data/0_Workflow/13_Mask/400/FIL_N23E038.tif.aux.xml
🗑️ Deleted .xml file: /p/11211992-tki-mangrove-restoration/01_data/0_Workflow/13_Mask/400/FIL_S19E121.tif.aux.xml
🗑️ Deleted .xml file: /p/11211992-tki-mangrove-restoration/01_data/0_Workflow/13_Mask/400/FIL_N04W002.tif.aux.xml
🗑️ Deleted .xml file: /p/11211992-tki-mangrove-restoration/01_data/0_Workflow/13_Mask/400/FIL_S22E116.tif.aux.xml
🗑️ Deleted .xml file: /p/11211992-tki-mangrove-restoration/01_data/0_Workflow/13_Mask/400/FIL_N13W061.tif.aux.xml
🗑️ Deleted .xml file: /p/11211992-tki-mangrove-restoration/01_data/0_Workflow/13_Mask/400/FIL_N06E072.tif.aux.xml
🗑️ Deleted .xml file: /p/11211992-tki-mangrove-restoration/01_data/0_Workflow/13_Mask/400/FIL_S06E151.tif.aux.xml
🗑️ Deleted .xml file: /p/11211992-tki-mangrove-restoration/01_data/0_Workflow/13_Mask/400/FIL_S23E166.tif.aux.xml
🗑️ Deleted .xml file: /p/11211992-tki-mangrove-restoration/01_data/0_Workflow/13_Mask/400/FIL_N10W015.tif.aux.xml
🗑️ Deleted .xml file: /p/11211992-tki-mangrove-restoration/01_data/0_Workflow/13_Mask/400/FIL_S02E008.tif.aux.xml
🗑️ Deleted .xml file: /p/11211992-tki-mangrove-restoration/01_data/0_Workflow/13_Mask/400/FIL_S13E136.tif.aux.xml
🗑️ Deleted .xml file: /p/11211992-tki-mangrove-restoration/01_data/0_Workflow/13_Mask/400/FIL_S20E179.tif.aux.xml
🗑️ Deleted .xml file: /p/11211992-tki-mangrove-restoration/01_data/0_Workflow/13_Mask/400/FIL_S06E039.tif.aux.xml
🗑️ Deleted .xml file: /p/11211992-tki-mangrove-restoration/01_data/0_Workflow/13_Mask/400/FIL_S11E149.tif.aux.xml
🗑️ Deleted .xml file: /p/11211992-tki-mangrove-restoration/01_data/0_Workflow/13_Mask/400/FIL_S18E036.tif.aux.xml
🗑️ Deleted .xml file: /p/11211992-tki-mangrove-restoration/01_data/0_Workflow/13_Mask/400/FIL_N09E092.tif.aux.xml
🗑️ Deleted .xml file: /p/11211992-tki-mangrove-restoration/01_data/0_Workflow/13_Mask/400/FIL_N16E039.tif.aux.xml
🗑️ Deleted .xml file: /p/11211992-tki-mangrove-restoration/01_data/0_Workflow/13_Mask/400/FIL_S01E008.tif.aux.xml
🗑️ Deleted .xml file: /p/11211992-tki-mangrove-restoration/01_data/0_Workflow/13_Mask/400/FIL_S08E178.tif.aux.xml
🗑️ Deleted .xml file: /p/11211992-tki-mangrove-restoration/01_data/0_Workflow/13_Mask/400/FIL_N18W072.tif.aux.xml
🗑️ Deleted .xml file: /p/11211992-tki-mangrove-restoration/01_data/0_Workflow/13_Mask/400/FIL_S19E145.tif.aux.xml
🗑️ Deleted .xml file: /p/11211992-tki-mangrove-restoration/01_data/0_Workflow/13_Mask/400/FIL_S30E114.tif.aux.xml
🗑️ Deleted .xml file: /p/11211992-tki-mangrove-restoration/01_data/0_Workflow/13_Mask/400/FIL_S16E135.tif.aux.xml
🗑️ Deleted .xml file: /p/11211992-tki-mangrove-restoration/01_data/0_Workflow/13_Mask/400/FIL_N26E128.tif.aux.xml
🗑️ Deleted .xml file: /p/11211992-tki-mangrove-restoration/01_data/0_Workflow/13_Mask/400/FIL_N26E127.tif.aux.xml
🗑️ Deleted .xml file: /p/11211992-tki-mangrove-restoration/01_data/0_Workflow/13_Mask/400/FIL_N26E049.tif.aux.xml
🗑️ Deleted .xml file: /p/11211992-tki-mangrove-restoration/01_data/0_Workflow/13_Mask/400/FIL_N23W075.tif.aux.xml
🗑️ Deleted .xml file: /p/11211992-tki-mangrove-restoration/01_data/0_Workflow/13_Mask/400/FIL_S17E049.tif.aux.xml
🗑️ Deleted .xml file: /p/11211992-tki-mangrove-restoration/01_data/0_Workflow/13_Mask/400/FIL_S09E145.tif.aux.xml
🗑️ Deleted .xml file: /p/11211992-tki-mangrove-restoration/01_data/0_Workflow/13_Mask/400/FIL_N05W054.tif.aux.xml
🗑️ Deleted .xml file: /p/11211992-tki-mangrove-restoration/01_data/0_Workflow/13_Mask/400/FIL_S17E046.tif.aux.xml
🗑️ Deleted .xml file: /p/11211992-tki-mangrove-restoration/01_data/0_Workflow/13_Mask/400/FIL_S21E057.tif.aux.xml
🗑️ Deleted .xml file: /p/11211992-tki-mangrove-restoration/01_data/0_Workflow/13_Mask/400/FIL_N06E158.tif.aux.xml
🗑️ Deleted .xml file: /p/11211992-tki-mangrove-restoration/01_data/0_Workflow/13_Mask/400/FIL_S17E145.tif.aux.xml
🗑️ Deleted .xml file: /p/11211992-tki-mangrove-restoration/01_data/0_Workflow/13_Mask/400/FIL_S18E178.tif.aux.xml
🗑️ Deleted .xml file: /p/11211992-tki-mangrove-restoration/01_data/0_Workflow/13_Mask/400/FIL_S21E035.tif.aux.xml
🗑️ Deleted .xml file: /p/11211992-tki-mangrove-restoration/01_data/0_Workflow/13_Mask/400/FIL_S18E177.tif.aux.xml
🗑️ Deleted .xml file: /p/11211992-tki-mangrove-restoration/01_data/0_Workflow/13_Mask/400/FIL_N13W017.tif.aux.xml
🗑️ Deleted .xml file: /p/11211992-tki-mangrove-restoration/01_data/0_Workflow/13_Mask/400/FIL_S06E145.tif.aux.xml
🗑️ Deleted .xml file: /p/11211992-tki-mangrove-restoration/01_data/0_Workflow/13_Mask/400/FIL_S39E145.tif.aux.xml
🗑️ Deleted .xml file: /p/11211992-tki-mangrove-restoration/01_data/0_Workflow/13_Mask/400/FIL_N10W063.tif.aux.xml
🗑️ Deleted .xml file: /p/11211992-tki-mangrove-restoration/01_data/0_Workflow/13_Mask/400/FIL_S19E036.tif.aux.xml
🗑️ Deleted .xml file: /p/11211992-tki-mangrove-restoration/01_data/0_Workflow/13_Mask/400/FIL_N23E120.tif.aux.xml
🗑️ Deleted .xml file: /p/11211992-tki-mangrove-restoration/01_data/0_Workflow/13_Mask/400/FIL_N08W084.tif.aux.xml
🗑️ Deleted .xml file: /p/11211992-tki-mangrove-restoration/01_data/0_Workflow/13_Mask/400/FIL_S07E039.tif.aux.xml
🗑️ Deleted .xml file: /p/11211992-tki-mangrove-restoration/01_data/0_Workflow/13_Mask/400/FIL_S07E157.tif.aux.xml
🗑️ Deleted .xml file: /p/11211992-tki-mangrove-restoration/01_data/0_Workflow/13_Mask/400/FIL_N23W083.tif.aux.xml
🗑️ Deleted .xml file: /p/11211992-tki-mangrove-restoration/01_data/0_Workflow/13_Mask/400/FIL_N11W071.tif.aux.xml
🗑️ Deleted .xml file: /p/11211992-tki-mangrove-restoration/01_data/0_Workflow/13_Mask/400/FIL_N05E163.tif.aux.xml
🗑️ Deleted .xml file: /p/11211992-tki-mangrove-restoration/01_data/0_Workflow/13_Mask/400/FIL_S16E145.tif.aux.xml
🗑️ Deleted .xml file: /p/11211992-tki-mangrove-restoration/01_data/0_Workflow/13_Mask/400/FIL_N21W160.tif.aux.xml
🗑️ Deleted .xml file: /p/11211992-tki-mangrove-restoration/01_data/0_Workflow/13_Mask/400/FIL_N10E045.tif.aux.xml
🗑️ Deleted .xml file: /p/11211992-tki-mangrove-restoration/01_data/0_Workflow/13_Mask/400/FIL_N11E093.tif.aux.xml
🗑️ Deleted .xml file: /p/11211992-tki-mangrove-restoration/01_data/0_Workflow/13_Mask/400/FIL_S16E128.tif.aux.xml
🗑️ Deleted .xml file: /p/11211992-tki-mangrove-restoration/01_data/0_Workflow/13_Mask/400/FIL_S16E046.tif.aux.xml
🗑️ Deleted .xml file: /p/11211992-tki-mangrove-restoration/01_data/0_Workflow/13_Mask/400/FIL_S16E049.tif.aux.xml
🗑️ Deleted .xml file: /p/11211992-tki-mangrove-restoration/01_data/0_Workflow/13_Mask/400/FIL_N26E036.tif.aux.xml
🗑️ Deleted .xml file: /p/11211992-tki-mangrove-restoration/01_data/0_Workflow/13_Mask/400/FIL_S25E113.tif.aux.xml
🗑️ Deleted .xml file: /p/11211992-tki-mangrove-restoration/01_data/0_Workflow/13_Mask/400/FIL_S14E141.tif.aux.xml
🗑️ Deleted .xml file: /p/11211992-tki-mangrove-restoration/01_data/0_Workflow/13_Mask/400/FIL_S17E039.tif.aux.xml
🗑️ Deleted .xml file: /p/11211992-tki-mangrove-restoration/01_data/0_Workflow/13_Mask/400/FIL_N08W060.tif.aux.xml
🗑️ Deleted .xml file: /p/11211992-tki-mangrove-restoration/01_data/0_Workflow/13_Mask/400/FIL_S21E149.tif.aux.xml
🗑️ Deleted .xml file: /p/11211992-tki-mangrove-restoration/01_data/0_Workflow/13_Mask/400/FIL_S09E157.tif.aux.xml
🗑️ Deleted .xml file: /p/11211992-tki-mangrove-restoration/01_data/0_Workflow/13_Mask/400/FIL_S09E039.tif.aux.xml
🗑️ Deleted .xml file: /p/11211992-tki-mangrove-restoration/01_data/0_Workflow/13_Mask/400/FIL_S09E158.tif.aux.xml
🗑️ Deleted .xml file: /p/11211992-tki-mangrove-restoration/01_data/0_Workflow/13_Mask/400/FIL_S18E176.tif.aux.xml
🗑️ Deleted .xml file: /p/11211992-tki-mangrove-restoration/01_data/0_Workflow/13_Mask/400/FIL_S21E034.tif.aux.xml
🗑️ Deleted .xml file: /p/11211992-tki-mangrove-restoration/01_data/0_Workflow/13_Mask/400/FIL_S18E179.tif.aux.xml
🗑️ Deleted .xml file: /p/11211992-tki-mangrove-restoration/01_data/0_Workflow/13_Mask/400/FIL_S14E130.tif.aux.xml
🗑️ Deleted .xml file: /p/11211992-tki-mangrove-restoration/01_data/0_Workflow/13_Mask/400/FIL_N05W055.tif.aux.xml
🗑️ Deleted .xml file: /p/11211992-tki-mangrove-restoration/01_data/0_Workflow/13_Mask/400/FIL_N06E134.tif.aux.xml
🗑️ Deleted .xml file: /p/11211992-tki-mangrove-restoration/01_data/0_Workflow/13_Mask/400/FIL_N18E038.tif.aux.xml
🗑️ Deleted .xml file: /p/11211992-tki-mangrove-restoration/01_data/0_Workflow/13_Mask/400/FIL_S05E011.tif.aux.xml
🗑️ Deleted .xml file: /p/11211992-tki-mangrove-restoration/01_data/0_Workflow/13_Mask/400/FIL_S08E159.tif.aux.xml
🗑️ Deleted .xml file: /p/11211992-tki-mangrove-restoration/01_data/0_Workflow/13_Mask/400/FIL_N13W082.tif.aux.xml
🗑️ Deleted .xml file: /p/11211992-tki-mangrove-restoration/01_data/0_Workflow/13_Mask/400/FIL_N23E052.tif.aux.xml
🗑️ Deleted .xml file: /p/11211992-tki-mangrove-restoration/01_data/0_Workflow/13_Mask/400/FIL_N05E073.tif.aux.xml
🗑️ Deleted .xml file: /p/11211992-tki-mangrove-restoration/01_data/0_Workflow/13_Mask/400/FIL_S04E152.tif.aux.xml
🗑️ Deleted .xml file: /p/11211992-tki-mangrove-restoration/01_data/0_Workflow/13_Mask/400/FIL_S18W150.tif.aux.xml
🗑️ Deleted .xml file: /p/11211992-tki-mangrove-restoration/01_data/0_Workflow/13_Mask/400/FIL_N08E134.tif.aux.xml
🗑️ Deleted .xml file: /p/11211992-tki-mangrove-restoration/01_data/0_Workflow/13_Mask/400/FIL_N18W073.tif.aux.xml
🗑️ Deleted .xml file: /p/11211992-tki-mangrove-restoration/01_data/0_Workflow/13_Mask/400/FIL_N06W011.tif.aux.xml
🗑️ Deleted .xml file: /p/11211992-tki-mangrove-restoration/01_data/0_Workflow/13_Mask/400/FIL_S01E009.tif.aux.xml
🗑️ Deleted .xml file: /p/11211992-tki-mangrove-restoration/01_data/0_Workflow/13_Mask/400/FIL_N11W062.tif.aux.xml
🗑️ Deleted .xml file: /p/11211992-tki-mangrove-restoration/01_data/0_Workflow/13_Mask/400/FIL_S11E147.tif.aux.xml
🗑️ Deleted .xml file: /p/11211992-tki-mangrove-restoration/01_data/0_Workflow/13_Mask/400/FIL_S11E148.tif.aux.xml
🗑️ Deleted .xml file: /p/11211992-tki-mangrove-restoration/01_data/0_Workflow/13_Mask/400/FIL_N28E129.tif.aux.xml
🗑️ Deleted .xml file: /p/11211992-tki-mangrove-restoration/01_data/0_Workflow/13_Mask/400/FIL_N25E061.tif.aux.xml
🗑️ Deleted .xml file: /p/11211992-tki-mangrove-restoration/01_data/0_Workflow/13_Mask/400/FIL_S06E038.tif.aux.xml
🗑️ Deleted .xml file: /p/11211992-tki-mangrove-restoration/01_data/0_Workflow/13_Mask/400/FIL_S24E043.tif.aux.xml
🗑️ Deleted .xml file: /p/11211992-tki-mangrove-restoration/01_data/0_Workflow/13_Mask/400/FIL_S09E159.tif.aux.xml
🗑️ Deleted .xml file: /p/11211992-tki-mangrove-restoration/01_data/0_Workflow/13_Mask/400/FIL_S09E156.tif.aux.xml
🗑️ Deleted .xml file: /p/11211992-tki-mangrove-restoration/01_data/0_Workflow/13_Mask/400/FIL_S21E044.tif.aux.xml
🗑️ Deleted .xml file: /p/11211992-tki-mangrove-restoration/01_data/0_Workflow/13_Mask/400/FIL_S17E038.tif.aux.xml
🗑️ Deleted .xml file: /p/11211992-tki-mangrove-restoration/01_data/0_Workflow/13_Mask/400/FIL_S21E148.tif.aux.xml
🗑️ Deleted .xml file: /p/11211992-tki-mangrove-restoration/01_data/0_Workflow/13_Mask/400/FIL_N08W061.tif.aux.xml
🗑️ Deleted .xml file: /p/11211992-tki-mangrove-restoration/01_data/0_Workflow/13_Mask/400/FIL_N26W098.tif.aux.xml
🗑️ Deleted .xml file: /p/11211992-tki-mangrove-restoration/01_data/0_Workflow/13_Mask/400/FIL_S16E129.tif.aux.xml
🗑️ Deleted .xml file: /p/11211992-tki-mangrove-restoration/01_data/0_Workflow/13_Mask/400/FIL_S16E047.tif.aux.xml
🗑️ Deleted .xml file: /p/11211992-tki-mangrove-restoration/01_data/0_Workflow/13_Mask/400/FIL_S38E176.tif.aux.xml
🗑️ Deleted .xml file: /p/11211992-tki-mangrove-restoration/01_data/0_Workflow/13_Mask/400/FIL_N10W086.tif.aux.xml
🗑️ Deleted .xml file: /p/11211992-tki-mangrove-restoration/01_data/0_Workflow/13_Mask/400/FIL_N26E055.tif.aux.xml
🗑️ Deleted .xml file: /p/11211992-tki-mangrove-restoration/01_data/0_Workflow/13_Mask/400/FIL_N23W082.tif.aux.xml
🗑️ Deleted .xml file: /p/11211992-tki-mangrove-restoration/01_data/0_Workflow/13_Mask/400/FIL_S07E038.tif.aux.xml
🗑️ Deleted .xml file: /p/11211992-tki-mangrove-restoration/01_data/0_Workflow/13_Mask/400/FIL_S07E156.tif.aux.xml
🗑️ Deleted .xml file: /p/11211992-tki-mangrove-restoration/01_data/0_Workflow/13_Mask/400/FIL_N05E162.tif.aux.xml
🗑️ Deleted .xml file: /p/11211992-tki-mangrove-restoration/01_data/0_Workflow/13_Mask/400/FIL_N11W070.tif.aux.xml
🗑️ Deleted .xml file: /p/11211992-tki-mangrove-restoration/01_data/0_Workflow/13_Mask/400/FIL_N10W062.tif.aux.xml
🗑️ Deleted .xml file: /p/11211992-tki-mangrove-restoration/01_data/0_Workflow/13_Mask/400/FIL_S39E144.tif.aux.xml
🗑️ Deleted .xml file: /p/11211992-tki-mangrove-restoration/01_data/0_Workflow/13_Mask/400/FIL_N13W016.tif.aux.xml
🗑️ Deleted .xml file: /p/11211992-tki-mangrove-restoration/01_data/0_Workflow/13_Mask/400/FIL_N04E073.tif.aux.xml
🗑️ Deleted .xml file: /p/11211992-tki-mangrove-restoration/01_data/0_Workflow/13_Mask/400/FIL_N10W064.tif.aux.xml
🗑️ Deleted .xml file: /p/11211992-tki-mangrove-restoration/01_data/0_Workflow/13_Mask/400/FIL_N21W080.tif.aux.xml
🗑️ Deleted .xml file: /p/11211992-tki-mangrove-restoration/01_data/0_Workflow/13_Mask/400/FIL_S20E163.tif.aux.xml
🗑️ Deleted .xml file: /p/11211992-tki-mangrove-restoration/01_data/0_Workflow/13_Mask/400/FIL_S24E035.tif.aux.xml
🗑️ Deleted .xml file: /p/11211992-tki-mangrove-restoration/01_data/0_Workflow/13_Mask/400/FIL_N06E003.tif.aux.xml
🗑️ Deleted .xml file: /p/11211992-tki-mangrove-restoration/01_data/0_Workflow/13_Mask/400/FIL_N05W003.tif.aux.xml
🗑️ Deleted .xml file: /p/11211992-tki-mangrove-restoration/01_data/0_Workflow/13_Mask/400/FIL_S13E044.tif.aux.xml
🗑️ Deleted .xml file: /p/11211992-tki-mangrove-restoration/01_data/0_Workflow/13_Mask/400/FIL_N18W067.tif.aux.xml
🗑️ Deleted .xml file: /p/11211992-tki-mangrove-restoration/01_data/0_Workflow/13_Mask/400/FIL_N23W084.tif.aux.xml
🗑️ Deleted .xml file: /p/11211992-tki-mangrove-restoration/01_data/0_Workflow/13_Mask/400/FIL_N24E067.tif.aux.xml
🗑️ Deleted .xml file: /p/11211992-tki-mangrove-restoration/01_data/0_Workflow/13_Mask/400/FIL_S07E150.tif.aux.xml
🗑️ Deleted .xml file: /p/11211992-tki-mangrove-restoration/01_data/0_Workflow/13_Mask/400/FIL_N08W083.tif.aux.xml
🗑️ Deleted .xml file: /p/11211992-tki-mangrove-restoration/01_data/0_Workflow/13_Mask/400/FIL_S03E009.tif.aux.xml
🗑️ Deleted .xml file: /p/11211992-tki-mangrove-restoration/01_data/0_Workflow/13_Mask/400/FIL_N16E041.tif.aux.xml
🗑️ Deleted .xml file: /p/11211992-tki-mangrove-restoration/01_data/0_Workflow/13_Mask/400/FIL_N04W053.tif.aux.xml
🗑️ Deleted .xml file: /p/11211992-tki-mangrove-restoration/01_data/0_Workflow/13_Mask/400/FIL_S34E136.tif.aux.xml
🗑️ Deleted .xml file: /p/11211992-tki-mangrove-restoration/01_data/0_Workflow/13_Mask/400/FIL_S36E150.tif.aux.xml
🗑️ Deleted .xml file: /p/11211992-tki-mangrove-restoration/01_data/0_Workflow/13_Mask/400/FIL_S19W179.tif.aux.xml
🗑️ Deleted .xml file: /p/11211992-tki-mangrove-restoration/01_data/0_Workflow/13_Mask/400/FIL_N12E092.tif.aux.xml
🗑️ Deleted .xml file: /p/11211992-tki-mangrove-restoration/01_data/0_Workflow/13_Mask/400/FIL_N30E131.tif.aux.xml
🗑️ Deleted .xml file: /p/11211992-tki-mangrove-restoration/01_data/0_Workflow/13_Mask/400/FIL_N20W076.tif.aux.xml
🗑️ Deleted .xml file: /p/11211992-tki-mangrove-restoration/01_data/0_Workflow/13_Mask/400/FIL_N20W079.tif.aux.xml
🗑️ Deleted .xml file: /p/11211992-tki-mangrove-restoration/01_data/0_Workflow/13_Mask/400/FIL_S09E150.tif.aux.xml
🗑️ Deleted .xml file: /p/11211992-tki-mangrove-restoration/01_data/0_Workflow/13_Mask/400/FIL_N11E050.tif.aux.xml
🗑️ Deleted .xml file: /p/11211992-tki-mangrove-restoration/01_data/0_Workflow/13_Mask/400/FIL_N18E041.tif.aux.xml
🗑️ Deleted .xml file: /p/11211992-tki-mangrove-restoration/01_data/0_Workflow/13_Mask/400/FIL_N00W092.tif.aux.xml
🗑️ Deleted .xml file: /p/11211992-tki-mangrove-restoration/01_data/0_Workflow/13_Mask/400/FIL_S02E009.tif.aux.xml
🗑️ Deleted .xml file: /p/11211992-tki-mangrove-restoration/01_data/0_Workflow/13_Mask/400/FIL_N10W014.tif.aux.xml
🗑️ Deleted .xml file: /p/11211992-tki-mangrove-restoration/01_data/0_Workflow/13_Mask/400/FIL_S06E053.tif.aux.xml
🗑️ Deleted .xml file: /p/11211992-tki-mangrove-restoration/01_data/0_Workflow/13_Mask/400/FIL_N10W076.tif.aux.xml
🗑️ Deleted .xml file: /p/11211992-tki-mangrove-restoration/01_data/0_Workflow/13_Mask/400/FIL_N04E005.tif.aux.xml
🗑️ Deleted .xml file: /p/11211992-tki-mangrove-restoration/01_data/0_Workflow/13_Mask/400/FIL_N13W060.tif.aux.xml
🗑️ Deleted .xml file: /p/11211992-tki-mangrove-restoration/01_data/0_Workflow/13_Mask/400/FIL_S23E167.tif.aux.xml
🗑️ Deleted .xml file: /p/11211992-tki-mangrove-restoration/01_data/0_Workflow/13_Mask/400/FIL_S06E150.tif.aux.xml
🗑️ Deleted .xml file: /p/11211992-tki-mangrove-restoration/01_data/0_Workflow/13_Mask/400/FIL_N28W083.tif.aux.xml
🗑️ Deleted .xml file: /p/11211992-tki-mangrove-restoration/01_data/0_Workflow/13_Mask/400/FIL_N19W077.tif.aux.xml
🗑️ Deleted .xml file: /p/11211992-tki-mangrove-restoration/01_data/0_Workflow/13_Mask/400/FIL_S19W180.tif.aux.xml
🗑️ Deleted .xml file: /p/11211992-tki-mangrove-restoration/01_data/0_Workflow/13_Mask/400/FIL_S14W172.tif.aux.xml
🗑️ Deleted .xml file: /p/11211992-tki-mangrove-restoration/01_data/0_Workflow/13_Mask/400/FIL_N18W075.tif.aux.xml
🗑️ Deleted .xml file: /p/11211992-tki-mangrove-restoration/01_data/0_Workflow/13_Mask/400/FIL_S31E153.tif.aux.xml
🗑️ Deleted .xml file: /p/11211992-tki-mangrove-restoration/01_data/0_Workflow/13_Mask/400/FIL_N20W080.tif.aux.xml
🗑️ Deleted .xml file: /p/11211992-tki-mangrove-restoration/01_data/0_Workflow/13_Mask/400/FIL_S29E031.tif.aux.xml
🗑️ Deleted .xml file: /p/11211992-tki-mangrove-restoration/01_data/0_Workflow/13_Mask/400/FIL_S34E027.tif.aux.xml
🗑️ Deleted .xml file: /p/11211992-tki-mangrove-restoration/01_data/0_Workflow/13_Mask/400/FIL_N21W079.tif.aux.xml
🗑️ Deleted .xml file: /p/11211992-tki-mangrove-restoration/01_data/0_Workflow/13_Mask/400/FIL_N21W076.tif.aux.xml
🗑️ Deleted .xml file: /p/11211992-tki-mangrove-restoration/01_data/0_Workflow/13_Mask/400/FIL_N26W083.tif.aux.xml
🗑️ Deleted .xml file: /p/11211992-tki-mangrove-restoration/01_data/0_Workflow/13_Mask/400/FIL_N16W017.tif.aux.xml
🗑️ Deleted .xml file: /p/11211992-tki-mangrove-restoration/01_data/0_Workflow/13_Mask/400/FIL_S15E134.tif.aux.xml
🗑️ Deleted .xml file: /p/11211992-tki-mangrove-restoration/01_data/0_Workflow/13_Mask/400/FIL_N09W078.tif.aux.xml
🗑️ Deleted .xml file: /p/11211992-tki-mangrove-restoration/01_data/0_Workflow/13_Mask/400/FIL_S17W180.tif.aux.xml
🗑️ Deleted .xml file: /p/11211992-tki-mangrove-restoration/01_data/0_Workflow/13_Mask/400/FIL_N02E009.tif.aux.xml
🗑️ Deleted .xml file: /p/11211992-tki-mangrove-restoration/01_data/0_Workflow/13_Mask/400/FIL_S14E136.tif.aux.xml
🗑️ Deleted .xml file: /p/11211992-tki-mangrove-restoration/01_data/0_Workflow/13_Mask/400/FIL_N05W053.tif.aux.xml
🗑️ Deleted .xml file: /p/11211992-tki-mangrove-restoration/01_data/0_Workflow/13_Mask/400/FIL_S09E142.tif.aux.xml
>>> Processing time: 11_process_no_valid_areas.py: 775.91 seconds



>>> Initializing QGIS
QGIS initialized successfully.
Processing native algorithms initialized successfully.

>>> Processing tile: N05E073
📐 Raster calculator expression:
if("NVA_N05E073@1" = 0, ("PON_N05E073@1" * 100 + "ACC_N05E073@1" * 100 + "HIS_N05E073@1" * 100 + "PRM_N05E073@1" * 100 + max("PRR_N05E073@1", "PRC_N05E073@1") * 100 + "SUB_N05E073@1" * 100) / 600, 0)
✔ Saved: /p/11211992-tki-mangrove-restoration/01_data/0_Workflow/14_Mangrove_potential/400/MPM_N05E073.tif
🗑️ Deleted temporal file: /p/11211992-tki-mangrove-restoration/01_data/0_Workflow/14_Mangrove_potential/400/BIN_N05E073.tif
🗑️ Deleted temporal file: /p/11211992-tki-mangrove-restoration/01_data/0_Workflow/14_Mangrove_potential/400/FIL_N05E073.tif

>>> Processing tile: S06E150
📐 Raster calculator expression:
if("NVA_S06E150@1" = 0, ("PON_S06E150@1" * 100 + "ACC_S06E150@1" * 100 + "HIS_S06E150@1" * 100 + "PRM_S06E150@1" * 100 + max("PRR_S06E150@1", "PRC_S06E150@1") * 100 + "SUB_S06E150@1" * 100) / 600, 0)
✔ Saved: /p/11211992-tki-mangrove-restoration/01_data/0_Workflow/14_Mangrove_potential/400/MPM_S06E150.tif
🗑️ Deleted temporal file: /p/11211992-tki-mangrove-restoration/01_data/0_Workflow/14_Mangrove_potential/400/BIN_S06E150.tif
🗑️ Deleted temporal file: /p/11211992-tki-mangrove-restoration/01_data/0_Workflow/14_Mangrove_potential/400/FIL_S06E150.tif

>>> Processing tile: S09E157
📐 Raster calculator expression:
if("NVA_S09E157@1" = 0, ("PON_S09E157@1" * 100 + "ACC_S09E157@1" * 100 + "HIS_S09E157@1" * 100 + "PRM_S09E157@1" * 100 + max("PRR_S09E157@1", "PRC_S09E157@1") * 100 + "SUB_S09E157@1" * 100) / 600, 0)
✔ Saved: /p/11211992-tki-mangrove-restoration/01_data/0_Workflow/14_Mangrove_potential/400/MPM_S09E157.tif
🗑️ Deleted temporal file: /p/11211992-tki-mangrove-restoration/01_data/0_Workflow/14_Mangrove_potential/400/BIN_S09E157.tif
🗑️ Deleted temporal file: /p/11211992-tki-mangrove-restoration/01_data/0_Workflow/14_Mangrove_potential/400/FIL_S09E157.tif

>>> Processing tile: N08W083
📐 Raster calculator expression:
if("NVA_N08W083@1" = 0, ("PON_N08W083@1" * 100 + "ACC_N08W083@1" * 100 + "HIS_N08W083@1" * 100 + "PRM_N08W083@1" * 100 + max("PRR_N08W083@1", "PRC_N08W083@1") * 100 + "SUB_N08W083@1" * 100) / 600, 0)
✔ Saved: /p/11211992-tki-mangrove-restoration/01_data/0_Workflow/14_Mangrove_potential/400/MPM_N08W083.tif
🗑️ Deleted temporal file: /p/11211992-tki-mangrove-restoration/01_data/0_Workflow/14_Mangrove_potential/400/BIN_N08W083.tif
🗑️ Deleted temporal file: /p/11211992-tki-mangrove-restoration/01_data/0_Workflow/14_Mangrove_potential/400/FIL_N08W083.tif

>>> Processing tile: S38E176
📐 Raster calculator expression:
if("NVA_S38E176@1" = 0, ("PON_S38E176@1" * 100 + "ACC_S38E176@1" * 100 + "HIS_S38E176@1" * 100 + "PRM_S38E176@1" * 100 + max("PRR_S38E176@1", "PRC_S38E176@1") * 100 + "SUB_S38E176@1" * 100) / 600, 0)
✔ Saved: /p/11211992-tki-mangrove-restoration/01_data/0_Workflow/14_Mangrove_potential/400/MPM_S38E176.tif
🗑️ Deleted temporal file: /p/11211992-tki-mangrove-restoration/01_data/0_Workflow/14_Mangrove_potential/400/BIN_S38E176.tif
🗑️ Deleted temporal file: /p/11211992-tki-mangrove-restoration/01_data/0_Workflow/14_Mangrove_potential/400/FIL_S38E176.tif

>>> Processing tile: S14W173
📐 Raster calculator expression:
if("NVA_S14W173@1" = 0, ("PON_S14W173@1" * 100 + "ACC_S14W173@1" * 100 + "HIS_S14W173@1" * 100 + "PRM_S14W173@1" * 100 + max("PRR_S14W173@1", "PRC_S14W173@1") * 100 + "SUB_S14W173@1" * 100) / 600, 0)
✔ Saved: /p/11211992-tki-mangrove-restoration/01_data/0_Workflow/14_Mangrove_potential/400/MPM_S14W173.tif
🗑️ Deleted temporal file: /p/11211992-tki-mangrove-restoration/01_data/0_Workflow/14_Mangrove_potential/400/BIN_S14W173.tif
🗑️ Deleted temporal file: /p/11211992-tki-mangrove-restoration/01_data/0_Workflow/14_Mangrove_potential/400/FIL_S14W173.tif

>>> Processing tile: S02E009
📐 Raster calculator expression:
if("NVA_S02E009@1" = 0, ("PON_S02E009@1" * 100 + "ACC_S02E009@1" * 100 + "HIS_S02E009@1" * 100 + "PRM_S02E009@1" * 100 + max("PRR_S02E009@1", "PRC_S02E009@1") * 100 + "SUB_S02E009@1" * 100) / 600, 0)
✔ Saved: /p/11211992-tki-mangrove-restoration/01_data/0_Workflow/14_Mangrove_potential/400/MPM_S02E009.tif
🗑️ Deleted temporal file: /p/11211992-tki-mangrove-restoration/01_data/0_Workflow/14_Mangrove_potential/400/BIN_S02E009.tif
🗑️ Deleted temporal file: /p/11211992-tki-mangrove-restoration/01_data/0_Workflow/14_Mangrove_potential/400/FIL_S02E009.tif

>>> Processing tile: N23E038
📐 Raster calculator expression:
if("NVA_N23E038@1" = 0, ("PON_N23E038@1" * 100 + "ACC_N23E038@1" * 100 + "HIS_N23E038@1" * 100 + "PRM_N23E038@1" * 100 + max("PRR_N23E038@1", "PRC_N23E038@1") * 100 + "SUB_N23E038@1" * 100) / 600, 0)
✔ Saved: /p/11211992-tki-mangrove-restoration/01_data/0_Workflow/14_Mangrove_potential/400/MPM_N23E038.tif
🗑️ Deleted temporal file: /p/11211992-tki-mangrove-restoration/01_data/0_Workflow/14_Mangrove_potential/400/BIN_N23E038.tif
🗑️ Deleted temporal file: /p/11211992-tki-mangrove-restoration/01_data/0_Workflow/14_Mangrove_potential/400/FIL_N23E038.tif

>>> Processing tile: S24E043
📐 Raster calculator expression:
if("NVA_S24E043@1" = 0, ("PON_S24E043@1" * 100 + "ACC_S24E043@1" * 100 + "HIS_S24E043@1" * 100 + "PRM_S24E043@1" * 100 + max("PRR_S24E043@1", "PRC_S24E043@1") * 100 + "SUB_S24E043@1" * 100) / 600, 0)
✔ Saved: /p/11211992-tki-mangrove-restoration/01_data/0_Workflow/14_Mangrove_potential/400/MPM_S24E043.tif
🗑️ Deleted temporal file: /p/11211992-tki-mangrove-restoration/01_data/0_Workflow/14_Mangrove_potential/400/BIN_S24E043.tif
🗑️ Deleted temporal file: /p/11211992-tki-mangrove-restoration/01_data/0_Workflow/14_Mangrove_potential/400/FIL_S24E043.tif

>>> Processing tile: N02E009
📐 Raster calculator expression:
if("NVA_N02E009@1" = 0, ("PON_N02E009@1" * 100 + "ACC_N02E009@1" * 100 + "HIS_N02E009@1" * 100 + "PRM_N02E009@1" * 100 + max("PRR_N02E009@1", "PRC_N02E009@1") * 100 + "SUB_N02E009@1" * 100) / 600, 0)
✔ Saved: /p/11211992-tki-mangrove-restoration/01_data/0_Workflow/14_Mangrove_potential/400/MPM_N02E009.tif
🗑️ Deleted temporal file: /p/11211992-tki-mangrove-restoration/01_data/0_Workflow/14_Mangrove_potential/400/BIN_N02E009.tif
🗑️ Deleted temporal file: /p/11211992-tki-mangrove-restoration/01_data/0_Workflow/14_Mangrove_potential/400/FIL_N02E009.tif

>>> Processing tile: S06E151
📐 Raster calculator expression:
if("NVA_S06E151@1" = 0, ("PON_S06E151@1" * 100 + "ACC_S06E151@1" * 100 + "HIS_S06E151@1" * 100 + "PRM_S06E151@1" * 100 + max("PRR_S06E151@1", "PRC_S06E151@1") * 100 + "SUB_S06E151@1" * 100) / 600, 0)
✔ Saved: /p/11211992-tki-mangrove-restoration/01_data/0_Workflow/14_Mangrove_potential/400/MPM_S06E151.tif
🗑️ Deleted temporal file: /p/11211992-tki-mangrove-restoration/01_data/0_Workflow/14_Mangrove_potential/400/BIN_S06E151.tif
🗑️ Deleted temporal file: /p/11211992-tki-mangrove-restoration/01_data/0_Workflow/14_Mangrove_potential/400/FIL_S06E151.tif

>>> Processing tile: S09E156
📐 Raster calculator expression:
if("NVA_S09E156@1" = 0, ("PON_S09E156@1" * 100 + "ACC_S09E156@1" * 100 + "HIS_S09E156@1" * 100 + "PRM_S09E156@1" * 100 + max("PRR_S09E156@1", "PRC_S09E156@1") * 100 + "SUB_S09E156@1" * 100) / 600, 0)
✔ Saved: /p/11211992-tki-mangrove-restoration/01_data/0_Workflow/14_Mangrove_potential/400/MPM_S09E156.tif
🗑️ Deleted temporal file: /p/11211992-tki-mangrove-restoration/01_data/0_Workflow/14_Mangrove_potential/400/BIN_S09E156.tif
🗑️ Deleted temporal file: /p/11211992-tki-mangrove-restoration/01_data/0_Workflow/14_Mangrove_potential/400/FIL_S09E156.tif

>>> Processing tile: N08W082
📐 Raster calculator expression:
if("NVA_N08W082@1" = 0, ("PON_N08W082@1" * 100 + "ACC_N08W082@1" * 100 + "HIS_N08W082@1" * 100 + "PRM_N08W082@1" * 100 + max("PRR_N08W082@1", "PRC_N08W082@1") * 100 + "SUB_N08W082@1" * 100) / 600, 0)
✔ Saved: /p/11211992-tki-mangrove-restoration/01_data/0_Workflow/14_Mangrove_potential/400/MPM_N08W082.tif
🗑️ Deleted temporal file: /p/11211992-tki-mangrove-restoration/01_data/0_Workflow/14_Mangrove_potential/400/BIN_N08W082.tif
🗑️ Deleted temporal file: /p/11211992-tki-mangrove-restoration/01_data/0_Workflow/14_Mangrove_potential/400/FIL_N08W082.tif

>>> Processing tile: N04W002
📐 Raster calculator expression:
if("NVA_N04W002@1" = 0, ("PON_N04W002@1" * 100 + "ACC_N04W002@1" * 100 + "HIS_N04W002@1" * 100 + "PRM_N04W002@1" * 100 + max("PRR_N04W002@1", "PRC_N04W002@1") * 100 + "SUB_N04W002@1" * 100) / 600, 0)
✔ Saved: /p/11211992-tki-mangrove-restoration/01_data/0_Workflow/14_Mangrove_potential/400/MPM_N04W002.tif
🗑️ Deleted temporal file: /p/11211992-tki-mangrove-restoration/01_data/0_Workflow/14_Mangrove_potential/400/BIN_N04W002.tif
🗑️ Deleted temporal file: /p/11211992-tki-mangrove-restoration/01_data/0_Workflow/14_Mangrove_potential/400/FIL_N04W002.tif

>>> Processing tile: N05E004
📐 Raster calculator expression:
if("NVA_N05E004@1" = 0, ("PON_N05E004@1" * 100 + "ACC_N05E004@1" * 100 + "HIS_N05E004@1" * 100 + "PRM_N05E004@1" * 100 + max("PRR_N05E004@1", "PRC_N05E004@1") * 100 + "SUB_N05E004@1" * 100) / 600, 0)
✔ Saved: /p/11211992-tki-mangrove-restoration/01_data/0_Workflow/14_Mangrove_potential/400/MPM_N05E004.tif
🗑️ Deleted temporal file: /p/11211992-tki-mangrove-restoration/01_data/0_Workflow/14_Mangrove_potential/400/BIN_N05E004.tif
🗑️ Deleted temporal file: /p/11211992-tki-mangrove-restoration/01_data/0_Workflow/14_Mangrove_potential/400/FIL_N05E004.tif

>>> Processing tile: S24E035
📐 Raster calculator expression:
if("NVA_S24E035@1" = 0, ("PON_S24E035@1" * 100 + "ACC_S24E035@1" * 100 + "HIS_S24E035@1" * 100 + "PRM_S24E035@1" * 100 + max("PRR_S24E035@1", "PRC_S24E035@1") * 100 + "SUB_S24E035@1" * 100) / 600, 0)
✔ Saved: /p/11211992-tki-mangrove-restoration/01_data/0_Workflow/14_Mangrove_potential/400/MPM_S24E035.tif
🗑️ Deleted temporal file: /p/11211992-tki-mangrove-restoration/01_data/0_Workflow/14_Mangrove_potential/400/BIN_S24E035.tif
🗑️ Deleted temporal file: /p/11211992-tki-mangrove-restoration/01_data/0_Workflow/14_Mangrove_potential/400/FIL_S24E035.tif

>>> Processing tile: S14W172
📐 Raster calculator expression:
if("NVA_S14W172@1" = 0, ("PON_S14W172@1" * 100 + "ACC_S14W172@1" * 100 + "HIS_S14W172@1" * 100 + "PRM_S14W172@1" * 100 + max("PRR_S14W172@1", "PRC_S14W172@1") * 100 + "SUB_S14W172@1" * 100) / 600, 0)
✔ Saved: /p/11211992-tki-mangrove-restoration/01_data/0_Workflow/14_Mangrove_potential/400/MPM_S14W172.tif
🗑️ Deleted temporal file: /p/11211992-tki-mangrove-restoration/01_data/0_Workflow/14_Mangrove_potential/400/BIN_S14W172.tif
🗑️ Deleted temporal file: /p/11211992-tki-mangrove-restoration/01_data/0_Workflow/14_Mangrove_potential/400/FIL_S14W172.tif

>>> Processing tile: S02E008
📐 Raster calculator expression:
if("NVA_S02E008@1" = 0, ("PON_S02E008@1" * 100 + "ACC_S02E008@1" * 100 + "HIS_S02E008@1" * 100 + "PRM_S02E008@1" * 100 + max("PRR_S02E008@1", "PRC_S02E008@1") * 100 + "SUB_S02E008@1" * 100) / 600, 0)
✔ Saved: /p/11211992-tki-mangrove-restoration/01_data/0_Workflow/14_Mangrove_potential/400/MPM_S02E008.tif
🗑️ Deleted temporal file: /p/11211992-tki-mangrove-restoration/01_data/0_Workflow/14_Mangrove_potential/400/BIN_S02E008.tif
🗑️ Deleted temporal file: /p/11211992-tki-mangrove-restoration/01_data/0_Workflow/14_Mangrove_potential/400/FIL_S02E008.tif

>>> Processing tile: S34E027
📐 Raster calculator expression:
if("NVA_S34E027@1" = 0, ("PON_S34E027@1" * 100 + "ACC_S34E027@1" * 100 + "HIS_S34E027@1" * 100 + "PRM_S34E027@1" * 100 + max("PRR_S34E027@1", "PRC_S34E027@1") * 100 + "SUB_S34E027@1" * 100) / 600, 0)
✔ Saved: /p/11211992-tki-mangrove-restoration/01_data/0_Workflow/14_Mangrove_potential/400/MPM_S34E027.tif
🗑️ Deleted temporal file: /p/11211992-tki-mangrove-restoration/01_data/0_Workflow/14_Mangrove_potential/400/BIN_S34E027.tif
🗑️ Deleted temporal file: /p/11211992-tki-mangrove-restoration/01_data/0_Workflow/14_Mangrove_potential/400/FIL_S34E027.tif

>>> Processing tile: N20W080
📐 Raster calculator expression:
if("NVA_N20W080@1" = 0, ("PON_N20W080@1" * 100 + "ACC_N20W080@1" * 100 + "HIS_N20W080@1" * 100 + "PRM_N20W080@1" * 100 + max("PRR_N20W080@1", "PRC_N20W080@1") * 100 + "SUB_N20W080@1" * 100) / 600, 0)
✔ Saved: /p/11211992-tki-mangrove-restoration/01_data/0_Workflow/14_Mangrove_potential/400/MPM_N20W080.tif
🗑️ Deleted temporal file: /p/11211992-tki-mangrove-restoration/01_data/0_Workflow/14_Mangrove_potential/400/BIN_N20W080.tif
🗑️ Deleted temporal file: /p/11211992-tki-mangrove-restoration/01_data/0_Workflow/14_Mangrove_potential/400/FIL_N20W080.tif

>>> Processing tile: S21E034
📐 Raster calculator expression:
if("NVA_S21E034@1" = 0, ("PON_S21E034@1" * 100 + "ACC_S21E034@1" * 100 + "HIS_S21E034@1" * 100 + "PRM_S21E034@1" * 100 + max("PRR_S21E034@1", "PRC_S21E034@1") * 100 + "SUB_S21E034@1" * 100) / 600, 0)
✔ Saved: /p/11211992-tki-mangrove-restoration/01_data/0_Workflow/14_Mangrove_potential/400/MPM_S21E034.tif
🗑️ Deleted temporal file: /p/11211992-tki-mangrove-restoration/01_data/0_Workflow/14_Mangrove_potential/400/BIN_S21E034.tif
🗑️ Deleted temporal file: /p/11211992-tki-mangrove-restoration/01_data/0_Workflow/14_Mangrove_potential/400/FIL_S21E034.tif

>>> Processing tile: S16E135
📐 Raster calculator expression:
if("NVA_S16E135@1" = 0, ("PON_S16E135@1" * 100 + "ACC_S16E135@1" * 100 + "HIS_S16E135@1" * 100 + "PRM_S16E135@1" * 100 + max("PRR_S16E135@1", "PRC_S16E135@1") * 100 + "SUB_S16E135@1" * 100) / 600, 0)
✔ Saved: /p/11211992-tki-mangrove-restoration/01_data/0_Workflow/14_Mangrove_potential/400/MPM_S16E135.tif
🗑️ Deleted temporal file: /p/11211992-tki-mangrove-restoration/01_data/0_Workflow/14_Mangrove_potential/400/BIN_S16E135.tif
🗑️ Deleted temporal file: /p/11211992-tki-mangrove-restoration/01_data/0_Workflow/14_Mangrove_potential/400/FIL_S16E135.tif

>>> Processing tile: S22E116
📐 Raster calculator expression:
if("NVA_S22E116@1" = 0, ("PON_S22E116@1" * 100 + "ACC_S22E116@1" * 100 + "HIS_S22E116@1" * 100 + "PRM_S22E116@1" * 100 + max("PRR_S22E116@1", "PRC_S22E116@1") * 100 + "SUB_S22E116@1" * 100) / 600, 0)
✔ Saved: /p/11211992-tki-mangrove-restoration/01_data/0_Workflow/14_Mangrove_potential/400/MPM_S22E116.tif
🗑️ Deleted temporal file: /p/11211992-tki-mangrove-restoration/01_data/0_Workflow/14_Mangrove_potential/400/BIN_S22E116.tif
🗑️ Deleted temporal file: /p/11211992-tki-mangrove-restoration/01_data/0_Workflow/14_Mangrove_potential/400/FIL_S22E116.tif

>>> Processing tile: S17W180
📐 Raster calculator expression:
if("NVA_S17W180@1" = 0, ("PON_S17W180@1" * 100 + "ACC_S17W180@1" * 100 + "HIS_S17W180@1" * 100 + "PRM_S17W180@1" * 100 + max("PRR_S17W180@1", "PRC_S17W180@1") * 100 + "SUB_S17W180@1" * 100) / 600, 0)
✔ Saved: /p/11211992-tki-mangrove-restoration/01_data/0_Workflow/14_Mangrove_potential/400/MPM_S17W180.tif
🗑️ Deleted temporal file: /p/11211992-tki-mangrove-restoration/01_data/0_Workflow/14_Mangrove_potential/400/BIN_S17W180.tif
🗑️ Deleted temporal file: /p/11211992-tki-mangrove-restoration/01_data/0_Workflow/14_Mangrove_potential/400/FIL_S17W180.tif

>>> Processing tile: S19W179
📐 Raster calculator expression:
if("NVA_S19W179@1" = 0, ("PON_S19W179@1" * 100 + "ACC_S19W179@1" * 100 + "HIS_S19W179@1" * 100 + "PRM_S19W179@1" * 100 + max("PRR_S19W179@1", "PRC_S19W179@1") * 100 + "SUB_S19W179@1" * 100) / 600, 0)
✔ Saved: /p/11211992-tki-mangrove-restoration/01_data/0_Workflow/14_Mangrove_potential/400/MPM_S19W179.tif
🗑️ Deleted temporal file: /p/11211992-tki-mangrove-restoration/01_data/0_Workflow/14_Mangrove_potential/400/BIN_S19W179.tif
🗑️ Deleted temporal file: /p/11211992-tki-mangrove-restoration/01_data/0_Workflow/14_Mangrove_potential/400/FIL_S19W179.tif

>>> Processing tile: S17E046
📐 Raster calculator expression:
if("NVA_S17E046@1" = 0, ("PON_S17E046@1" * 100 + "ACC_S17E046@1" * 100 + "HIS_S17E046@1" * 100 + "PRM_S17E046@1" * 100 + max("PRR_S17E046@1", "PRC_S17E046@1") * 100 + "SUB_S17E046@1" * 100) / 600, 0)
✔ Saved: /p/11211992-tki-mangrove-restoration/01_data/0_Workflow/14_Mangrove_potential/400/MPM_S17E046.tif
🗑️ Deleted temporal file: /p/11211992-tki-mangrove-restoration/01_data/0_Workflow/14_Mangrove_potential/400/BIN_S17E046.tif
🗑️ Deleted temporal file: /p/11211992-tki-mangrove-restoration/01_data/0_Workflow/14_Mangrove_potential/400/FIL_S17E046.tif

>>> Processing tile: S18E036
📐 Raster calculator expression:
if("NVA_S18E036@1" = 0, ("PON_S18E036@1" * 100 + "ACC_S18E036@1" * 100 + "HIS_S18E036@1" * 100 + "PRM_S18E036@1" * 100 + max("PRR_S18E036@1", "PRC_S18E036@1") * 100 + "SUB_S18E036@1" * 100) / 600, 0)
✔ Saved: /p/11211992-tki-mangrove-restoration/01_data/0_Workflow/14_Mangrove_potential/400/MPM_S18E036.tif
🗑️ Deleted temporal file: /p/11211992-tki-mangrove-restoration/01_data/0_Workflow/14_Mangrove_potential/400/BIN_S18E036.tif
🗑️ Deleted temporal file: /p/11211992-tki-mangrove-restoration/01_data/0_Workflow/14_Mangrove_potential/400/FIL_S18E036.tif

>>> Processing tile: N18E041
📐 Raster calculator expression:
if("NVA_N18E041@1" = 0, ("PON_N18E041@1" * 100 + "ACC_N18E041@1" * 100 + "HIS_N18E041@1" * 100 + "PRM_N18E041@1" * 100 + max("PRR_N18E041@1", "PRC_N18E041@1") * 100 + "SUB_N18E041@1" * 100) / 600, 0)
✔ Saved: /p/11211992-tki-mangrove-restoration/01_data/0_Workflow/14_Mangrove_potential/400/MPM_N18E041.tif
🗑️ Deleted temporal file: /p/11211992-tki-mangrove-restoration/01_data/0_Workflow/14_Mangrove_potential/400/BIN_N18E041.tif
🗑️ Deleted temporal file: /p/11211992-tki-mangrove-restoration/01_data/0_Workflow/14_Mangrove_potential/400/FIL_N18E041.tif

>>> Processing tile: N11W065
📐 Raster calculator expression:
if("NVA_N11W065@1" = 0, ("PON_N11W065@1" * 100 + "ACC_N11W065@1" * 100 + "HIS_N11W065@1" * 100 + "PRM_N11W065@1" * 100 + max("PRR_N11W065@1", "PRC_N11W065@1") * 100 + "SUB_N11W065@1" * 100) / 600, 0)
✔ Saved: /p/11211992-tki-mangrove-restoration/01_data/0_Workflow/14_Mangrove_potential/400/MPM_N11W065.tif
🗑️ Deleted temporal file: /p/11211992-tki-mangrove-restoration/01_data/0_Workflow/14_Mangrove_potential/400/BIN_N11W065.tif
🗑️ Deleted temporal file: /p/11211992-tki-mangrove-restoration/01_data/0_Workflow/14_Mangrove_potential/400/FIL_N11W065.tif

>>> Processing tile: S21E035
📐 Raster calculator expression:
if("NVA_S21E035@1" = 0, ("PON_S21E035@1" * 100 + "ACC_S21E035@1" * 100 + "HIS_S21E035@1" * 100 + "PRM_S21E035@1" * 100 + max("PRR_S21E035@1", "PRC_S21E035@1") * 100 + "SUB_S21E035@1" * 100) / 600, 0)
✔ Saved: /p/11211992-tki-mangrove-restoration/01_data/0_Workflow/14_Mangrove_potential/400/MPM_S21E035.tif
🗑️ Deleted temporal file: /p/11211992-tki-mangrove-restoration/01_data/0_Workflow/14_Mangrove_potential/400/BIN_S21E035.tif
🗑️ Deleted temporal file: /p/11211992-tki-mangrove-restoration/01_data/0_Workflow/14_Mangrove_potential/400/FIL_S21E035.tif

>>> Processing tile: S13E136
📐 Raster calculator expression:
if("NVA_S13E136@1" = 0, ("PON_S13E136@1" * 100 + "ACC_S13E136@1" * 100 + "HIS_S13E136@1" * 100 + "PRM_S13E136@1" * 100 + max("PRR_S13E136@1", "PRC_S13E136@1") * 100 + "SUB_S13E136@1" * 100) / 600, 0)
✔ Saved: /p/11211992-tki-mangrove-restoration/01_data/0_Workflow/14_Mangrove_potential/400/MPM_S13E136.tif
🗑️ Deleted temporal file: /p/11211992-tki-mangrove-restoration/01_data/0_Workflow/14_Mangrove_potential/400/BIN_S13E136.tif
🗑️ Deleted temporal file: /p/11211992-tki-mangrove-restoration/01_data/0_Workflow/14_Mangrove_potential/400/FIL_S13E136.tif

>>> Processing tile: N10W076
📐 Raster calculator expression:
if("NVA_N10W076@1" = 0, ("PON_N10W076@1" * 100 + "ACC_N10W076@1" * 100 + "HIS_N10W076@1" * 100 + "PRM_N10W076@1" * 100 + max("PRR_N10W076@1", "PRC_N10W076@1") * 100 + "SUB_N10W076@1" * 100) / 600, 0)
✔ Saved: /p/11211992-tki-mangrove-restoration/01_data/0_Workflow/14_Mangrove_potential/400/MPM_N10W076.tif
🗑️ Deleted temporal file: /p/11211992-tki-mangrove-restoration/01_data/0_Workflow/14_Mangrove_potential/400/BIN_N10W076.tif
🗑️ Deleted temporal file: /p/11211992-tki-mangrove-restoration/01_data/0_Workflow/14_Mangrove_potential/400/FIL_N10W076.tif

>>> Processing tile: S21E043
📐 Raster calculator expression:
if("NVA_S21E043@1" = 0, ("PON_S21E043@1" * 100 + "ACC_S21E043@1" * 100 + "HIS_S21E043@1" * 100 + "PRM_S21E043@1" * 100 + max("PRR_S21E043@1", "PRC_S21E043@1") * 100 + "SUB_S21E043@1" * 100) / 600, 0)
✔ Saved: /p/11211992-tki-mangrove-restoration/01_data/0_Workflow/14_Mangrove_potential/400/MPM_S21E043.tif
🗑️ Deleted temporal file: /p/11211992-tki-mangrove-restoration/01_data/0_Workflow/14_Mangrove_potential/400/BIN_S21E043.tif
🗑️ Deleted temporal file: /p/11211992-tki-mangrove-restoration/01_data/0_Workflow/14_Mangrove_potential/400/FIL_S21E043.tif

>>> Processing tile: S19E145
📐 Raster calculator expression:
if("NVA_S19E145@1" = 0, ("PON_S19E145@1" * 100 + "ACC_S19E145@1" * 100 + "HIS_S19E145@1" * 100 + "PRM_S19E145@1" * 100 + max("PRR_S19E145@1", "PRC_S19E145@1") * 100 + "SUB_S19E145@1" * 100) / 600, 0)
✔ Saved: /p/11211992-tki-mangrove-restoration/01_data/0_Workflow/14_Mangrove_potential/400/MPM_S19E145.tif
🗑️ Deleted temporal file: /p/11211992-tki-mangrove-restoration/01_data/0_Workflow/14_Mangrove_potential/400/BIN_S19E145.tif
🗑️ Deleted temporal file: /p/11211992-tki-mangrove-restoration/01_data/0_Workflow/14_Mangrove_potential/400/FIL_S19E145.tif

>>> Processing tile: S18E179
📐 Raster calculator expression:
if("NVA_S18E179@1" = 0, ("PON_S18E179@1" * 100 + "ACC_S18E179@1" * 100 + "HIS_S18E179@1" * 100 + "PRM_S18E179@1" * 100 + max("PRR_S18E179@1", "PRC_S18E179@1") * 100 + "SUB_S18E179@1" * 100) / 600, 0)
✔ Saved: /p/11211992-tki-mangrove-restoration/01_data/0_Workflow/14_Mangrove_potential/400/MPM_S18E179.tif
🗑️ Deleted temporal file: /p/11211992-tki-mangrove-restoration/01_data/0_Workflow/14_Mangrove_potential/400/BIN_S18E179.tif
🗑️ Deleted temporal file: /p/11211992-tki-mangrove-restoration/01_data/0_Workflow/14_Mangrove_potential/400/FIL_S18E179.tif

>>> Processing tile: S16E145
📐 Raster calculator expression:
if("NVA_S16E145@1" = 0, ("PON_S16E145@1" * 100 + "ACC_S16E145@1" * 100 + "HIS_S16E145@1" * 100 + "PRM_S16E145@1" * 100 + max("PRR_S16E145@1", "PRC_S16E145@1") * 100 + "SUB_S16E145@1" * 100) / 600, 0)
✔ Saved: /p/11211992-tki-mangrove-restoration/01_data/0_Workflow/14_Mangrove_potential/400/MPM_S16E145.tif
🗑️ Deleted temporal file: /p/11211992-tki-mangrove-restoration/01_data/0_Workflow/14_Mangrove_potential/400/BIN_S16E145.tif
🗑️ Deleted temporal file: /p/11211992-tki-mangrove-restoration/01_data/0_Workflow/14_Mangrove_potential/400/FIL_S16E145.tif

>>> Processing tile: S21E044
📐 Raster calculator expression:
if("NVA_S21E044@1" = 0, ("PON_S21E044@1" * 100 + "ACC_S21E044@1" * 100 + "HIS_S21E044@1" * 100 + "PRM_S21E044@1" * 100 + max("PRR_S21E044@1", "PRC_S21E044@1") * 100 + "SUB_S21E044@1" * 100) / 600, 0)
✔ Saved: /p/11211992-tki-mangrove-restoration/01_data/0_Workflow/14_Mangrove_potential/400/MPM_S21E044.tif
🗑️ Deleted temporal file: /p/11211992-tki-mangrove-restoration/01_data/0_Workflow/14_Mangrove_potential/400/BIN_S21E044.tif
🗑️ Deleted temporal file: /p/11211992-tki-mangrove-restoration/01_data/0_Workflow/14_Mangrove_potential/400/FIL_S21E044.tif

>>> Processing tile: S34E137
📐 Raster calculator expression:
if("NVA_S34E137@1" = 0, ("PON_S34E137@1" * 100 + "ACC_S34E137@1" * 100 + "HIS_S34E137@1" * 100 + "PRM_S34E137@1" * 100 + max("PRR_S34E137@1", "PRC_S34E137@1") * 100 + "SUB_S34E137@1" * 100) / 600, 0)
✔ Saved: /p/11211992-tki-mangrove-restoration/01_data/0_Workflow/14_Mangrove_potential/400/MPM_S34E137.tif
🗑️ Deleted temporal file: /p/11211992-tki-mangrove-restoration/01_data/0_Workflow/14_Mangrove_potential/400/BIN_S34E137.tif
🗑️ Deleted temporal file: /p/11211992-tki-mangrove-restoration/01_data/0_Workflow/14_Mangrove_potential/400/FIL_S34E137.tif

>>> Processing tile: N26E128
📐 Raster calculator expression:
if("NVA_N26E128@1" = 0, ("PON_N26E128@1" * 100 + "ACC_N26E128@1" * 100 + "HIS_N26E128@1" * 100 + "PRM_N26E128@1" * 100 + max("PRR_N26E128@1", "PRC_N26E128@1") * 100 + "SUB_N26E128@1" * 100) / 600, 0)
✔ Saved: /p/11211992-tki-mangrove-restoration/01_data/0_Workflow/14_Mangrove_potential/400/MPM_N26E128.tif
🗑️ Deleted temporal file: /p/11211992-tki-mangrove-restoration/01_data/0_Workflow/14_Mangrove_potential/400/BIN_N26E128.tif
🗑️ Deleted temporal file: /p/11211992-tki-mangrove-restoration/01_data/0_Workflow/14_Mangrove_potential/400/FIL_N26E128.tif

>>> Processing tile: S17E040
📐 Raster calculator expression:
if("NVA_S17E040@1" = 0, ("PON_S17E040@1" * 100 + "ACC_S17E040@1" * 100 + "HIS_S17E040@1" * 100 + "PRM_S17E040@1" * 100 + max("PRR_S17E040@1", "PRC_S17E040@1") * 100 + "SUB_S17E040@1" * 100) / 600, 0)
✔ Saved: /p/11211992-tki-mangrove-restoration/01_data/0_Workflow/14_Mangrove_potential/400/MPM_S17E040.tif
🗑️ Deleted temporal file: /p/11211992-tki-mangrove-restoration/01_data/0_Workflow/14_Mangrove_potential/400/BIN_S17E040.tif
🗑️ Deleted temporal file: /p/11211992-tki-mangrove-restoration/01_data/0_Workflow/14_Mangrove_potential/400/FIL_S17E040.tif

>>> Processing tile: S11E148
📐 Raster calculator expression:
if("NVA_S11E148@1" = 0, ("PON_S11E148@1" * 100 + "ACC_S11E148@1" * 100 + "HIS_S11E148@1" * 100 + "PRM_S11E148@1" * 100 + max("PRR_S11E148@1", "PRC_S11E148@1") * 100 + "SUB_S11E148@1" * 100) / 600, 0)
✔ Saved: /p/11211992-tki-mangrove-restoration/01_data/0_Workflow/14_Mangrove_potential/400/MPM_S11E148.tif
🗑️ Deleted temporal file: /p/11211992-tki-mangrove-restoration/01_data/0_Workflow/14_Mangrove_potential/400/BIN_S11E148.tif
🗑️ Deleted temporal file: /p/11211992-tki-mangrove-restoration/01_data/0_Workflow/14_Mangrove_potential/400/FIL_S11E148.tif

>>> Processing tile: N11W062
📐 Raster calculator expression:
if("NVA_N11W062@1" = 0, ("PON_N11W062@1" * 100 + "ACC_N11W062@1" * 100 + "HIS_N11W062@1" * 100 + "PRM_N11W062@1" * 100 + max("PRR_N11W062@1", "PRC_N11W062@1") * 100 + "SUB_N11W062@1" * 100) / 600, 0)
✔ Saved: /p/11211992-tki-mangrove-restoration/01_data/0_Workflow/14_Mangrove_potential/400/MPM_N11W062.tif
🗑️ Deleted temporal file: /p/11211992-tki-mangrove-restoration/01_data/0_Workflow/14_Mangrove_potential/400/BIN_N11W062.tif
🗑️ Deleted temporal file: /p/11211992-tki-mangrove-restoration/01_data/0_Workflow/14_Mangrove_potential/400/FIL_N11W062.tif

>>> Processing tile: N21W078
📐 Raster calculator expression:
if("NVA_N21W078@1" = 0, ("PON_N21W078@1" * 100 + "ACC_N21W078@1" * 100 + "HIS_N21W078@1" * 100 + "PRM_N21W078@1" * 100 + max("PRR_N21W078@1", "PRC_N21W078@1") * 100 + "SUB_N21W078@1" * 100) / 600, 0)
✔ Saved: /p/11211992-tki-mangrove-restoration/01_data/0_Workflow/14_Mangrove_potential/400/MPM_N21W078.tif
🗑️ Deleted temporal file: /p/11211992-tki-mangrove-restoration/01_data/0_Workflow/14_Mangrove_potential/400/BIN_N21W078.tif
🗑️ Deleted temporal file: /p/11211992-tki-mangrove-restoration/01_data/0_Workflow/14_Mangrove_potential/400/FIL_N21W078.tif

>>> Processing tile: S22E166
📐 Raster calculator expression:
if("NVA_S22E166@1" = 0, ("PON_S22E166@1" * 100 + "ACC_S22E166@1" * 100 + "HIS_S22E166@1" * 100 + "PRM_S22E166@1" * 100 + max("PRR_S22E166@1", "PRC_S22E166@1") * 100 + "SUB_S22E166@1" * 100) / 600, 0)
✔ Saved: /p/11211992-tki-mangrove-restoration/01_data/0_Workflow/14_Mangrove_potential/400/MPM_S22E166.tif
🗑️ Deleted temporal file: /p/11211992-tki-mangrove-restoration/01_data/0_Workflow/14_Mangrove_potential/400/BIN_S22E166.tif
🗑️ Deleted temporal file: /p/11211992-tki-mangrove-restoration/01_data/0_Workflow/14_Mangrove_potential/400/FIL_S22E166.tif

>>> Processing tile: N26W098
📐 Raster calculator expression:
if("NVA_N26W098@1" = 0, ("PON_N26W098@1" * 100 + "ACC_N26W098@1" * 100 + "HIS_N26W098@1" * 100 + "PRM_N26W098@1" * 100 + max("PRR_N26W098@1", "PRC_N26W098@1") * 100 + "SUB_N26W098@1" * 100) / 600, 0)
✔ Saved: /p/11211992-tki-mangrove-restoration/01_data/0_Workflow/14_Mangrove_potential/400/MPM_N26W098.tif
🗑️ Deleted temporal file: /p/11211992-tki-mangrove-restoration/01_data/0_Workflow/14_Mangrove_potential/400/BIN_N26W098.tif
🗑️ Deleted temporal file: /p/11211992-tki-mangrove-restoration/01_data/0_Workflow/14_Mangrove_potential/400/FIL_N26W098.tif

>>> Processing tile: S34E136
📐 Raster calculator expression:
if("NVA_S34E136@1" = 0, ("PON_S34E136@1" * 100 + "ACC_S34E136@1" * 100 + "HIS_S34E136@1" * 100 + "PRM_S34E136@1" * 100 + max("PRR_S34E136@1", "PRC_S34E136@1") * 100 + "SUB_S34E136@1" * 100) / 600, 0)
✔ Saved: /p/11211992-tki-mangrove-restoration/01_data/0_Workflow/14_Mangrove_potential/400/MPM_S34E136.tif
🗑️ Deleted temporal file: /p/11211992-tki-mangrove-restoration/01_data/0_Workflow/14_Mangrove_potential/400/BIN_S34E136.tif
🗑️ Deleted temporal file: /p/11211992-tki-mangrove-restoration/01_data/0_Workflow/14_Mangrove_potential/400/FIL_S34E136.tif

>>> Processing tile: N26E049
📐 Raster calculator expression:
if("NVA_N26E049@1" = 0, ("PON_N26E049@1" * 100 + "ACC_N26E049@1" * 100 + "HIS_N26E049@1" * 100 + "PRM_N26E049@1" * 100 + max("PRR_N26E049@1", "PRC_N26E049@1") * 100 + "SUB_N26E049@1" * 100) / 600, 0)
✔ Saved: /p/11211992-tki-mangrove-restoration/01_data/0_Workflow/14_Mangrove_potential/400/MPM_N26E049.tif
🗑️ Deleted temporal file: /p/11211992-tki-mangrove-restoration/01_data/0_Workflow/14_Mangrove_potential/400/BIN_N26E049.tif
🗑️ Deleted temporal file: /p/11211992-tki-mangrove-restoration/01_data/0_Workflow/14_Mangrove_potential/400/FIL_N26E049.tif

>>> Processing tile: N11W015
📐 Raster calculator expression:
if("NVA_N11W015@1" = 0, ("PON_N11W015@1" * 100 + "ACC_N11W015@1" * 100 + "HIS_N11W015@1" * 100 + "PRM_N11W015@1" * 100 + max("PRR_N11W015@1", "PRC_N11W015@1") * 100 + "SUB_N11W015@1" * 100) / 600, 0)
✔ Saved: /p/11211992-tki-mangrove-restoration/01_data/0_Workflow/14_Mangrove_potential/400/MPM_N11W015.tif
🗑️ Deleted temporal file: /p/11211992-tki-mangrove-restoration/01_data/0_Workflow/14_Mangrove_potential/400/BIN_N11W015.tif
🗑️ Deleted temporal file: /p/11211992-tki-mangrove-restoration/01_data/0_Workflow/14_Mangrove_potential/400/FIL_N11W015.tif

>>> Processing tile: S18E178
📐 Raster calculator expression:
if("NVA_S18E178@1" = 0, ("PON_S18E178@1" * 100 + "ACC_S18E178@1" * 100 + "HIS_S18E178@1" * 100 + "PRM_S18E178@1" * 100 + max("PRR_S18E178@1", "PRC_S18E178@1") * 100 + "SUB_S18E178@1" * 100) / 600, 0)
✔ Saved: /p/11211992-tki-mangrove-restoration/01_data/0_Workflow/14_Mangrove_potential/400/MPM_S18E178.tif
🗑️ Deleted temporal file: /p/11211992-tki-mangrove-restoration/01_data/0_Workflow/14_Mangrove_potential/400/BIN_S18E178.tif
🗑️ Deleted temporal file: /p/11211992-tki-mangrove-restoration/01_data/0_Workflow/14_Mangrove_potential/400/FIL_S18E178.tif

>>> Processing tile: S11E149
📐 Raster calculator expression:
if("NVA_S11E149@1" = 0, ("PON_S11E149@1" * 100 + "ACC_S11E149@1" * 100 + "HIS_S11E149@1" * 100 + "PRM_S11E149@1" * 100 + max("PRR_S11E149@1", "PRC_S11E149@1") * 100 + "SUB_S11E149@1" * 100) / 600, 0)
✔ Saved: /p/11211992-tki-mangrove-restoration/01_data/0_Workflow/14_Mangrove_potential/400/MPM_S11E149.tif
🗑️ Deleted temporal file: /p/11211992-tki-mangrove-restoration/01_data/0_Workflow/14_Mangrove_potential/400/BIN_S11E149.tif
🗑️ Deleted temporal file: /p/11211992-tki-mangrove-restoration/01_data/0_Workflow/14_Mangrove_potential/400/FIL_S11E149.tif

>>> Processing tile: N09W078
📐 Raster calculator expression:
if("NVA_N09W078@1" = 0, ("PON_N09W078@1" * 100 + "ACC_N09W078@1" * 100 + "HIS_N09W078@1" * 100 + "PRM_N09W078@1" * 100 + max("PRR_N09W078@1", "PRC_N09W078@1") * 100 + "SUB_N09W078@1" * 100) / 600, 0)
✔ Saved: /p/11211992-tki-mangrove-restoration/01_data/0_Workflow/14_Mangrove_potential/400/MPM_N09W078.tif
🗑️ Deleted temporal file: /p/11211992-tki-mangrove-restoration/01_data/0_Workflow/14_Mangrove_potential/400/BIN_N09W078.tif
🗑️ Deleted temporal file: /p/11211992-tki-mangrove-restoration/01_data/0_Workflow/14_Mangrove_potential/400/FIL_N09W078.tif

>>> Processing tile: N21W079
📐 Raster calculator expression:
if("NVA_N21W079@1" = 0, ("PON_N21W079@1" * 100 + "ACC_N21W079@1" * 100 + "HIS_N21W079@1" * 100 + "PRM_N21W079@1" * 100 + max("PRR_N21W079@1", "PRC_N21W079@1") * 100 + "SUB_N21W079@1" * 100) / 600, 0)
✔ Saved: /p/11211992-tki-mangrove-restoration/01_data/0_Workflow/14_Mangrove_potential/400/MPM_N21W079.tif
🗑️ Deleted temporal file: /p/11211992-tki-mangrove-restoration/01_data/0_Workflow/14_Mangrove_potential/400/BIN_N21W079.tif
🗑️ Deleted temporal file: /p/11211992-tki-mangrove-restoration/01_data/0_Workflow/14_Mangrove_potential/400/FIL_N21W079.tif

>>> Processing tile: N05E163
📐 Raster calculator expression:
if("NVA_N05E163@1" = 0, ("PON_N05E163@1" * 100 + "ACC_N05E163@1" * 100 + "HIS_N05E163@1" * 100 + "PRM_N05E163@1" * 100 + max("PRR_N05E163@1", "PRC_N05E163@1") * 100 + "SUB_N05E163@1" * 100) / 600, 0)
✔ Saved: /p/11211992-tki-mangrove-restoration/01_data/0_Workflow/14_Mangrove_potential/400/MPM_N05E163.tif
🗑️ Deleted temporal file: /p/11211992-tki-mangrove-restoration/01_data/0_Workflow/14_Mangrove_potential/400/BIN_N05E163.tif
🗑️ Deleted temporal file: /p/11211992-tki-mangrove-restoration/01_data/0_Workflow/14_Mangrove_potential/400/FIL_N05E163.tif

>>> Processing tile: N13E144
📐 Raster calculator expression:
if("NVA_N13E144@1" = 0, ("PON_N13E144@1" * 100 + "ACC_N13E144@1" * 100 + "HIS_N13E144@1" * 100 + "PRM_N13E144@1" * 100 + max("PRR_N13E144@1", "PRC_N13E144@1") * 100 + "SUB_N13E144@1" * 100) / 600, 0)
✔ Saved: /p/11211992-tki-mangrove-restoration/01_data/0_Workflow/14_Mangrove_potential/400/MPM_N13E144.tif
🗑️ Deleted temporal file: /p/11211992-tki-mangrove-restoration/01_data/0_Workflow/14_Mangrove_potential/400/BIN_N13E144.tif
🗑️ Deleted temporal file: /p/11211992-tki-mangrove-restoration/01_data/0_Workflow/14_Mangrove_potential/400/FIL_N13E144.tif

>>> Processing tile: N13W082
📐 Raster calculator expression:
if("NVA_N13W082@1" = 0, ("PON_N13W082@1" * 100 + "ACC_N13W082@1" * 100 + "HIS_N13W082@1" * 100 + "PRM_N13W082@1" * 100 + max("PRR_N13W082@1", "PRC_N13W082@1") * 100 + "SUB_N13W082@1" * 100) / 600, 0)
✔ Saved: /p/11211992-tki-mangrove-restoration/01_data/0_Workflow/14_Mangrove_potential/400/MPM_N13W082.tif
🗑️ Deleted temporal file: /p/11211992-tki-mangrove-restoration/01_data/0_Workflow/14_Mangrove_potential/400/BIN_N13W082.tif
🗑️ Deleted temporal file: /p/11211992-tki-mangrove-restoration/01_data/0_Workflow/14_Mangrove_potential/400/FIL_N13W082.tif

>>> Processing tile: N23W075
📐 Raster calculator expression:
if("NVA_N23W075@1" = 0, ("PON_N23W075@1" * 100 + "ACC_N23W075@1" * 100 + "HIS_N23W075@1" * 100 + "PRM_N23W075@1" * 100 + max("PRR_N23W075@1", "PRC_N23W075@1") * 100 + "SUB_N23W075@1" * 100) / 600, 0)
✔ Saved: /p/11211992-tki-mangrove-restoration/01_data/0_Workflow/14_Mangrove_potential/400/MPM_N23W075.tif
🗑️ Deleted temporal file: /p/11211992-tki-mangrove-restoration/01_data/0_Workflow/14_Mangrove_potential/400/BIN_N23W075.tif
🗑️ Deleted temporal file: /p/11211992-tki-mangrove-restoration/01_data/0_Workflow/14_Mangrove_potential/400/FIL_N23W075.tif

>>> Processing tile: S09E151
📐 Raster calculator expression:
if("NVA_S09E151@1" = 0, ("PON_S09E151@1" * 100 + "ACC_S09E151@1" * 100 + "HIS_S09E151@1" * 100 + "PRM_S09E151@1" * 100 + max("PRR_S09E151@1", "PRC_S09E151@1") * 100 + "SUB_S09E151@1" * 100) / 600, 0)
✔ Saved: /p/11211992-tki-mangrove-restoration/01_data/0_Workflow/14_Mangrove_potential/400/MPM_S09E151.tif
🗑️ Deleted temporal file: /p/11211992-tki-mangrove-restoration/01_data/0_Workflow/14_Mangrove_potential/400/BIN_S09E151.tif
🗑️ Deleted temporal file: /p/11211992-tki-mangrove-restoration/01_data/0_Workflow/14_Mangrove_potential/400/FIL_S09E151.tif

>>> Processing tile: N05E162
📐 Raster calculator expression:
if("NVA_N05E162@1" = 0, ("PON_N05E162@1" * 100 + "ACC_N05E162@1" * 100 + "HIS_N05E162@1" * 100 + "PRM_N05E162@1" * 100 + max("PRR_N05E162@1", "PRC_N05E162@1") * 100 + "SUB_N05E162@1" * 100) / 600, 0)
✔ Saved: /p/11211992-tki-mangrove-restoration/01_data/0_Workflow/14_Mangrove_potential/400/MPM_N05E162.tif
🗑️ Deleted temporal file: /p/11211992-tki-mangrove-restoration/01_data/0_Workflow/14_Mangrove_potential/400/BIN_N05E162.tif
🗑️ Deleted temporal file: /p/11211992-tki-mangrove-restoration/01_data/0_Workflow/14_Mangrove_potential/400/FIL_N05E162.tif

>>> Processing tile: N08E134
📐 Raster calculator expression:
if("NVA_N08E134@1" = 0, ("PON_N08E134@1" * 100 + "ACC_N08E134@1" * 100 + "HIS_N08E134@1" * 100 + "PRM_N08E134@1" * 100 + max("PRR_N08E134@1", "PRC_N08E134@1") * 100 + "SUB_N08E134@1" * 100) / 600, 0)
✔ Saved: /p/11211992-tki-mangrove-restoration/01_data/0_Workflow/14_Mangrove_potential/400/MPM_N08E134.tif
🗑️ Deleted temporal file: /p/11211992-tki-mangrove-restoration/01_data/0_Workflow/14_Mangrove_potential/400/BIN_N08E134.tif
🗑️ Deleted temporal file: /p/11211992-tki-mangrove-restoration/01_data/0_Workflow/14_Mangrove_potential/400/FIL_N08E134.tif

>>> Processing tile: N08W084
📐 Raster calculator expression:
if("NVA_N08W084@1" = 0, ("PON_N08W084@1" * 100 + "ACC_N08W084@1" * 100 + "HIS_N08W084@1" * 100 + "PRM_N08W084@1" * 100 + max("PRR_N08W084@1", "PRC_N08W084@1") * 100 + "SUB_N08W084@1" * 100) / 600, 0)
✔ Saved: /p/11211992-tki-mangrove-restoration/01_data/0_Workflow/14_Mangrove_potential/400/MPM_N08W084.tif
🗑️ Deleted temporal file: /p/11211992-tki-mangrove-restoration/01_data/0_Workflow/14_Mangrove_potential/400/BIN_N08W084.tif
🗑️ Deleted temporal file: /p/11211992-tki-mangrove-restoration/01_data/0_Workflow/14_Mangrove_potential/400/FIL_N08W084.tif

>>> Processing tile: S09E150
📐 Raster calculator expression:
if("NVA_S09E150@1" = 0, ("PON_S09E150@1" * 100 + "ACC_S09E150@1" * 100 + "HIS_S09E150@1" * 100 + "PRM_S09E150@1" * 100 + max("PRR_S09E150@1", "PRC_S09E150@1") * 100 + "SUB_S09E150@1" * 100) / 600, 0)
✔ Saved: /p/11211992-tki-mangrove-restoration/01_data/0_Workflow/14_Mangrove_potential/400/MPM_S09E150.tif
🗑️ Deleted temporal file: /p/11211992-tki-mangrove-restoration/01_data/0_Workflow/14_Mangrove_potential/400/BIN_S09E150.tif
🗑️ Deleted temporal file: /p/11211992-tki-mangrove-restoration/01_data/0_Workflow/14_Mangrove_potential/400/FIL_S09E150.tif

>>> Processing tile: N13W016
📐 Raster calculator expression:
if("NVA_N13W016@1" = 0, ("PON_N13W016@1" * 100 + "ACC_N13W016@1" * 100 + "HIS_N13W016@1" * 100 + "PRM_N13W016@1" * 100 + max("PRR_N13W016@1", "PRC_N13W016@1") * 100 + "SUB_N13W016@1" * 100) / 600, 0)
✔ Saved: /p/11211992-tki-mangrove-restoration/01_data/0_Workflow/14_Mangrove_potential/400/MPM_N13W016.tif
🗑️ Deleted temporal file: /p/11211992-tki-mangrove-restoration/01_data/0_Workflow/14_Mangrove_potential/400/BIN_N13W016.tif
🗑️ Deleted temporal file: /p/11211992-tki-mangrove-restoration/01_data/0_Workflow/14_Mangrove_potential/400/FIL_N13W016.tif

>>> Processing tile: N06E158
📐 Raster calculator expression:
if("NVA_N06E158@1" = 0, ("PON_N06E158@1" * 100 + "ACC_N06E158@1" * 100 + "HIS_N06E158@1" * 100 + "PRM_N06E158@1" * 100 + max("PRR_N06E158@1", "PRC_N06E158@1") * 100 + "SUB_N06E158@1" * 100) / 600, 0)
✔ Saved: /p/11211992-tki-mangrove-restoration/01_data/0_Workflow/14_Mangrove_potential/400/MPM_N06E158.tif
🗑️ Deleted temporal file: /p/11211992-tki-mangrove-restoration/01_data/0_Workflow/14_Mangrove_potential/400/BIN_N06E158.tif
🗑️ Deleted temporal file: /p/11211992-tki-mangrove-restoration/01_data/0_Workflow/14_Mangrove_potential/400/FIL_N06E158.tif

>>> Processing tile: S06E039
📐 Raster calculator expression:
if("NVA_S06E039@1" = 0, ("PON_S06E039@1" * 100 + "ACC_S06E039@1" * 100 + "HIS_S06E039@1" * 100 + "PRM_S06E039@1" * 100 + max("PRR_S06E039@1", "PRC_S06E039@1") * 100 + "SUB_S06E039@1" * 100) / 600, 0)
✔ Saved: /p/11211992-tki-mangrove-restoration/01_data/0_Workflow/14_Mangrove_potential/400/MPM_S06E039.tif
🗑️ Deleted temporal file: /p/11211992-tki-mangrove-restoration/01_data/0_Workflow/14_Mangrove_potential/400/BIN_S06E039.tif
🗑️ Deleted temporal file: /p/11211992-tki-mangrove-restoration/01_data/0_Workflow/14_Mangrove_potential/400/FIL_S06E039.tif

>>> Processing tile: S39E144
📐 Raster calculator expression:
if("NVA_S39E144@1" = 0, ("PON_S39E144@1" * 100 + "ACC_S39E144@1" * 100 + "HIS_S39E144@1" * 100 + "PRM_S39E144@1" * 100 + max("PRR_S39E144@1", "PRC_S39E144@1") * 100 + "SUB_S39E144@1" * 100) / 600, 0)
✔ Saved: /p/11211992-tki-mangrove-restoration/01_data/0_Workflow/14_Mangrove_potential/400/MPM_S39E144.tif
🗑️ Deleted temporal file: /p/11211992-tki-mangrove-restoration/01_data/0_Workflow/14_Mangrove_potential/400/BIN_S39E144.tif
🗑️ Deleted temporal file: /p/11211992-tki-mangrove-restoration/01_data/0_Workflow/14_Mangrove_potential/400/FIL_S39E144.tif

>>> Processing tile: N13W060
📐 Raster calculator expression:
if("NVA_N13W060@1" = 0, ("PON_N13W060@1" * 100 + "ACC_N13W060@1" * 100 + "HIS_N13W060@1" * 100 + "PRM_N13W060@1" * 100 + max("PRR_N13W060@1", "PRC_N13W060@1") * 100 + "SUB_N13W060@1" * 100) / 600, 0)
✔ Saved: /p/11211992-tki-mangrove-restoration/01_data/0_Workflow/14_Mangrove_potential/400/MPM_N13W060.tif
🗑️ Deleted temporal file: /p/11211992-tki-mangrove-restoration/01_data/0_Workflow/14_Mangrove_potential/400/BIN_N13W060.tif
🗑️ Deleted temporal file: /p/11211992-tki-mangrove-restoration/01_data/0_Workflow/14_Mangrove_potential/400/FIL_N13W060.tif

>>> Processing tile: N13W017
📐 Raster calculator expression:
if("NVA_N13W017@1" = 0, ("PON_N13W017@1" * 100 + "ACC_N13W017@1" * 100 + "HIS_N13W017@1" * 100 + "PRM_N13W017@1" * 100 + max("PRR_N13W017@1", "PRC_N13W017@1") * 100 + "SUB_N13W017@1" * 100) / 600, 0)
✔ Saved: /p/11211992-tki-mangrove-restoration/01_data/0_Workflow/14_Mangrove_potential/400/MPM_N13W017.tif
🗑️ Deleted temporal file: /p/11211992-tki-mangrove-restoration/01_data/0_Workflow/14_Mangrove_potential/400/BIN_N13W017.tif
🗑️ Deleted temporal file: /p/11211992-tki-mangrove-restoration/01_data/0_Workflow/14_Mangrove_potential/400/FIL_N13W017.tif

>>> Processing tile: S06E038
📐 Raster calculator expression:
if("NVA_S06E038@1" = 0, ("PON_S06E038@1" * 100 + "ACC_S06E038@1" * 100 + "HIS_S06E038@1" * 100 + "PRM_S06E038@1" * 100 + max("PRR_S06E038@1", "PRC_S06E038@1") * 100 + "SUB_S06E038@1" * 100) / 600, 0)
✔ Saved: /p/11211992-tki-mangrove-restoration/01_data/0_Workflow/14_Mangrove_potential/400/MPM_S06E038.tif
🗑️ Deleted temporal file: /p/11211992-tki-mangrove-restoration/01_data/0_Workflow/14_Mangrove_potential/400/BIN_S06E038.tif
🗑️ Deleted temporal file: /p/11211992-tki-mangrove-restoration/01_data/0_Workflow/14_Mangrove_potential/400/FIL_S06E038.tif

>>> Processing tile: N13W061
📐 Raster calculator expression:
if("NVA_N13W061@1" = 0, ("PON_N13W061@1" * 100 + "ACC_N13W061@1" * 100 + "HIS_N13W061@1" * 100 + "PRM_N13W061@1" * 100 + max("PRR_N13W061@1", "PRC_N13W061@1") * 100 + "SUB_N13W061@1" * 100) / 600, 0)
✔ Saved: /p/11211992-tki-mangrove-restoration/01_data/0_Workflow/14_Mangrove_potential/400/MPM_N13W061.tif
🗑️ Deleted temporal file: /p/11211992-tki-mangrove-restoration/01_data/0_Workflow/14_Mangrove_potential/400/BIN_N13W061.tif
🗑️ Deleted temporal file: /p/11211992-tki-mangrove-restoration/01_data/0_Workflow/14_Mangrove_potential/400/FIL_N13W061.tif

>>> Processing tile: S39E145
📐 Raster calculator expression:
if("NVA_S39E145@1" = 0, ("PON_S39E145@1" * 100 + "ACC_S39E145@1" * 100 + "HIS_S39E145@1" * 100 + "PRM_S39E145@1" * 100 + max("PRR_S39E145@1", "PRC_S39E145@1") * 100 + "SUB_S39E145@1" * 100) / 600, 0)
✔ Saved: /p/11211992-tki-mangrove-restoration/01_data/0_Workflow/14_Mangrove_potential/400/MPM_S39E145.tif
🗑️ Deleted temporal file: /p/11211992-tki-mangrove-restoration/01_data/0_Workflow/14_Mangrove_potential/400/BIN_S39E145.tif
🗑️ Deleted temporal file: /p/11211992-tki-mangrove-restoration/01_data/0_Workflow/14_Mangrove_potential/400/FIL_S39E145.tif

>>> Processing tile: S14E130
📐 Raster calculator expression:
if("NVA_S14E130@1" = 0, ("PON_S14E130@1" * 100 + "ACC_S14E130@1" * 100 + "HIS_S14E130@1" * 100 + "PRM_S14E130@1" * 100 + max("PRR_S14E130@1", "PRC_S14E130@1") * 100 + "SUB_S14E130@1" * 100) / 600, 0)
✔ Saved: /p/11211992-tki-mangrove-restoration/01_data/0_Workflow/14_Mangrove_potential/400/MPM_S14E130.tif
🗑️ Deleted temporal file: /p/11211992-tki-mangrove-restoration/01_data/0_Workflow/14_Mangrove_potential/400/BIN_S14E130.tif
🗑️ Deleted temporal file: /p/11211992-tki-mangrove-restoration/01_data/0_Workflow/14_Mangrove_potential/400/FIL_S14E130.tif

>>> Processing tile: N28W083
📐 Raster calculator expression:
if("NVA_N28W083@1" = 0, ("PON_N28W083@1" * 100 + "ACC_N28W083@1" * 100 + "HIS_N28W083@1" * 100 + "PRM_N28W083@1" * 100 + max("PRR_N28W083@1", "PRC_N28W083@1") * 100 + "SUB_N28W083@1" * 100) / 600, 0)
✔ Saved: /p/11211992-tki-mangrove-restoration/01_data/0_Workflow/14_Mangrove_potential/400/MPM_N28W083.tif
🗑️ Deleted temporal file: /p/11211992-tki-mangrove-restoration/01_data/0_Workflow/14_Mangrove_potential/400/BIN_N28W083.tif
🗑️ Deleted temporal file: /p/11211992-tki-mangrove-restoration/01_data/0_Workflow/14_Mangrove_potential/400/FIL_N28W083.tif

>>> Processing tile: S34E138
📐 Raster calculator expression:
if("NVA_S34E138@1" = 0, ("PON_S34E138@1" * 100 + "ACC_S34E138@1" * 100 + "HIS_S34E138@1" * 100 + "PRM_S34E138@1" * 100 + max("PRR_S34E138@1", "PRC_S34E138@1") * 100 + "SUB_S34E138@1" * 100) / 600, 0)
✔ Saved: /p/11211992-tki-mangrove-restoration/01_data/0_Workflow/14_Mangrove_potential/400/MPM_S34E138.tif
🗑️ Deleted temporal file: /p/11211992-tki-mangrove-restoration/01_data/0_Workflow/14_Mangrove_potential/400/BIN_S34E138.tif
🗑️ Deleted temporal file: /p/11211992-tki-mangrove-restoration/01_data/0_Workflow/14_Mangrove_potential/400/FIL_S34E138.tif

>>> Processing tile: S18E176
📐 Raster calculator expression:
if("NVA_S18E176@1" = 0, ("PON_S18E176@1" * 100 + "ACC_S18E176@1" * 100 + "HIS_S18E176@1" * 100 + "PRM_S18E176@1" * 100 + max("PRR_S18E176@1", "PRC_S18E176@1") * 100 + "SUB_S18E176@1" * 100) / 600, 0)
✔ Saved: /p/11211992-tki-mangrove-restoration/01_data/0_Workflow/14_Mangrove_potential/400/MPM_S18E176.tif
🗑️ Deleted temporal file: /p/11211992-tki-mangrove-restoration/01_data/0_Workflow/14_Mangrove_potential/400/BIN_S18E176.tif
🗑️ Deleted temporal file: /p/11211992-tki-mangrove-restoration/01_data/0_Workflow/14_Mangrove_potential/400/FIL_S18E176.tif

>>> Processing tile: N26E127
📐 Raster calculator expression:
if("NVA_N26E127@1" = 0, ("PON_N26E127@1" * 100 + "ACC_N26E127@1" * 100 + "HIS_N26E127@1" * 100 + "PRM_N26E127@1" * 100 + max("PRR_N26E127@1", "PRC_N26E127@1") * 100 + "SUB_N26E127@1" * 100) / 600, 0)
✔ Saved: /p/11211992-tki-mangrove-restoration/01_data/0_Workflow/14_Mangrove_potential/400/MPM_N26E127.tif
🗑️ Deleted temporal file: /p/11211992-tki-mangrove-restoration/01_data/0_Workflow/14_Mangrove_potential/400/BIN_N26E127.tif
🗑️ Deleted temporal file: /p/11211992-tki-mangrove-restoration/01_data/0_Workflow/14_Mangrove_potential/400/FIL_N26E127.tif

>>> Processing tile: S11E147
📐 Raster calculator expression:
if("NVA_S11E147@1" = 0, ("PON_S11E147@1" * 100 + "ACC_S11E147@1" * 100 + "HIS_S11E147@1" * 100 + "PRM_S11E147@1" * 100 + max("PRR_S11E147@1", "PRC_S11E147@1") * 100 + "SUB_S11E147@1" * 100) / 600, 0)
✔ Saved: /p/11211992-tki-mangrove-restoration/01_data/0_Workflow/14_Mangrove_potential/400/MPM_S11E147.tif
🗑️ Deleted temporal file: /p/11211992-tki-mangrove-restoration/01_data/0_Workflow/14_Mangrove_potential/400/BIN_S11E147.tif
🗑️ Deleted temporal file: /p/11211992-tki-mangrove-restoration/01_data/0_Workflow/14_Mangrove_potential/400/FIL_S11E147.tif

>>> Processing tile: S17E039
📐 Raster calculator expression:
if("NVA_S17E039@1" = 0, ("PON_S17E039@1" * 100 + "ACC_S17E039@1" * 100 + "HIS_S17E039@1" * 100 + "PRM_S17E039@1" * 100 + max("PRR_S17E039@1", "PRC_S17E039@1") * 100 + "SUB_S17E039@1" * 100) / 600, 0)
✔ Saved: /p/11211992-tki-mangrove-restoration/01_data/0_Workflow/14_Mangrove_potential/400/MPM_S17E039.tif
🗑️ Deleted temporal file: /p/11211992-tki-mangrove-restoration/01_data/0_Workflow/14_Mangrove_potential/400/BIN_S17E039.tif
🗑️ Deleted temporal file: /p/11211992-tki-mangrove-restoration/01_data/0_Workflow/14_Mangrove_potential/400/FIL_S17E039.tif

>>> Processing tile: N18W074
📐 Raster calculator expression:
if("NVA_N18W074@1" = 0, ("PON_N18W074@1" * 100 + "ACC_N18W074@1" * 100 + "HIS_N18W074@1" * 100 + "PRM_N18W074@1" * 100 + max("PRR_N18W074@1", "PRC_N18W074@1") * 100 + "SUB_N18W074@1" * 100) / 600, 0)
✔ Saved: /p/11211992-tki-mangrove-restoration/01_data/0_Workflow/14_Mangrove_potential/400/MPM_N18W074.tif
🗑️ Deleted temporal file: /p/11211992-tki-mangrove-restoration/01_data/0_Workflow/14_Mangrove_potential/400/BIN_N18W074.tif
🗑️ Deleted temporal file: /p/11211992-tki-mangrove-restoration/01_data/0_Workflow/14_Mangrove_potential/400/FIL_N18W074.tif

>>> Processing tile: N11E050
📐 Raster calculator expression:
if("NVA_N11E050@1" = 0, ("PON_N11E050@1" * 100 + "ACC_N11E050@1" * 100 + "HIS_N11E050@1" * 100 + "PRM_N11E050@1" * 100 + max("PRR_N11E050@1", "PRC_N11E050@1") * 100 + "SUB_N11E050@1" * 100) / 600, 0)
✔ Saved: /p/11211992-tki-mangrove-restoration/01_data/0_Workflow/14_Mangrove_potential/400/MPM_N11E050.tif
🗑️ Deleted temporal file: /p/11211992-tki-mangrove-restoration/01_data/0_Workflow/14_Mangrove_potential/400/BIN_N11E050.tif
🗑️ Deleted temporal file: /p/11211992-tki-mangrove-restoration/01_data/0_Workflow/14_Mangrove_potential/400/FIL_N11E050.tif

>>> Processing tile: N21W077
📐 Raster calculator expression:
if("NVA_N21W077@1" = 0, ("PON_N21W077@1" * 100 + "ACC_N21W077@1" * 100 + "HIS_N21W077@1" * 100 + "PRM_N21W077@1" * 100 + max("PRR_N21W077@1", "PRC_N21W077@1") * 100 + "SUB_N21W077@1" * 100) / 600, 0)
✔ Saved: /p/11211992-tki-mangrove-restoration/01_data/0_Workflow/14_Mangrove_potential/400/MPM_N21W077.tif
🗑️ Deleted temporal file: /p/11211992-tki-mangrove-restoration/01_data/0_Workflow/14_Mangrove_potential/400/BIN_N21W077.tif
🗑️ Deleted temporal file: /p/11211992-tki-mangrove-restoration/01_data/0_Workflow/14_Mangrove_potential/400/FIL_N21W077.tif

>>> Processing tile: S18E177
📐 Raster calculator expression:
if("NVA_S18E177@1" = 0, ("PON_S18E177@1" * 100 + "ACC_S18E177@1" * 100 + "HIS_S18E177@1" * 100 + "PRM_S18E177@1" * 100 + max("PRR_S18E177@1", "PRC_S18E177@1") * 100 + "SUB_S18E177@1" * 100) / 600, 0)
✔ Saved: /p/11211992-tki-mangrove-restoration/01_data/0_Workflow/14_Mangrove_potential/400/MPM_S18E177.tif
🗑️ Deleted temporal file: /p/11211992-tki-mangrove-restoration/01_data/0_Workflow/14_Mangrove_potential/400/BIN_S18E177.tif
🗑️ Deleted temporal file: /p/11211992-tki-mangrove-restoration/01_data/0_Workflow/14_Mangrove_potential/400/FIL_S18E177.tif

>>> Processing tile: N21W160
📐 Raster calculator expression:
if("NVA_N21W160@1" = 0, ("PON_N21W160@1" * 100 + "ACC_N21W160@1" * 100 + "HIS_N21W160@1" * 100 + "PRM_N21W160@1" * 100 + max("PRR_N21W160@1", "PRC_N21W160@1") * 100 + "SUB_N21W160@1" * 100) / 600, 0)
✔ Saved: /p/11211992-tki-mangrove-restoration/01_data/0_Workflow/14_Mangrove_potential/400/MPM_N21W160.tif
🗑️ Deleted temporal file: /p/11211992-tki-mangrove-restoration/01_data/0_Workflow/14_Mangrove_potential/400/BIN_N21W160.tif
🗑️ Deleted temporal file: /p/11211992-tki-mangrove-restoration/01_data/0_Workflow/14_Mangrove_potential/400/FIL_N21W160.tif

>>> Processing tile: N18W075
📐 Raster calculator expression:
if("NVA_N18W075@1" = 0, ("PON_N18W075@1" * 100 + "ACC_N18W075@1" * 100 + "HIS_N18W075@1" * 100 + "PRM_N18W075@1" * 100 + max("PRR_N18W075@1", "PRC_N18W075@1") * 100 + "SUB_N18W075@1" * 100) / 600, 0)
✔ Saved: /p/11211992-tki-mangrove-restoration/01_data/0_Workflow/14_Mangrove_potential/400/MPM_N18W075.tif
🗑️ Deleted temporal file: /p/11211992-tki-mangrove-restoration/01_data/0_Workflow/14_Mangrove_potential/400/BIN_N18W075.tif
🗑️ Deleted temporal file: /p/11211992-tki-mangrove-restoration/01_data/0_Workflow/14_Mangrove_potential/400/FIL_N18W075.tif

>>> Processing tile: N11E051
📐 Raster calculator expression:
if("NVA_N11E051@1" = 0, ("PON_N11E051@1" * 100 + "ACC_N11E051@1" * 100 + "HIS_N11E051@1" * 100 + "PRM_N11E051@1" * 100 + max("PRR_N11E051@1", "PRC_N11E051@1") * 100 + "SUB_N11E051@1" * 100) / 600, 0)
✔ Saved: /p/11211992-tki-mangrove-restoration/01_data/0_Workflow/14_Mangrove_potential/400/MPM_N11E051.tif
🗑️ Deleted temporal file: /p/11211992-tki-mangrove-restoration/01_data/0_Workflow/14_Mangrove_potential/400/BIN_N11E051.tif
🗑️ Deleted temporal file: /p/11211992-tki-mangrove-restoration/01_data/0_Workflow/14_Mangrove_potential/400/FIL_N11E051.tif

>>> Processing tile: N16W017
📐 Raster calculator expression:
if("NVA_N16W017@1" = 0, ("PON_N16W017@1" * 100 + "ACC_N16W017@1" * 100 + "HIS_N16W017@1" * 100 + "PRM_N16W017@1" * 100 + max("PRR_N16W017@1", "PRC_N16W017@1") * 100 + "SUB_N16W017@1" * 100) / 600, 0)
✔ Saved: /p/11211992-tki-mangrove-restoration/01_data/0_Workflow/14_Mangrove_potential/400/MPM_N16W017.tif
🗑️ Deleted temporal file: /p/11211992-tki-mangrove-restoration/01_data/0_Workflow/14_Mangrove_potential/400/BIN_N16W017.tif
🗑️ Deleted temporal file: /p/11211992-tki-mangrove-restoration/01_data/0_Workflow/14_Mangrove_potential/400/FIL_N16W017.tif

>>> Processing tile: S17E038
📐 Raster calculator expression:
if("NVA_S17E038@1" = 0, ("PON_S17E038@1" * 100 + "ACC_S17E038@1" * 100 + "HIS_S17E038@1" * 100 + "PRM_S17E038@1" * 100 + max("PRR_S17E038@1", "PRC_S17E038@1") * 100 + "SUB_S17E038@1" * 100) / 600, 0)
✔ Saved: /p/11211992-tki-mangrove-restoration/01_data/0_Workflow/14_Mangrove_potential/400/MPM_S17E038.tif
🗑️ Deleted temporal file: /p/11211992-tki-mangrove-restoration/01_data/0_Workflow/14_Mangrove_potential/400/BIN_S17E038.tif
🗑️ Deleted temporal file: /p/11211992-tki-mangrove-restoration/01_data/0_Workflow/14_Mangrove_potential/400/FIL_S17E038.tif

>>> Processing tile: S25E113
📐 Raster calculator expression:
if("NVA_S25E113@1" = 0, ("PON_S25E113@1" * 100 + "ACC_S25E113@1" * 100 + "HIS_S25E113@1" * 100 + "PRM_S25E113@1" * 100 + max("PRR_S25E113@1", "PRC_S25E113@1") * 100 + "SUB_S25E113@1" * 100) / 600, 0)
✔ Saved: /p/11211992-tki-mangrove-restoration/01_data/0_Workflow/14_Mangrove_potential/400/MPM_S25E113.tif
🗑️ Deleted temporal file: /p/11211992-tki-mangrove-restoration/01_data/0_Workflow/14_Mangrove_potential/400/BIN_S25E113.tif
🗑️ Deleted temporal file: /p/11211992-tki-mangrove-restoration/01_data/0_Workflow/14_Mangrove_potential/400/FIL_S25E113.tif

>>> Processing tile: N21W076
📐 Raster calculator expression:
if("NVA_N21W076@1" = 0, ("PON_N21W076@1" * 100 + "ACC_N21W076@1" * 100 + "HIS_N21W076@1" * 100 + "PRM_N21W076@1" * 100 + max("PRR_N21W076@1", "PRC_N21W076@1") * 100 + "SUB_N21W076@1" * 100) / 600, 0)
✔ Saved: /p/11211992-tki-mangrove-restoration/01_data/0_Workflow/14_Mangrove_potential/400/MPM_N21W076.tif
🗑️ Deleted temporal file: /p/11211992-tki-mangrove-restoration/01_data/0_Workflow/14_Mangrove_potential/400/BIN_N21W076.tif
🗑️ Deleted temporal file: /p/11211992-tki-mangrove-restoration/01_data/0_Workflow/14_Mangrove_potential/400/FIL_N21W076.tif

>>> Processing tile: N18W072
📐 Raster calculator expression:
if("NVA_N18W072@1" = 0, ("PON_N18W072@1" * 100 + "ACC_N18W072@1" * 100 + "HIS_N18W072@1" * 100 + "PRM_N18W072@1" * 100 + max("PRR_N18W072@1", "PRC_N18W072@1") * 100 + "SUB_N18W072@1" * 100) / 600, 0)
✔ Saved: /p/11211992-tki-mangrove-restoration/01_data/0_Workflow/14_Mangrove_potential/400/MPM_N18W072.tif
🗑️ Deleted temporal file: /p/11211992-tki-mangrove-restoration/01_data/0_Workflow/14_Mangrove_potential/400/BIN_N18W072.tif
🗑️ Deleted temporal file: /p/11211992-tki-mangrove-restoration/01_data/0_Workflow/14_Mangrove_potential/400/FIL_N18W072.tif

>>> Processing tile: N24E066
📐 Raster calculator expression:
if("NVA_N24E066@1" = 0, ("PON_N24E066@1" * 100 + "ACC_N24E066@1" * 100 + "HIS_N24E066@1" * 100 + "PRM_N24E066@1" * 100 + max("PRR_N24E066@1", "PRC_N24E066@1") * 100 + "SUB_N24E066@1" * 100) / 600, 0)
✔ Saved: /p/11211992-tki-mangrove-restoration/01_data/0_Workflow/14_Mangrove_potential/400/MPM_N24E066.tif
🗑️ Deleted temporal file: /p/11211992-tki-mangrove-restoration/01_data/0_Workflow/14_Mangrove_potential/400/BIN_N24E066.tif
🗑️ Deleted temporal file: /p/11211992-tki-mangrove-restoration/01_data/0_Workflow/14_Mangrove_potential/400/FIL_N24E066.tif

>>> Processing tile: N11E093
📐 Raster calculator expression:
if("NVA_N11E093@1" = 0, ("PON_N11E093@1" * 100 + "ACC_N11E093@1" * 100 + "HIS_N11E093@1" * 100 + "PRM_N11E093@1" * 100 + max("PRR_N11E093@1", "PRC_N11E093@1") * 100 + "SUB_N11E093@1" * 100) / 600, 0)
✔ Saved: /p/11211992-tki-mangrove-restoration/01_data/0_Workflow/14_Mangrove_potential/400/MPM_N11E093.tif
🗑️ Deleted temporal file: /p/11211992-tki-mangrove-restoration/01_data/0_Workflow/14_Mangrove_potential/400/BIN_N11E093.tif
🗑️ Deleted temporal file: /p/11211992-tki-mangrove-restoration/01_data/0_Workflow/14_Mangrove_potential/400/FIL_N11E093.tif

>>> Processing tile: S04E152
📐 Raster calculator expression:
if("NVA_S04E152@1" = 0, ("PON_S04E152@1" * 100 + "ACC_S04E152@1" * 100 + "HIS_S04E152@1" * 100 + "PRM_S04E152@1" * 100 + max("PRR_S04E152@1", "PRC_S04E152@1") * 100 + "SUB_S04E152@1" * 100) / 600, 0)
✔ Saved: /p/11211992-tki-mangrove-restoration/01_data/0_Workflow/14_Mangrove_potential/400/MPM_S04E152.tif
🗑️ Deleted temporal file: /p/11211992-tki-mangrove-restoration/01_data/0_Workflow/14_Mangrove_potential/400/BIN_S04E152.tif
🗑️ Deleted temporal file: /p/11211992-tki-mangrove-restoration/01_data/0_Workflow/14_Mangrove_potential/400/FIL_S04E152.tif

>>> Processing tile: N10E045
📐 Raster calculator expression:
if("NVA_N10E045@1" = 0, ("PON_N10E045@1" * 100 + "ACC_N10E045@1" * 100 + "HIS_N10E045@1" * 100 + "PRM_N10E045@1" * 100 + max("PRR_N10E045@1", "PRC_N10E045@1") * 100 + "SUB_N10E045@1" * 100) / 600, 0)
✔ Saved: /p/11211992-tki-mangrove-restoration/01_data/0_Workflow/14_Mangrove_potential/400/MPM_N10E045.tif
🗑️ Deleted temporal file: /p/11211992-tki-mangrove-restoration/01_data/0_Workflow/14_Mangrove_potential/400/BIN_N10E045.tif
🗑️ Deleted temporal file: /p/11211992-tki-mangrove-restoration/01_data/0_Workflow/14_Mangrove_potential/400/FIL_N10E045.tif

>>> Processing tile: S17E049
📐 Raster calculator expression:
if("NVA_S17E049@1" = 0, ("PON_S17E049@1" * 100 + "ACC_S17E049@1" * 100 + "HIS_S17E049@1" * 100 + "PRM_S17E049@1" * 100 + max("PRR_S17E049@1", "PRC_S17E049@1") * 100 + "SUB_S17E049@1" * 100) / 600, 0)
✔ Saved: /p/11211992-tki-mangrove-restoration/01_data/0_Workflow/14_Mangrove_potential/400/MPM_S17E049.tif
🗑️ Deleted temporal file: /p/11211992-tki-mangrove-restoration/01_data/0_Workflow/14_Mangrove_potential/400/BIN_S17E049.tif
🗑️ Deleted temporal file: /p/11211992-tki-mangrove-restoration/01_data/0_Workflow/14_Mangrove_potential/400/FIL_S17E049.tif

>>> Processing tile: S29E031
📐 Raster calculator expression:
if("NVA_S29E031@1" = 0, ("PON_S29E031@1" * 100 + "ACC_S29E031@1" * 100 + "HIS_S29E031@1" * 100 + "PRM_S29E031@1" * 100 + max("PRR_S29E031@1", "PRC_S29E031@1") * 100 + "SUB_S29E031@1" * 100) / 600, 0)
✔ Saved: /p/11211992-tki-mangrove-restoration/01_data/0_Workflow/14_Mangrove_potential/400/MPM_S29E031.tif
🗑️ Deleted temporal file: /p/11211992-tki-mangrove-restoration/01_data/0_Workflow/14_Mangrove_potential/400/BIN_S29E031.tif
🗑️ Deleted temporal file: /p/11211992-tki-mangrove-restoration/01_data/0_Workflow/14_Mangrove_potential/400/FIL_S29E031.tif

>>> Processing tile: N24E067
📐 Raster calculator expression:
if("NVA_N24E067@1" = 0, ("PON_N24E067@1" * 100 + "ACC_N24E067@1" * 100 + "HIS_N24E067@1" * 100 + "PRM_N24E067@1" * 100 + max("PRR_N24E067@1", "PRC_N24E067@1") * 100 + "SUB_N24E067@1" * 100) / 600, 0)
✔ Saved: /p/11211992-tki-mangrove-restoration/01_data/0_Workflow/14_Mangrove_potential/400/MPM_N24E067.tif
🗑️ Deleted temporal file: /p/11211992-tki-mangrove-restoration/01_data/0_Workflow/14_Mangrove_potential/400/BIN_N24E067.tif
🗑️ Deleted temporal file: /p/11211992-tki-mangrove-restoration/01_data/0_Workflow/14_Mangrove_potential/400/FIL_N24E067.tif

>>> Processing tile: N18W073
📐 Raster calculator expression:
if("NVA_N18W073@1" = 0, ("PON_N18W073@1" * 100 + "ACC_N18W073@1" * 100 + "HIS_N18W073@1" * 100 + "PRM_N18W073@1" * 100 + max("PRR_N18W073@1", "PRC_N18W073@1") * 100 + "SUB_N18W073@1" * 100) / 600, 0)
✔ Saved: /p/11211992-tki-mangrove-restoration/01_data/0_Workflow/14_Mangrove_potential/400/MPM_N18W073.tif
🗑️ Deleted temporal file: /p/11211992-tki-mangrove-restoration/01_data/0_Workflow/14_Mangrove_potential/400/BIN_N18W073.tif
🗑️ Deleted temporal file: /p/11211992-tki-mangrove-restoration/01_data/0_Workflow/14_Mangrove_potential/400/FIL_N18W073.tif

>>> Processing tile: N26E036
📐 Raster calculator expression:
if("NVA_N26E036@1" = 0, ("PON_N26E036@1" * 100 + "ACC_N26E036@1" * 100 + "HIS_N26E036@1" * 100 + "PRM_N26E036@1" * 100 + max("PRR_N26E036@1", "PRC_N26E036@1") * 100 + "SUB_N26E036@1" * 100) / 600, 0)
✔ Saved: /p/11211992-tki-mangrove-restoration/01_data/0_Workflow/14_Mangrove_potential/400/MPM_N26E036.tif
🗑️ Deleted temporal file: /p/11211992-tki-mangrove-restoration/01_data/0_Workflow/14_Mangrove_potential/400/BIN_N26E036.tif
🗑️ Deleted temporal file: /p/11211992-tki-mangrove-restoration/01_data/0_Workflow/14_Mangrove_potential/400/FIL_N26E036.tif

>>> Processing tile: N18E038
📐 Raster calculator expression:
if("NVA_N18E038@1" = 0, ("PON_N18E038@1" * 100 + "ACC_N18E038@1" * 100 + "HIS_N18E038@1" * 100 + "PRM_N18E038@1" * 100 + max("PRR_N18E038@1", "PRC_N18E038@1") * 100 + "SUB_N18E038@1" * 100) / 600, 0)
✔ Saved: /p/11211992-tki-mangrove-restoration/01_data/0_Workflow/14_Mangrove_potential/400/MPM_N18E038.tif
🗑️ Deleted temporal file: /p/11211992-tki-mangrove-restoration/01_data/0_Workflow/14_Mangrove_potential/400/BIN_N18E038.tif
🗑️ Deleted temporal file: /p/11211992-tki-mangrove-restoration/01_data/0_Workflow/14_Mangrove_potential/400/FIL_N18E038.tif

>>> Processing tile: S09E158
📐 Raster calculator expression:
if("NVA_S09E158@1" = 0, ("PON_S09E158@1" * 100 + "ACC_S09E158@1" * 100 + "HIS_S09E158@1" * 100 + "PRM_S09E158@1" * 100 + max("PRR_S09E158@1", "PRC_S09E158@1") * 100 + "SUB_S09E158@1" * 100) / 600, 0)
✔ Saved: /p/11211992-tki-mangrove-restoration/01_data/0_Workflow/14_Mangrove_potential/400/MPM_S09E158.tif
🗑️ Deleted temporal file: /p/11211992-tki-mangrove-restoration/01_data/0_Workflow/14_Mangrove_potential/400/BIN_S09E158.tif
🗑️ Deleted temporal file: /p/11211992-tki-mangrove-restoration/01_data/0_Workflow/14_Mangrove_potential/400/FIL_S09E158.tif

>>> Processing tile: S14E141
📐 Raster calculator expression:
if("NVA_S14E141@1" = 0, ("PON_S14E141@1" * 100 + "ACC_S14E141@1" * 100 + "HIS_S14E141@1" * 100 + "PRM_S14E141@1" * 100 + max("PRR_S14E141@1", "PRC_S14E141@1") * 100 + "SUB_S14E141@1" * 100) / 600, 0)
✔ Saved: /p/11211992-tki-mangrove-restoration/01_data/0_Workflow/14_Mangrove_potential/400/MPM_S14E141.tif
🗑️ Deleted temporal file: /p/11211992-tki-mangrove-restoration/01_data/0_Workflow/14_Mangrove_potential/400/BIN_S14E141.tif
🗑️ Deleted temporal file: /p/11211992-tki-mangrove-restoration/01_data/0_Workflow/14_Mangrove_potential/400/FIL_S14E141.tif

>>> Processing tile: N08W061
📐 Raster calculator expression:
if("NVA_N08W061@1" = 0, ("PON_N08W061@1" * 100 + "ACC_N08W061@1" * 100 + "HIS_N08W061@1" * 100 + "PRM_N08W061@1" * 100 + max("PRR_N08W061@1", "PRC_N08W061@1") * 100 + "SUB_N08W061@1" * 100) / 600, 0)
✔ Saved: /p/11211992-tki-mangrove-restoration/01_data/0_Workflow/14_Mangrove_potential/400/MPM_N08W061.tif
🗑️ Deleted temporal file: /p/11211992-tki-mangrove-restoration/01_data/0_Workflow/14_Mangrove_potential/400/BIN_N08W061.tif
🗑️ Deleted temporal file: /p/11211992-tki-mangrove-restoration/01_data/0_Workflow/14_Mangrove_potential/400/FIL_N08W061.tif

>>> Processing tile: S09E039
📐 Raster calculator expression:
if("NVA_S09E039@1" = 0, ("PON_S09E039@1" * 100 + "ACC_S09E039@1" * 100 + "HIS_S09E039@1" * 100 + "PRM_S09E039@1" * 100 + max("PRR_S09E039@1", "PRC_S09E039@1") * 100 + "SUB_S09E039@1" * 100) / 600, 0)
✔ Saved: /p/11211992-tki-mangrove-restoration/01_data/0_Workflow/14_Mangrove_potential/400/MPM_S09E039.tif
🗑️ Deleted temporal file: /p/11211992-tki-mangrove-restoration/01_data/0_Workflow/14_Mangrove_potential/400/BIN_S09E039.tif
🗑️ Deleted temporal file: /p/11211992-tki-mangrove-restoration/01_data/0_Workflow/14_Mangrove_potential/400/FIL_S09E039.tif

>>> Processing tile: N07E072
📐 Raster calculator expression:
if("NVA_N07E072@1" = 0, ("PON_N07E072@1" * 100 + "ACC_N07E072@1" * 100 + "HIS_N07E072@1" * 100 + "PRM_N07E072@1" * 100 + max("PRR_N07E072@1", "PRC_N07E072@1") * 100 + "SUB_N07E072@1" * 100) / 600, 0)
✔ Saved: /p/11211992-tki-mangrove-restoration/01_data/0_Workflow/14_Mangrove_potential/400/MPM_N07E072.tif
🗑️ Deleted temporal file: /p/11211992-tki-mangrove-restoration/01_data/0_Workflow/14_Mangrove_potential/400/BIN_N07E072.tif
🗑️ Deleted temporal file: /p/11211992-tki-mangrove-restoration/01_data/0_Workflow/14_Mangrove_potential/400/FIL_N07E072.tif

>>> Processing tile: S20E163
📐 Raster calculator expression:
if("NVA_S20E163@1" = 0, ("PON_S20E163@1" * 100 + "ACC_S20E163@1" * 100 + "HIS_S20E163@1" * 100 + "PRM_S20E163@1" * 100 + max("PRR_S20E163@1", "PRC_S20E163@1") * 100 + "SUB_S20E163@1" * 100) / 600, 0)
✔ Saved: /p/11211992-tki-mangrove-restoration/01_data/0_Workflow/14_Mangrove_potential/400/MPM_S20E163.tif
🗑️ Deleted temporal file: /p/11211992-tki-mangrove-restoration/01_data/0_Workflow/14_Mangrove_potential/400/BIN_S20E163.tif
🗑️ Deleted temporal file: /p/11211992-tki-mangrove-restoration/01_data/0_Workflow/14_Mangrove_potential/400/FIL_S20E163.tif

>>> Processing tile: S14E136
📐 Raster calculator expression:
if("NVA_S14E136@1" = 0, ("PON_S14E136@1" * 100 + "ACC_S14E136@1" * 100 + "HIS_S14E136@1" * 100 + "PRM_S14E136@1" * 100 + max("PRR_S14E136@1", "PRC_S14E136@1") * 100 + "SUB_S14E136@1" * 100) / 600, 0)
✔ Saved: /p/11211992-tki-mangrove-restoration/01_data/0_Workflow/14_Mangrove_potential/400/MPM_S14E136.tif
🗑️ Deleted temporal file: /p/11211992-tki-mangrove-restoration/01_data/0_Workflow/14_Mangrove_potential/400/BIN_S14E136.tif
🗑️ Deleted temporal file: /p/11211992-tki-mangrove-restoration/01_data/0_Workflow/14_Mangrove_potential/400/FIL_S14E136.tif

>>> Processing tile: S09E159
📐 Raster calculator expression:
if("NVA_S09E159@1" = 0, ("PON_S09E159@1" * 100 + "ACC_S09E159@1" * 100 + "HIS_S09E159@1" * 100 + "PRM_S09E159@1" * 100 + max("PRR_S09E159@1", "PRC_S09E159@1") * 100 + "SUB_S09E159@1" * 100) / 600, 0)
✔ Saved: /p/11211992-tki-mangrove-restoration/01_data/0_Workflow/14_Mangrove_potential/400/MPM_S09E159.tif
🗑️ Deleted temporal file: /p/11211992-tki-mangrove-restoration/01_data/0_Workflow/14_Mangrove_potential/400/BIN_S09E159.tif
🗑️ Deleted temporal file: /p/11211992-tki-mangrove-restoration/01_data/0_Workflow/14_Mangrove_potential/400/FIL_S09E159.tif

>>> Processing tile: S39E143
📐 Raster calculator expression:
if("NVA_S39E143@1" = 0, ("PON_S39E143@1" * 100 + "ACC_S39E143@1" * 100 + "HIS_S39E143@1" * 100 + "PRM_S39E143@1" * 100 + max("PRR_S39E143@1", "PRC_S39E143@1") * 100 + "SUB_S39E143@1" * 100) / 600, 0)
✔ Saved: /p/11211992-tki-mangrove-restoration/01_data/0_Workflow/14_Mangrove_potential/400/MPM_S39E143.tif
🗑️ Deleted temporal file: /p/11211992-tki-mangrove-restoration/01_data/0_Workflow/14_Mangrove_potential/400/BIN_S39E143.tif
🗑️ Deleted temporal file: /p/11211992-tki-mangrove-restoration/01_data/0_Workflow/14_Mangrove_potential/400/FIL_S39E143.tif

>>> Processing tile: N23E120
📐 Raster calculator expression:
if("NVA_N23E120@1" = 0, ("PON_N23E120@1" * 100 + "ACC_N23E120@1" * 100 + "HIS_N23E120@1" * 100 + "PRM_N23E120@1" * 100 + max("PRR_N23E120@1", "PRC_N23E120@1") * 100 + "SUB_N23E120@1" * 100) / 600, 0)
✔ Saved: /p/11211992-tki-mangrove-restoration/01_data/0_Workflow/14_Mangrove_potential/400/MPM_N23E120.tif
🗑️ Deleted temporal file: /p/11211992-tki-mangrove-restoration/01_data/0_Workflow/14_Mangrove_potential/400/BIN_N23E120.tif
🗑️ Deleted temporal file: /p/11211992-tki-mangrove-restoration/01_data/0_Workflow/14_Mangrove_potential/400/FIL_N23E120.tif

>>> Processing tile: N04W053
📐 Raster calculator expression:
if("NVA_N04W053@1" = 0, ("PON_N04W053@1" * 100 + "ACC_N04W053@1" * 100 + "HIS_N04W053@1" * 100 + "PRM_N04W053@1" * 100 + max("PRR_N04W053@1", "PRC_N04W053@1") * 100 + "SUB_N04W053@1" * 100) / 600, 0)
✔ Saved: /p/11211992-tki-mangrove-restoration/01_data/0_Workflow/14_Mangrove_potential/400/MPM_N04W053.tif
🗑️ Deleted temporal file: /p/11211992-tki-mangrove-restoration/01_data/0_Workflow/14_Mangrove_potential/400/BIN_N04W053.tif
🗑️ Deleted temporal file: /p/11211992-tki-mangrove-restoration/01_data/0_Workflow/14_Mangrove_potential/400/FIL_N04W053.tif

>>> Processing tile: N08W060
📐 Raster calculator expression:
if("NVA_N08W060@1" = 0, ("PON_N08W060@1" * 100 + "ACC_N08W060@1" * 100 + "HIS_N08W060@1" * 100 + "PRM_N08W060@1" * 100 + max("PRR_N08W060@1", "PRC_N08W060@1") * 100 + "SUB_N08W060@1" * 100) / 600, 0)
✔ Saved: /p/11211992-tki-mangrove-restoration/01_data/0_Workflow/14_Mangrove_potential/400/MPM_N08W060.tif
🗑️ Deleted temporal file: /p/11211992-tki-mangrove-restoration/01_data/0_Workflow/14_Mangrove_potential/400/BIN_N08W060.tif
🗑️ Deleted temporal file: /p/11211992-tki-mangrove-restoration/01_data/0_Workflow/14_Mangrove_potential/400/FIL_N08W060.tif

>>> Processing tile: N23W082
📐 Raster calculator expression:
if("NVA_N23W082@1" = 0, ("PON_N23W082@1" * 100 + "ACC_N23W082@1" * 100 + "HIS_N23W082@1" * 100 + "PRM_N23W082@1" * 100 + max("PRR_N23W082@1", "PRC_N23W082@1") * 100 + "SUB_N23W082@1" * 100) / 600, 0)
✔ Saved: /p/11211992-tki-mangrove-restoration/01_data/0_Workflow/14_Mangrove_potential/400/MPM_N23W082.tif
🗑️ Deleted temporal file: /p/11211992-tki-mangrove-restoration/01_data/0_Workflow/14_Mangrove_potential/400/BIN_N23W082.tif
🗑️ Deleted temporal file: /p/11211992-tki-mangrove-restoration/01_data/0_Workflow/14_Mangrove_potential/400/FIL_N23W082.tif

>>> Processing tile: S01E009
📐 Raster calculator expression:
if("NVA_S01E009@1" = 0, ("PON_S01E009@1" * 100 + "ACC_S01E009@1" * 100 + "HIS_S01E009@1" * 100 + "PRM_S01E009@1" * 100 + max("PRR_S01E009@1", "PRC_S01E009@1") * 100 + "SUB_S01E009@1" * 100) / 600, 0)
✔ Saved: /p/11211992-tki-mangrove-restoration/01_data/0_Workflow/14_Mangrove_potential/400/MPM_S01E009.tif
🗑️ Deleted temporal file: /p/11211992-tki-mangrove-restoration/01_data/0_Workflow/14_Mangrove_potential/400/BIN_S01E009.tif
🗑️ Deleted temporal file: /p/11211992-tki-mangrove-restoration/01_data/0_Workflow/14_Mangrove_potential/400/FIL_S01E009.tif

>>> Processing tile: N23E052
📐 Raster calculator expression:
if("NVA_N23E052@1" = 0, ("PON_N23E052@1" * 100 + "ACC_N23E052@1" * 100 + "HIS_N23E052@1" * 100 + "PRM_N23E052@1" * 100 + max("PRR_N23E052@1", "PRC_N23E052@1") * 100 + "SUB_N23E052@1" * 100) / 600, 0)
✔ Saved: /p/11211992-tki-mangrove-restoration/01_data/0_Workflow/14_Mangrove_potential/400/MPM_N23E052.tif
🗑️ Deleted temporal file: /p/11211992-tki-mangrove-restoration/01_data/0_Workflow/14_Mangrove_potential/400/BIN_N23E052.tif
🗑️ Deleted temporal file: /p/11211992-tki-mangrove-restoration/01_data/0_Workflow/14_Mangrove_potential/400/FIL_N23E052.tif

>>> Processing tile: N23W083
📐 Raster calculator expression:
if("NVA_N23W083@1" = 0, ("PON_N23W083@1" * 100 + "ACC_N23W083@1" * 100 + "HIS_N23W083@1" * 100 + "PRM_N23W083@1" * 100 + max("PRR_N23W083@1", "PRC_N23W083@1") * 100 + "SUB_N23W083@1" * 100) / 600, 0)
✔ Saved: /p/11211992-tki-mangrove-restoration/01_data/0_Workflow/14_Mangrove_potential/400/MPM_N23W083.tif
🗑️ Deleted temporal file: /p/11211992-tki-mangrove-restoration/01_data/0_Workflow/14_Mangrove_potential/400/BIN_N23W083.tif
🗑️ Deleted temporal file: /p/11211992-tki-mangrove-restoration/01_data/0_Workflow/14_Mangrove_potential/400/FIL_N23W083.tif

>>> Processing tile: N06W011
📐 Raster calculator expression:
if("NVA_N06W011@1" = 0, ("PON_N06W011@1" * 100 + "ACC_N06W011@1" * 100 + "HIS_N06W011@1" * 100 + "PRM_N06W011@1" * 100 + max("PRR_N06W011@1", "PRC_N06W011@1") * 100 + "SUB_N06W011@1" * 100) / 600, 0)
✔ Saved: /p/11211992-tki-mangrove-restoration/01_data/0_Workflow/14_Mangrove_potential/400/MPM_N06W011.tif
🗑️ Deleted temporal file: /p/11211992-tki-mangrove-restoration/01_data/0_Workflow/14_Mangrove_potential/400/BIN_N06W011.tif
🗑️ Deleted temporal file: /p/11211992-tki-mangrove-restoration/01_data/0_Workflow/14_Mangrove_potential/400/FIL_N06W011.tif

>>> Processing tile: N06E072
📐 Raster calculator expression:
if("NVA_N06E072@1" = 0, ("PON_N06E072@1" * 100 + "ACC_N06E072@1" * 100 + "HIS_N06E072@1" * 100 + "PRM_N06E072@1" * 100 + max("PRR_N06E072@1", "PRC_N06E072@1") * 100 + "SUB_N06E072@1" * 100) / 600, 0)
✔ Saved: /p/11211992-tki-mangrove-restoration/01_data/0_Workflow/14_Mangrove_potential/400/MPM_N06E072.tif
🗑️ Deleted temporal file: /p/11211992-tki-mangrove-restoration/01_data/0_Workflow/14_Mangrove_potential/400/BIN_N06E072.tif
🗑️ Deleted temporal file: /p/11211992-tki-mangrove-restoration/01_data/0_Workflow/14_Mangrove_potential/400/FIL_N06E072.tif

>>> Processing tile: S08E159
📐 Raster calculator expression:
if("NVA_S08E159@1" = 0, ("PON_S08E159@1" * 100 + "ACC_S08E159@1" * 100 + "HIS_S08E159@1" * 100 + "PRM_S08E159@1" * 100 + max("PRR_S08E159@1", "PRC_S08E159@1") * 100 + "SUB_S08E159@1" * 100) / 600, 0)
✔ Saved: /p/11211992-tki-mangrove-restoration/01_data/0_Workflow/14_Mangrove_potential/400/MPM_S08E159.tif
🗑️ Deleted temporal file: /p/11211992-tki-mangrove-restoration/01_data/0_Workflow/14_Mangrove_potential/400/BIN_S08E159.tif
🗑️ Deleted temporal file: /p/11211992-tki-mangrove-restoration/01_data/0_Workflow/14_Mangrove_potential/400/FIL_S08E159.tif

>>> Processing tile: N05W053
📐 Raster calculator expression:
if("NVA_N05W053@1" = 0, ("PON_N05W053@1" * 100 + "ACC_N05W053@1" * 100 + "HIS_N05W053@1" * 100 + "PRM_N05W053@1" * 100 + max("PRR_N05W053@1", "PRC_N05W053@1") * 100 + "SUB_N05W053@1" * 100) / 600, 0)
✔ Saved: /p/11211992-tki-mangrove-restoration/01_data/0_Workflow/14_Mangrove_potential/400/MPM_N05W053.tif
🗑️ Deleted temporal file: /p/11211992-tki-mangrove-restoration/01_data/0_Workflow/14_Mangrove_potential/400/BIN_N05W053.tif
🗑️ Deleted temporal file: /p/11211992-tki-mangrove-restoration/01_data/0_Workflow/14_Mangrove_potential/400/FIL_N05W053.tif

>>> Processing tile: S01E008
📐 Raster calculator expression:
if("NVA_S01E008@1" = 0, ("PON_S01E008@1" * 100 + "ACC_S01E008@1" * 100 + "HIS_S01E008@1" * 100 + "PRM_S01E008@1" * 100 + max("PRR_S01E008@1", "PRC_S01E008@1") * 100 + "SUB_S01E008@1" * 100) / 600, 0)
✔ Saved: /p/11211992-tki-mangrove-restoration/01_data/0_Workflow/14_Mangrove_potential/400/MPM_S01E008.tif
🗑️ Deleted temporal file: /p/11211992-tki-mangrove-restoration/01_data/0_Workflow/14_Mangrove_potential/400/BIN_S01E008.tif
🗑️ Deleted temporal file: /p/11211992-tki-mangrove-restoration/01_data/0_Workflow/14_Mangrove_potential/400/FIL_S01E008.tif

>>> Processing tile: S12E166
📐 Raster calculator expression:
if("NVA_S12E166@1" = 0, ("PON_S12E166@1" * 100 + "ACC_S12E166@1" * 100 + "HIS_S12E166@1" * 100 + "PRM_S12E166@1" * 100 + max("PRR_S12E166@1", "PRC_S12E166@1") * 100 + "SUB_S12E166@1" * 100) / 600, 0)
✔ Saved: /p/11211992-tki-mangrove-restoration/01_data/0_Workflow/14_Mangrove_potential/400/MPM_S12E166.tif
🗑️ Deleted temporal file: /p/11211992-tki-mangrove-restoration/01_data/0_Workflow/14_Mangrove_potential/400/BIN_S12E166.tif
🗑️ Deleted temporal file: /p/11211992-tki-mangrove-restoration/01_data/0_Workflow/14_Mangrove_potential/400/FIL_S12E166.tif

>>> Processing tile: S16E129
📐 Raster calculator expression:
if("NVA_S16E129@1" = 0, ("PON_S16E129@1" * 100 + "ACC_S16E129@1" * 100 + "HIS_S16E129@1" * 100 + "PRM_S16E129@1" * 100 + max("PRR_S16E129@1", "PRC_S16E129@1") * 100 + "SUB_S16E129@1" * 100) / 600, 0)
✔ Saved: /p/11211992-tki-mangrove-restoration/01_data/0_Workflow/14_Mangrove_potential/400/MPM_S16E129.tif
🗑️ Deleted temporal file: /p/11211992-tki-mangrove-restoration/01_data/0_Workflow/14_Mangrove_potential/400/BIN_S16E129.tif
🗑️ Deleted temporal file: /p/11211992-tki-mangrove-restoration/01_data/0_Workflow/14_Mangrove_potential/400/FIL_S16E129.tif

>>> Processing tile: S30E114
📐 Raster calculator expression:
if("NVA_S30E114@1" = 0, ("PON_S30E114@1" * 100 + "ACC_S30E114@1" * 100 + "HIS_S30E114@1" * 100 + "PRM_S30E114@1" * 100 + max("PRR_S30E114@1", "PRC_S30E114@1") * 100 + "SUB_S30E114@1" * 100) / 600, 0)
✔ Saved: /p/11211992-tki-mangrove-restoration/01_data/0_Workflow/14_Mangrove_potential/400/MPM_S30E114.tif
🗑️ Deleted temporal file: /p/11211992-tki-mangrove-restoration/01_data/0_Workflow/14_Mangrove_potential/400/BIN_S30E114.tif
🗑️ Deleted temporal file: /p/11211992-tki-mangrove-restoration/01_data/0_Workflow/14_Mangrove_potential/400/FIL_S30E114.tif

>>> Processing tile: N26W082
📐 Raster calculator expression:
if("NVA_N26W082@1" = 0, ("PON_N26W082@1" * 100 + "ACC_N26W082@1" * 100 + "HIS_N26W082@1" * 100 + "PRM_N26W082@1" * 100 + max("PRR_N26W082@1", "PRC_N26W082@1") * 100 + "SUB_N26W082@1" * 100) / 600, 0)
✔ Saved: /p/11211992-tki-mangrove-restoration/01_data/0_Workflow/14_Mangrove_potential/400/MPM_N26W082.tif
🗑️ Deleted temporal file: /p/11211992-tki-mangrove-restoration/01_data/0_Workflow/14_Mangrove_potential/400/BIN_N26W082.tif
🗑️ Deleted temporal file: /p/11211992-tki-mangrove-restoration/01_data/0_Workflow/14_Mangrove_potential/400/FIL_N26W082.tif

>>> Processing tile: S21E148
📐 Raster calculator expression:
if("NVA_S21E148@1" = 0, ("PON_S21E148@1" * 100 + "ACC_S21E148@1" * 100 + "HIS_S21E148@1" * 100 + "PRM_S21E148@1" * 100 + max("PRR_S21E148@1", "PRC_S21E148@1") * 100 + "SUB_S21E148@1" * 100) / 600, 0)
✔ Saved: /p/11211992-tki-mangrove-restoration/01_data/0_Workflow/14_Mangrove_potential/400/MPM_S21E148.tif
🗑️ Deleted temporal file: /p/11211992-tki-mangrove-restoration/01_data/0_Workflow/14_Mangrove_potential/400/BIN_S21E148.tif
🗑️ Deleted temporal file: /p/11211992-tki-mangrove-restoration/01_data/0_Workflow/14_Mangrove_potential/400/FIL_S21E148.tif

>>> Processing tile: N10W086
📐 Raster calculator expression:
if("NVA_N10W086@1" = 0, ("PON_N10W086@1" * 100 + "ACC_N10W086@1" * 100 + "HIS_N10W086@1" * 100 + "PRM_N10W086@1" * 100 + max("PRR_N10W086@1", "PRC_N10W086@1") * 100 + "SUB_N10W086@1" * 100) / 600, 0)
✔ Saved: /p/11211992-tki-mangrove-restoration/01_data/0_Workflow/14_Mangrove_potential/400/MPM_N10W086.tif
🗑️ Deleted temporal file: /p/11211992-tki-mangrove-restoration/01_data/0_Workflow/14_Mangrove_potential/400/BIN_N10W086.tif
🗑️ Deleted temporal file: /p/11211992-tki-mangrove-restoration/01_data/0_Workflow/14_Mangrove_potential/400/FIL_N10W086.tif

>>> Processing tile: S16E049
📐 Raster calculator expression:
if("NVA_S16E049@1" = 0, ("PON_S16E049@1" * 100 + "ACC_S16E049@1" * 100 + "HIS_S16E049@1" * 100 + "PRM_S16E049@1" * 100 + max("PRR_S16E049@1", "PRC_S16E049@1") * 100 + "SUB_S16E049@1" * 100) / 600, 0)
✔ Saved: /p/11211992-tki-mangrove-restoration/01_data/0_Workflow/14_Mangrove_potential/400/MPM_S16E049.tif
🗑️ Deleted temporal file: /p/11211992-tki-mangrove-restoration/01_data/0_Workflow/14_Mangrove_potential/400/BIN_S16E049.tif
🗑️ Deleted temporal file: /p/11211992-tki-mangrove-restoration/01_data/0_Workflow/14_Mangrove_potential/400/FIL_S16E049.tif

>>> Processing tile: S15E134
📐 Raster calculator expression:
if("NVA_S15E134@1" = 0, ("PON_S15E134@1" * 100 + "ACC_S15E134@1" * 100 + "HIS_S15E134@1" * 100 + "PRM_S15E134@1" * 100 + max("PRR_S15E134@1", "PRC_S15E134@1") * 100 + "SUB_S15E134@1" * 100) / 600, 0)
✔ Saved: /p/11211992-tki-mangrove-restoration/01_data/0_Workflow/14_Mangrove_potential/400/MPM_S15E134.tif
🗑️ Deleted temporal file: /p/11211992-tki-mangrove-restoration/01_data/0_Workflow/14_Mangrove_potential/400/BIN_S15E134.tif
🗑️ Deleted temporal file: /p/11211992-tki-mangrove-restoration/01_data/0_Workflow/14_Mangrove_potential/400/FIL_S15E134.tif

>>> Processing tile: N26W083
📐 Raster calculator expression:
if("NVA_N26W083@1" = 0, ("PON_N26W083@1" * 100 + "ACC_N26W083@1" * 100 + "HIS_N26W083@1" * 100 + "PRM_N26W083@1" * 100 + max("PRR_N26W083@1", "PRC_N26W083@1") * 100 + "SUB_N26W083@1" * 100) / 600, 0)
✔ Saved: /p/11211992-tki-mangrove-restoration/01_data/0_Workflow/14_Mangrove_potential/400/MPM_N26W083.tif
🗑️ Deleted temporal file: /p/11211992-tki-mangrove-restoration/01_data/0_Workflow/14_Mangrove_potential/400/BIN_N26W083.tif
🗑️ Deleted temporal file: /p/11211992-tki-mangrove-restoration/01_data/0_Workflow/14_Mangrove_potential/400/FIL_N26W083.tif

>>> Processing tile: S16E128
📐 Raster calculator expression:
if("NVA_S16E128@1" = 0, ("PON_S16E128@1" * 100 + "ACC_S16E128@1" * 100 + "HIS_S16E128@1" * 100 + "PRM_S16E128@1" * 100 + max("PRR_S16E128@1", "PRC_S16E128@1") * 100 + "SUB_S16E128@1" * 100) / 600, 0)
✔ Saved: /p/11211992-tki-mangrove-restoration/01_data/0_Workflow/14_Mangrove_potential/400/MPM_S16E128.tif
🗑️ Deleted temporal file: /p/11211992-tki-mangrove-restoration/01_data/0_Workflow/14_Mangrove_potential/400/BIN_S16E128.tif
🗑️ Deleted temporal file: /p/11211992-tki-mangrove-restoration/01_data/0_Workflow/14_Mangrove_potential/400/FIL_S16E128.tif

>>> Processing tile: S21E149
📐 Raster calculator expression:
if("NVA_S21E149@1" = 0, ("PON_S21E149@1" * 100 + "ACC_S21E149@1" * 100 + "HIS_S21E149@1" * 100 + "PRM_S21E149@1" * 100 + max("PRR_S21E149@1", "PRC_S21E149@1") * 100 + "SUB_S21E149@1" * 100) / 600, 0)
✔ Saved: /p/11211992-tki-mangrove-restoration/01_data/0_Workflow/14_Mangrove_potential/400/MPM_S21E149.tif
🗑️ Deleted temporal file: /p/11211992-tki-mangrove-restoration/01_data/0_Workflow/14_Mangrove_potential/400/BIN_S21E149.tif
🗑️ Deleted temporal file: /p/11211992-tki-mangrove-restoration/01_data/0_Workflow/14_Mangrove_potential/400/FIL_S21E149.tif

>>> Processing tile: N11E043
📐 Raster calculator expression:
if("NVA_N11E043@1" = 0, ("PON_N11E043@1" * 100 + "ACC_N11E043@1" * 100 + "HIS_N11E043@1" * 100 + "PRM_N11E043@1" * 100 + max("PRR_N11E043@1", "PRC_N11E043@1") * 100 + "SUB_N11E043@1" * 100) / 600, 0)
✔ Saved: /p/11211992-tki-mangrove-restoration/01_data/0_Workflow/14_Mangrove_potential/400/MPM_N11E043.tif
🗑️ Deleted temporal file: /p/11211992-tki-mangrove-restoration/01_data/0_Workflow/14_Mangrove_potential/400/BIN_N11E043.tif
🗑️ Deleted temporal file: /p/11211992-tki-mangrove-restoration/01_data/0_Workflow/14_Mangrove_potential/400/FIL_N11E043.tif

>>> Processing tile: N18W067
📐 Raster calculator expression:
if("NVA_N18W067@1" = 0, ("PON_N18W067@1" * 100 + "ACC_N18W067@1" * 100 + "HIS_N18W067@1" * 100 + "PRM_N18W067@1" * 100 + max("PRR_N18W067@1", "PRC_N18W067@1") * 100 + "SUB_N18W067@1" * 100) / 600, 0)
✔ Saved: /p/11211992-tki-mangrove-restoration/01_data/0_Workflow/14_Mangrove_potential/400/MPM_N18W067.tif
🗑️ Deleted temporal file: /p/11211992-tki-mangrove-restoration/01_data/0_Workflow/14_Mangrove_potential/400/BIN_N18W067.tif
🗑️ Deleted temporal file: /p/11211992-tki-mangrove-restoration/01_data/0_Workflow/14_Mangrove_potential/400/FIL_N18W067.tif

>>> Processing tile: N20W077
📐 Raster calculator expression:
if("NVA_N20W077@1" = 0, ("PON_N20W077@1" * 100 + "ACC_N20W077@1" * 100 + "HIS_N20W077@1" * 100 + "PRM_N20W077@1" * 100 + max("PRR_N20W077@1", "PRC_N20W077@1") * 100 + "SUB_N20W077@1" * 100) / 600, 0)
✔ Saved: /p/11211992-tki-mangrove-restoration/01_data/0_Workflow/14_Mangrove_potential/400/MPM_N20W077.tif
🗑️ Deleted temporal file: /p/11211992-tki-mangrove-restoration/01_data/0_Workflow/14_Mangrove_potential/400/BIN_N20W077.tif
🗑️ Deleted temporal file: /p/11211992-tki-mangrove-restoration/01_data/0_Workflow/14_Mangrove_potential/400/FIL_N20W077.tif

>>> Processing tile: N16E039
📐 Raster calculator expression:
if("NVA_N16E039@1" = 0, ("PON_N16E039@1" * 100 + "ACC_N16E039@1" * 100 + "HIS_N16E039@1" * 100 + "PRM_N16E039@1" * 100 + max("PRR_N16E039@1", "PRC_N16E039@1") * 100 + "SUB_N16E039@1" * 100) / 600, 0)
✔ Saved: /p/11211992-tki-mangrove-restoration/01_data/0_Workflow/14_Mangrove_potential/400/MPM_N16E039.tif
🗑️ Deleted temporal file: /p/11211992-tki-mangrove-restoration/01_data/0_Workflow/14_Mangrove_potential/400/BIN_N16E039.tif
🗑️ Deleted temporal file: /p/11211992-tki-mangrove-restoration/01_data/0_Workflow/14_Mangrove_potential/400/FIL_N16E039.tif

>>> Processing tile: N18W066
📐 Raster calculator expression:
if("NVA_N18W066@1" = 0, ("PON_N18W066@1" * 100 + "ACC_N18W066@1" * 100 + "HIS_N18W066@1" * 100 + "PRM_N18W066@1" * 100 + max("PRR_N18W066@1", "PRC_N18W066@1") * 100 + "SUB_N18W066@1" * 100) / 600, 0)
✔ Saved: /p/11211992-tki-mangrove-restoration/01_data/0_Workflow/14_Mangrove_potential/400/MPM_N18W066.tif
🗑️ Deleted temporal file: /p/11211992-tki-mangrove-restoration/01_data/0_Workflow/14_Mangrove_potential/400/BIN_N18W066.tif
🗑️ Deleted temporal file: /p/11211992-tki-mangrove-restoration/01_data/0_Workflow/14_Mangrove_potential/400/FIL_N18W066.tif

>>> Processing tile: N25E061
📐 Raster calculator expression:
if("NVA_N25E061@1" = 0, ("PON_N25E061@1" * 100 + "ACC_N25E061@1" * 100 + "HIS_N25E061@1" * 100 + "PRM_N25E061@1" * 100 + max("PRR_N25E061@1", "PRC_N25E061@1") * 100 + "SUB_N25E061@1" * 100) / 600, 0)
✔ Saved: /p/11211992-tki-mangrove-restoration/01_data/0_Workflow/14_Mangrove_potential/400/MPM_N25E061.tif
🗑️ Deleted temporal file: /p/11211992-tki-mangrove-restoration/01_data/0_Workflow/14_Mangrove_potential/400/BIN_N25E061.tif
🗑️ Deleted temporal file: /p/11211992-tki-mangrove-restoration/01_data/0_Workflow/14_Mangrove_potential/400/FIL_N25E061.tif

>>> Processing tile: N26E055
📐 Raster calculator expression:
if("NVA_N26E055@1" = 0, ("PON_N26E055@1" * 100 + "ACC_N26E055@1" * 100 + "HIS_N26E055@1" * 100 + "PRM_N26E055@1" * 100 + max("PRR_N26E055@1", "PRC_N26E055@1") * 100 + "SUB_N26E055@1" * 100) / 600, 0)
✔ Saved: /p/11211992-tki-mangrove-restoration/01_data/0_Workflow/14_Mangrove_potential/400/MPM_N26E055.tif
🗑️ Deleted temporal file: /p/11211992-tki-mangrove-restoration/01_data/0_Workflow/14_Mangrove_potential/400/BIN_N26E055.tif
🗑️ Deleted temporal file: /p/11211992-tki-mangrove-restoration/01_data/0_Workflow/14_Mangrove_potential/400/FIL_N26E055.tif

>>> Processing tile: N20W076
📐 Raster calculator expression:
if("NVA_N20W076@1" = 0, ("PON_N20W076@1" * 100 + "ACC_N20W076@1" * 100 + "HIS_N20W076@1" * 100 + "PRM_N20W076@1" * 100 + max("PRR_N20W076@1", "PRC_N20W076@1") * 100 + "SUB_N20W076@1" * 100) / 600, 0)
✔ Saved: /p/11211992-tki-mangrove-restoration/01_data/0_Workflow/14_Mangrove_potential/400/MPM_N20W076.tif
🗑️ Deleted temporal file: /p/11211992-tki-mangrove-restoration/01_data/0_Workflow/14_Mangrove_potential/400/BIN_N20W076.tif
🗑️ Deleted temporal file: /p/11211992-tki-mangrove-restoration/01_data/0_Workflow/14_Mangrove_potential/400/FIL_N20W076.tif

>>> Processing tile: S36E150
📐 Raster calculator expression:
if("NVA_S36E150@1" = 0, ("PON_S36E150@1" * 100 + "ACC_S36E150@1" * 100 + "HIS_S36E150@1" * 100 + "PRM_S36E150@1" * 100 + max("PRR_S36E150@1", "PRC_S36E150@1") * 100 + "SUB_S36E150@1" * 100) / 600, 0)
✔ Saved: /p/11211992-tki-mangrove-restoration/01_data/0_Workflow/14_Mangrove_potential/400/MPM_S36E150.tif
🗑️ Deleted temporal file: /p/11211992-tki-mangrove-restoration/01_data/0_Workflow/14_Mangrove_potential/400/BIN_S36E150.tif
🗑️ Deleted temporal file: /p/11211992-tki-mangrove-restoration/01_data/0_Workflow/14_Mangrove_potential/400/FIL_S36E150.tif

>>> Processing tile: N06E003
📐 Raster calculator expression:
if("NVA_N06E003@1" = 0, ("PON_N06E003@1" * 100 + "ACC_N06E003@1" * 100 + "HIS_N06E003@1" * 100 + "PRM_N06E003@1" * 100 + max("PRR_N06E003@1", "PRC_N06E003@1") * 100 + "SUB_N06E003@1" * 100) / 600, 0)
✔ Saved: /p/11211992-tki-mangrove-restoration/01_data/0_Workflow/14_Mangrove_potential/400/MPM_N06E003.tif
🗑️ Deleted temporal file: /p/11211992-tki-mangrove-restoration/01_data/0_Workflow/14_Mangrove_potential/400/BIN_N06E003.tif
🗑️ Deleted temporal file: /p/11211992-tki-mangrove-restoration/01_data/0_Workflow/14_Mangrove_potential/400/FIL_N06E003.tif

>>> Processing tile: N05W054
📐 Raster calculator expression:
if("NVA_N05W054@1" = 0, ("PON_N05W054@1" * 100 + "ACC_N05W054@1" * 100 + "HIS_N05W054@1" * 100 + "PRM_N05W054@1" * 100 + max("PRR_N05W054@1", "PRC_N05W054@1") * 100 + "SUB_N05W054@1" * 100) / 600, 0)
✔ Saved: /p/11211992-tki-mangrove-restoration/01_data/0_Workflow/14_Mangrove_potential/400/MPM_N05W054.tif
🗑️ Deleted temporal file: /p/11211992-tki-mangrove-restoration/01_data/0_Workflow/14_Mangrove_potential/400/BIN_N05W054.tif
🗑️ Deleted temporal file: /p/11211992-tki-mangrove-restoration/01_data/0_Workflow/14_Mangrove_potential/400/FIL_N05W054.tif

>>> Processing tile: N23W084
📐 Raster calculator expression:
if("NVA_N23W084@1" = 0, ("PON_N23W084@1" * 100 + "ACC_N23W084@1" * 100 + "HIS_N23W084@1" * 100 + "PRM_N23W084@1" * 100 + max("PRR_N23W084@1", "PRC_N23W084@1") * 100 + "SUB_N23W084@1" * 100) / 600, 0)
✔ Saved: /p/11211992-tki-mangrove-restoration/01_data/0_Workflow/14_Mangrove_potential/400/MPM_N23W084.tif
🗑️ Deleted temporal file: /p/11211992-tki-mangrove-restoration/01_data/0_Workflow/14_Mangrove_potential/400/BIN_N23W084.tif
🗑️ Deleted temporal file: /p/11211992-tki-mangrove-restoration/01_data/0_Workflow/14_Mangrove_potential/400/FIL_N23W084.tif

>>> Processing tile: S07E039
📐 Raster calculator expression:
if("NVA_S07E039@1" = 0, ("PON_S07E039@1" * 100 + "ACC_S07E039@1" * 100 + "HIS_S07E039@1" * 100 + "PRM_S07E039@1" * 100 + max("PRR_S07E039@1", "PRC_S07E039@1") * 100 + "SUB_S07E039@1" * 100) / 600, 0)
✔ Saved: /p/11211992-tki-mangrove-restoration/01_data/0_Workflow/14_Mangrove_potential/400/MPM_S07E039.tif
🗑️ Deleted temporal file: /p/11211992-tki-mangrove-restoration/01_data/0_Workflow/14_Mangrove_potential/400/BIN_S07E039.tif
🗑️ Deleted temporal file: /p/11211992-tki-mangrove-restoration/01_data/0_Workflow/14_Mangrove_potential/400/FIL_S07E039.tif

>>> Processing tile: N05W055
📐 Raster calculator expression:
if("NVA_N05W055@1" = 0, ("PON_N05W055@1" * 100 + "ACC_N05W055@1" * 100 + "HIS_N05W055@1" * 100 + "PRM_N05W055@1" * 100 + max("PRR_N05W055@1", "PRC_N05W055@1") * 100 + "SUB_N05W055@1" * 100) / 600, 0)
✔ Saved: /p/11211992-tki-mangrove-restoration/01_data/0_Workflow/14_Mangrove_potential/400/MPM_N05W055.tif
🗑️ Deleted temporal file: /p/11211992-tki-mangrove-restoration/01_data/0_Workflow/14_Mangrove_potential/400/BIN_N05W055.tif
🗑️ Deleted temporal file: /p/11211992-tki-mangrove-restoration/01_data/0_Workflow/14_Mangrove_potential/400/FIL_N05W055.tif

>>> Processing tile: S07E038
📐 Raster calculator expression:
if("NVA_S07E038@1" = 0, ("PON_S07E038@1" * 100 + "ACC_S07E038@1" * 100 + "HIS_S07E038@1" * 100 + "PRM_S07E038@1" * 100 + max("PRR_S07E038@1", "PRC_S07E038@1") * 100 + "SUB_S07E038@1" * 100) / 600, 0)
✔ Saved: /p/11211992-tki-mangrove-restoration/01_data/0_Workflow/14_Mangrove_potential/400/MPM_S07E038.tif
🗑️ Deleted temporal file: /p/11211992-tki-mangrove-restoration/01_data/0_Workflow/14_Mangrove_potential/400/BIN_S07E038.tif
🗑️ Deleted temporal file: /p/11211992-tki-mangrove-restoration/01_data/0_Workflow/14_Mangrove_potential/400/FIL_S07E038.tif

>>> Processing tile: N00W092
📐 Raster calculator expression:
if("NVA_N00W092@1" = 0, ("PON_N00W092@1" * 100 + "ACC_N00W092@1" * 100 + "HIS_N00W092@1" * 100 + "PRM_N00W092@1" * 100 + max("PRR_N00W092@1", "PRC_N00W092@1") * 100 + "SUB_N00W092@1" * 100) / 600, 0)
✔ Saved: /p/11211992-tki-mangrove-restoration/01_data/0_Workflow/14_Mangrove_potential/400/MPM_N00W092.tif
🗑️ Deleted temporal file: /p/11211992-tki-mangrove-restoration/01_data/0_Workflow/14_Mangrove_potential/400/BIN_N00W092.tif
🗑️ Deleted temporal file: /p/11211992-tki-mangrove-restoration/01_data/0_Workflow/14_Mangrove_potential/400/FIL_N00W092.tif

>>> Processing tile: N19W077
📐 Raster calculator expression:
if("NVA_N19W077@1" = 0, ("PON_N19W077@1" * 100 + "ACC_N19W077@1" * 100 + "HIS_N19W077@1" * 100 + "PRM_N19W077@1" * 100 + max("PRR_N19W077@1", "PRC_N19W077@1") * 100 + "SUB_N19W077@1" * 100) / 600, 0)
✔ Saved: /p/11211992-tki-mangrove-restoration/01_data/0_Workflow/14_Mangrove_potential/400/MPM_N19W077.tif
🗑️ Deleted temporal file: /p/11211992-tki-mangrove-restoration/01_data/0_Workflow/14_Mangrove_potential/400/BIN_N19W077.tif
🗑️ Deleted temporal file: /p/11211992-tki-mangrove-restoration/01_data/0_Workflow/14_Mangrove_potential/400/FIL_N19W077.tif

>>> Processing tile: S05E011
📐 Raster calculator expression:
if("NVA_S05E011@1" = 0, ("PON_S05E011@1" * 100 + "ACC_S05E011@1" * 100 + "HIS_S05E011@1" * 100 + "PRM_S05E011@1" * 100 + max("PRR_S05E011@1", "PRC_S05E011@1") * 100 + "SUB_S05E011@1" * 100) / 600, 0)
✔ Saved: /p/11211992-tki-mangrove-restoration/01_data/0_Workflow/14_Mangrove_potential/400/MPM_S05E011.tif
🗑️ Deleted temporal file: /p/11211992-tki-mangrove-restoration/01_data/0_Workflow/14_Mangrove_potential/400/BIN_S05E011.tif
🗑️ Deleted temporal file: /p/11211992-tki-mangrove-restoration/01_data/0_Workflow/14_Mangrove_potential/400/FIL_S05E011.tif

>>> Processing tile: S06E145
📐 Raster calculator expression:
if("NVA_S06E145@1" = 0, ("PON_S06E145@1" * 100 + "ACC_S06E145@1" * 100 + "HIS_S06E145@1" * 100 + "PRM_S06E145@1" * 100 + max("PRR_S06E145@1", "PRC_S06E145@1") * 100 + "SUB_S06E145@1" * 100) / 600, 0)
✔ Saved: /p/11211992-tki-mangrove-restoration/01_data/0_Workflow/14_Mangrove_potential/400/MPM_S06E145.tif
🗑️ Deleted temporal file: /p/11211992-tki-mangrove-restoration/01_data/0_Workflow/14_Mangrove_potential/400/BIN_S06E145.tif
🗑️ Deleted temporal file: /p/11211992-tki-mangrove-restoration/01_data/0_Workflow/14_Mangrove_potential/400/FIL_S06E145.tif

>>> Processing tile: S09E142
📐 Raster calculator expression:
if("NVA_S09E142@1" = 0, ("PON_S09E142@1" * 100 + "ACC_S09E142@1" * 100 + "HIS_S09E142@1" * 100 + "PRM_S09E142@1" * 100 + max("PRR_S09E142@1", "PRC_S09E142@1") * 100 + "SUB_S09E142@1" * 100) / 600, 0)
✔ Saved: /p/11211992-tki-mangrove-restoration/01_data/0_Workflow/14_Mangrove_potential/400/MPM_S09E142.tif
🗑️ Deleted temporal file: /p/11211992-tki-mangrove-restoration/01_data/0_Workflow/14_Mangrove_potential/400/BIN_S09E142.tif
🗑️ Deleted temporal file: /p/11211992-tki-mangrove-restoration/01_data/0_Workflow/14_Mangrove_potential/400/FIL_S09E142.tif

>>> Processing tile: S31E152
📐 Raster calculator expression:
if("NVA_S31E152@1" = 0, ("PON_S31E152@1" * 100 + "ACC_S31E152@1" * 100 + "HIS_S31E152@1" * 100 + "PRM_S31E152@1" * 100 + max("PRR_S31E152@1", "PRC_S31E152@1") * 100 + "SUB_S31E152@1" * 100) / 600, 0)
✔ Saved: /p/11211992-tki-mangrove-restoration/01_data/0_Workflow/14_Mangrove_potential/400/MPM_S31E152.tif
🗑️ Deleted temporal file: /p/11211992-tki-mangrove-restoration/01_data/0_Workflow/14_Mangrove_potential/400/BIN_S31E152.tif
🗑️ Deleted temporal file: /p/11211992-tki-mangrove-restoration/01_data/0_Workflow/14_Mangrove_potential/400/FIL_S31E152.tif

>>> Processing tile: S06E053
📐 Raster calculator expression:
if("NVA_S06E053@1" = 0, ("PON_S06E053@1" * 100 + "ACC_S06E053@1" * 100 + "HIS_S06E053@1" * 100 + "PRM_S06E053@1" * 100 + max("PRR_S06E053@1", "PRC_S06E053@1") * 100 + "SUB_S06E053@1" * 100) / 600, 0)
✔ Saved: /p/11211992-tki-mangrove-restoration/01_data/0_Workflow/14_Mangrove_potential/400/MPM_S06E053.tif
🗑️ Deleted temporal file: /p/11211992-tki-mangrove-restoration/01_data/0_Workflow/14_Mangrove_potential/400/BIN_S06E053.tif
🗑️ Deleted temporal file: /p/11211992-tki-mangrove-restoration/01_data/0_Workflow/14_Mangrove_potential/400/FIL_S06E053.tif

>>> Processing tile: S07E156
📐 Raster calculator expression:
if("NVA_S07E156@1" = 0, ("PON_S07E156@1" * 100 + "ACC_S07E156@1" * 100 + "HIS_S07E156@1" * 100 + "PRM_S07E156@1" * 100 + max("PRR_S07E156@1", "PRC_S07E156@1") * 100 + "SUB_S07E156@1" * 100) / 600, 0)
✔ Saved: /p/11211992-tki-mangrove-restoration/01_data/0_Workflow/14_Mangrove_potential/400/MPM_S07E156.tif
🗑️ Deleted temporal file: /p/11211992-tki-mangrove-restoration/01_data/0_Workflow/14_Mangrove_potential/400/BIN_S07E156.tif
🗑️ Deleted temporal file: /p/11211992-tki-mangrove-restoration/01_data/0_Workflow/14_Mangrove_potential/400/FIL_S07E156.tif

>>> Processing tile: S20E179
📐 Raster calculator expression:
if("NVA_S20E179@1" = 0, ("PON_S20E179@1" * 100 + "ACC_S20E179@1" * 100 + "HIS_S20E179@1" * 100 + "PRM_S20E179@1" * 100 + max("PRR_S20E179@1", "PRC_S20E179@1") * 100 + "SUB_S20E179@1" * 100) / 600, 0)
✔ Saved: /p/11211992-tki-mangrove-restoration/01_data/0_Workflow/14_Mangrove_potential/400/MPM_S20E179.tif
🗑️ Deleted temporal file: /p/11211992-tki-mangrove-restoration/01_data/0_Workflow/14_Mangrove_potential/400/BIN_S20E179.tif
🗑️ Deleted temporal file: /p/11211992-tki-mangrove-restoration/01_data/0_Workflow/14_Mangrove_potential/400/FIL_S20E179.tif

>>> Processing tile: S09E143
📐 Raster calculator expression:
if("NVA_S09E143@1" = 0, ("PON_S09E143@1" * 100 + "ACC_S09E143@1" * 100 + "HIS_S09E143@1" * 100 + "PRM_S09E143@1" * 100 + max("PRR_S09E143@1", "PRC_S09E143@1") * 100 + "SUB_S09E143@1" * 100) / 600, 0)
✔ Saved: /p/11211992-tki-mangrove-restoration/01_data/0_Workflow/14_Mangrove_potential/400/MPM_S09E143.tif
🗑️ Deleted temporal file: /p/11211992-tki-mangrove-restoration/01_data/0_Workflow/14_Mangrove_potential/400/BIN_S09E143.tif
🗑️ Deleted temporal file: /p/11211992-tki-mangrove-restoration/01_data/0_Workflow/14_Mangrove_potential/400/FIL_S09E143.tif

>>> Processing tile: S08E178
📐 Raster calculator expression:
if("NVA_S08E178@1" = 0, ("PON_S08E178@1" * 100 + "ACC_S08E178@1" * 100 + "HIS_S08E178@1" * 100 + "PRM_S08E178@1" * 100 + max("PRR_S08E178@1", "PRC_S08E178@1") * 100 + "SUB_S08E178@1" * 100) / 600, 0)
✔ Saved: /p/11211992-tki-mangrove-restoration/01_data/0_Workflow/14_Mangrove_potential/400/MPM_S08E178.tif
🗑️ Deleted temporal file: /p/11211992-tki-mangrove-restoration/01_data/0_Workflow/14_Mangrove_potential/400/BIN_S08E178.tif
🗑️ Deleted temporal file: /p/11211992-tki-mangrove-restoration/01_data/0_Workflow/14_Mangrove_potential/400/FIL_S08E178.tif

>>> Processing tile: S31E153
📐 Raster calculator expression:
if("NVA_S31E153@1" = 0, ("PON_S31E153@1" * 100 + "ACC_S31E153@1" * 100 + "HIS_S31E153@1" * 100 + "PRM_S31E153@1" * 100 + max("PRR_S31E153@1", "PRC_S31E153@1") * 100 + "SUB_S31E153@1" * 100) / 600, 0)
✔ Saved: /p/11211992-tki-mangrove-restoration/01_data/0_Workflow/14_Mangrove_potential/400/MPM_S31E153.tif
🗑️ Deleted temporal file: /p/11211992-tki-mangrove-restoration/01_data/0_Workflow/14_Mangrove_potential/400/BIN_S31E153.tif
🗑️ Deleted temporal file: /p/11211992-tki-mangrove-restoration/01_data/0_Workflow/14_Mangrove_potential/400/FIL_S31E153.tif

>>> Processing tile: S07E157
📐 Raster calculator expression:
Application path not initialized
QStandardPaths: runtime directory '/run/user/1038055' is not a directory, but a symbolic link to a directory permissions 0775 owned by UID 1038055 GID 1000514
Logged warning: Duplicate provider native registered

if("NVA_S07E157@1" = 0, ("PON_S07E157@1" * 100 + "ACC_S07E157@1" * 100 + "HIS_S07E157@1" * 100 + "PRM_S07E157@1" * 100 + max("PRR_S07E157@1", "PRC_S07E157@1") * 100 + "SUB_S07E157@1" * 100) / 600, 0)
✔ Saved: /p/11211992-tki-mangrove-restoration/01_data/0_Workflow/14_Mangrove_potential/400/MPM_S07E157.tif
🗑️ Deleted temporal file: /p/11211992-tki-mangrove-restoration/01_data/0_Workflow/14_Mangrove_potential/400/BIN_S07E157.tif
🗑️ Deleted temporal file: /p/11211992-tki-mangrove-restoration/01_data/0_Workflow/14_Mangrove_potential/400/FIL_S07E157.tif

>>> Processing tile: N10W014
📐 Raster calculator expression:
if("NVA_N10W014@1" = 0, ("PON_N10W014@1" * 100 + "ACC_N10W014@1" * 100 + "HIS_N10W014@1" * 100 + "PRM_N10W014@1" * 100 + max("PRR_N10W014@1", "PRC_N10W014@1") * 100 + "SUB_N10W014@1" * 100) / 600, 0)
✔ Saved: /p/11211992-tki-mangrove-restoration/01_data/0_Workflow/14_Mangrove_potential/400/MPM_N10W014.tif
🗑️ Deleted temporal file: /p/11211992-tki-mangrove-restoration/01_data/0_Workflow/14_Mangrove_potential/400/BIN_N10W014.tif
🗑️ Deleted temporal file: /p/11211992-tki-mangrove-restoration/01_data/0_Workflow/14_Mangrove_potential/400/FIL_N10W014.tif

>>> Processing tile: N11W071
📐 Raster calculator expression:
if("NVA_N11W071@1" = 0, ("PON_N11W071@1" * 100 + "ACC_N11W071@1" * 100 + "HIS_N11W071@1" * 100 + "PRM_N11W071@1" * 100 + max("PRR_N11W071@1", "PRC_N11W071@1") * 100 + "SUB_N11W071@1" * 100) / 600, 0)
✔ Saved: /p/11211992-tki-mangrove-restoration/01_data/0_Workflow/14_Mangrove_potential/400/MPM_N11W071.tif
🗑️ Deleted temporal file: /p/11211992-tki-mangrove-restoration/01_data/0_Workflow/14_Mangrove_potential/400/BIN_N11W071.tif
🗑️ Deleted temporal file: /p/11211992-tki-mangrove-restoration/01_data/0_Workflow/14_Mangrove_potential/400/FIL_N11W071.tif

>>> Processing tile: S17E145
📐 Raster calculator expression:
if("NVA_S17E145@1" = 0, ("PON_S17E145@1" * 100 + "ACC_S17E145@1" * 100 + "HIS_S17E145@1" * 100 + "PRM_S17E145@1" * 100 + max("PRR_S17E145@1", "PRC_S17E145@1") * 100 + "SUB_S17E145@1" * 100) / 600, 0)
✔ Saved: /p/11211992-tki-mangrove-restoration/01_data/0_Workflow/14_Mangrove_potential/400/MPM_S17E145.tif
🗑️ Deleted temporal file: /p/11211992-tki-mangrove-restoration/01_data/0_Workflow/14_Mangrove_potential/400/BIN_S17E145.tif
🗑️ Deleted temporal file: /p/11211992-tki-mangrove-restoration/01_data/0_Workflow/14_Mangrove_potential/400/FIL_S17E145.tif

>>> Processing tile: N09E092
📐 Raster calculator expression:
if("NVA_N09E092@1" = 0, ("PON_N09E092@1" * 100 + "ACC_N09E092@1" * 100 + "HIS_N09E092@1" * 100 + "PRM_N09E092@1" * 100 + max("PRR_N09E092@1", "PRC_N09E092@1") * 100 + "SUB_N09E092@1" * 100) / 600, 0)
✔ Saved: /p/11211992-tki-mangrove-restoration/01_data/0_Workflow/14_Mangrove_potential/400/MPM_N09E092.tif
🗑️ Deleted temporal file: /p/11211992-tki-mangrove-restoration/01_data/0_Workflow/14_Mangrove_potential/400/BIN_N09E092.tif
🗑️ Deleted temporal file: /p/11211992-tki-mangrove-restoration/01_data/0_Workflow/14_Mangrove_potential/400/FIL_N09E092.tif

>>> Processing tile: S16E040
📐 Raster calculator expression:
if("NVA_S16E040@1" = 0, ("PON_S16E040@1" * 100 + "ACC_S16E040@1" * 100 + "HIS_S16E040@1" * 100 + "PRM_S16E040@1" * 100 + max("PRR_S16E040@1", "PRC_S16E040@1") * 100 + "SUB_S16E040@1" * 100) / 600, 0)
✔ Saved: /p/11211992-tki-mangrove-restoration/01_data/0_Workflow/14_Mangrove_potential/400/MPM_S16E040.tif
🗑️ Deleted temporal file: /p/11211992-tki-mangrove-restoration/01_data/0_Workflow/14_Mangrove_potential/400/BIN_S16E040.tif
🗑️ Deleted temporal file: /p/11211992-tki-mangrove-restoration/01_data/0_Workflow/14_Mangrove_potential/400/FIL_S16E040.tif

>>> Processing tile: N20W078
📐 Raster calculator expression:
if("NVA_N20W078@1" = 0, ("PON_N20W078@1" * 100 + "ACC_N20W078@1" * 100 + "HIS_N20W078@1" * 100 + "PRM_N20W078@1" * 100 + max("PRR_N20W078@1", "PRC_N20W078@1") * 100 + "SUB_N20W078@1" * 100) / 600, 0)
✔ Saved: /p/11211992-tki-mangrove-restoration/01_data/0_Workflow/14_Mangrove_potential/400/MPM_N20W078.tif
🗑️ Deleted temporal file: /p/11211992-tki-mangrove-restoration/01_data/0_Workflow/14_Mangrove_potential/400/BIN_N20W078.tif
🗑️ Deleted temporal file: /p/11211992-tki-mangrove-restoration/01_data/0_Workflow/14_Mangrove_potential/400/FIL_N20W078.tif

>>> Processing tile: N10W062
📐 Raster calculator expression:
if("NVA_N10W062@1" = 0, ("PON_N10W062@1" * 100 + "ACC_N10W062@1" * 100 + "HIS_N10W062@1" * 100 + "PRM_N10W062@1" * 100 + max("PRR_N10W062@1", "PRC_N10W062@1") * 100 + "SUB_N10W062@1" * 100) / 600, 0)
✔ Saved: /p/11211992-tki-mangrove-restoration/01_data/0_Workflow/14_Mangrove_potential/400/MPM_N10W062.tif
🗑️ Deleted temporal file: /p/11211992-tki-mangrove-restoration/01_data/0_Workflow/14_Mangrove_potential/400/BIN_N10W062.tif
🗑️ Deleted temporal file: /p/11211992-tki-mangrove-restoration/01_data/0_Workflow/14_Mangrove_potential/400/FIL_N10W062.tif

>>> Processing tile: N16E041
📐 Raster calculator expression:
if("NVA_N16E041@1" = 0, ("PON_N16E041@1" * 100 + "ACC_N16E041@1" * 100 + "HIS_N16E041@1" * 100 + "PRM_N16E041@1" * 100 + max("PRR_N16E041@1", "PRC_N16E041@1") * 100 + "SUB_N16E041@1" * 100) / 600, 0)
✔ Saved: /p/11211992-tki-mangrove-restoration/01_data/0_Workflow/14_Mangrove_potential/400/MPM_N16E041.tif
🗑️ Deleted temporal file: /p/11211992-tki-mangrove-restoration/01_data/0_Workflow/14_Mangrove_potential/400/BIN_N16E041.tif
🗑️ Deleted temporal file: /p/11211992-tki-mangrove-restoration/01_data/0_Workflow/14_Mangrove_potential/400/FIL_N16E041.tif

>>> Processing tile: S23E166
📐 Raster calculator expression:
if("NVA_S23E166@1" = 0, ("PON_S23E166@1" * 100 + "ACC_S23E166@1" * 100 + "HIS_S23E166@1" * 100 + "PRM_S23E166@1" * 100 + max("PRR_S23E166@1", "PRC_S23E166@1") * 100 + "SUB_S23E166@1" * 100) / 600, 0)
✔ Saved: /p/11211992-tki-mangrove-restoration/01_data/0_Workflow/14_Mangrove_potential/400/MPM_S23E166.tif
🗑️ Deleted temporal file: /p/11211992-tki-mangrove-restoration/01_data/0_Workflow/14_Mangrove_potential/400/BIN_S23E166.tif
🗑️ Deleted temporal file: /p/11211992-tki-mangrove-restoration/01_data/0_Workflow/14_Mangrove_potential/400/FIL_S23E166.tif

>>> Processing tile: S21E057
📐 Raster calculator expression:
if("NVA_S21E057@1" = 0, ("PON_S21E057@1" * 100 + "ACC_S21E057@1" * 100 + "HIS_S21E057@1" * 100 + "PRM_S21E057@1" * 100 + max("PRR_S21E057@1", "PRC_S21E057@1") * 100 + "SUB_S21E057@1" * 100) / 600, 0)
✔ Saved: /p/11211992-tki-mangrove-restoration/01_data/0_Workflow/14_Mangrove_potential/400/MPM_S21E057.tif
🗑️ Deleted temporal file: /p/11211992-tki-mangrove-restoration/01_data/0_Workflow/14_Mangrove_potential/400/BIN_S21E057.tif
🗑️ Deleted temporal file: /p/11211992-tki-mangrove-restoration/01_data/0_Workflow/14_Mangrove_potential/400/FIL_S21E057.tif

>>> Processing tile: N22W160
📐 Raster calculator expression:
if("NVA_N22W160@1" = 0, ("PON_N22W160@1" * 100 + "ACC_N22W160@1" * 100 + "HIS_N22W160@1" * 100 + "PRM_N22W160@1" * 100 + max("PRR_N22W160@1", "PRC_N22W160@1") * 100 + "SUB_N22W160@1" * 100) / 600, 0)
✔ Saved: /p/11211992-tki-mangrove-restoration/01_data/0_Workflow/14_Mangrove_potential/400/MPM_N22W160.tif
🗑️ Deleted temporal file: /p/11211992-tki-mangrove-restoration/01_data/0_Workflow/14_Mangrove_potential/400/BIN_N22W160.tif
🗑️ Deleted temporal file: /p/11211992-tki-mangrove-restoration/01_data/0_Workflow/14_Mangrove_potential/400/FIL_N22W160.tif

>>> Processing tile: S19W180
📐 Raster calculator expression:
if("NVA_S19W180@1" = 0, ("PON_S19W180@1" * 100 + "ACC_S19W180@1" * 100 + "HIS_S19W180@1" * 100 + "PRM_S19W180@1" * 100 + max("PRR_S19W180@1", "PRC_S19W180@1") * 100 + "SUB_S19W180@1" * 100) / 600, 0)
✔ Saved: /p/11211992-tki-mangrove-restoration/01_data/0_Workflow/14_Mangrove_potential/400/MPM_S19W180.tif
🗑️ Deleted temporal file: /p/11211992-tki-mangrove-restoration/01_data/0_Workflow/14_Mangrove_potential/400/BIN_S19W180.tif
🗑️ Deleted temporal file: /p/11211992-tki-mangrove-restoration/01_data/0_Workflow/14_Mangrove_potential/400/FIL_S19W180.tif

>>> Processing tile: N11W070
📐 Raster calculator expression:
if("NVA_N11W070@1" = 0, ("PON_N11W070@1" * 100 + "ACC_N11W070@1" * 100 + "HIS_N11W070@1" * 100 + "PRM_N11W070@1" * 100 + max("PRR_N11W070@1", "PRC_N11W070@1") * 100 + "SUB_N11W070@1" * 100) / 600, 0)
✔ Saved: /p/11211992-tki-mangrove-restoration/01_data/0_Workflow/14_Mangrove_potential/400/MPM_N11W070.tif
🗑️ Deleted temporal file: /p/11211992-tki-mangrove-restoration/01_data/0_Workflow/14_Mangrove_potential/400/BIN_N11W070.tif
🗑️ Deleted temporal file: /p/11211992-tki-mangrove-restoration/01_data/0_Workflow/14_Mangrove_potential/400/FIL_N11W070.tif

>>> Processing tile: N10W015
📐 Raster calculator expression:
if("NVA_N10W015@1" = 0, ("PON_N10W015@1" * 100 + "ACC_N10W015@1" * 100 + "HIS_N10W015@1" * 100 + "PRM_N10W015@1" * 100 + max("PRR_N10W015@1", "PRC_N10W015@1") * 100 + "SUB_N10W015@1" * 100) / 600, 0)
✔ Saved: /p/11211992-tki-mangrove-restoration/01_data/0_Workflow/14_Mangrove_potential/400/MPM_N10W015.tif
🗑️ Deleted temporal file: /p/11211992-tki-mangrove-restoration/01_data/0_Workflow/14_Mangrove_potential/400/BIN_N10W015.tif
🗑️ Deleted temporal file: /p/11211992-tki-mangrove-restoration/01_data/0_Workflow/14_Mangrove_potential/400/FIL_N10W015.tif

>>> Processing tile: N18W069
📐 Raster calculator expression:
if("NVA_N18W069@1" = 0, ("PON_N18W069@1" * 100 + "ACC_N18W069@1" * 100 + "HIS_N18W069@1" * 100 + "PRM_N18W069@1" * 100 + max("PRR_N18W069@1", "PRC_N18W069@1") * 100 + "SUB_N18W069@1" * 100) / 600, 0)
✔ Saved: /p/11211992-tki-mangrove-restoration/01_data/0_Workflow/14_Mangrove_potential/400/MPM_N18W069.tif
🗑️ Deleted temporal file: /p/11211992-tki-mangrove-restoration/01_data/0_Workflow/14_Mangrove_potential/400/BIN_N18W069.tif
🗑️ Deleted temporal file: /p/11211992-tki-mangrove-restoration/01_data/0_Workflow/14_Mangrove_potential/400/FIL_N18W069.tif

>>> Processing tile: S23E167
📐 Raster calculator expression:
if("NVA_S23E167@1" = 0, ("PON_S23E167@1" * 100 + "ACC_S23E167@1" * 100 + "HIS_S23E167@1" * 100 + "PRM_S23E167@1" * 100 + max("PRR_S23E167@1", "PRC_S23E167@1") * 100 + "SUB_S23E167@1" * 100) / 600, 0)
✔ Saved: /p/11211992-tki-mangrove-restoration/01_data/0_Workflow/14_Mangrove_potential/400/MPM_S23E167.tif
🗑️ Deleted temporal file: /p/11211992-tki-mangrove-restoration/01_data/0_Workflow/14_Mangrove_potential/400/BIN_S23E167.tif
🗑️ Deleted temporal file: /p/11211992-tki-mangrove-restoration/01_data/0_Workflow/14_Mangrove_potential/400/FIL_S23E167.tif

>>> Processing tile: N16E040
📐 Raster calculator expression:
if("NVA_N16E040@1" = 0, ("PON_N16E040@1" * 100 + "ACC_N16E040@1" * 100 + "HIS_N16E040@1" * 100 + "PRM_N16E040@1" * 100 + max("PRR_N16E040@1", "PRC_N16E040@1") * 100 + "SUB_N16E040@1" * 100) / 600, 0)
✔ Saved: /p/11211992-tki-mangrove-restoration/01_data/0_Workflow/14_Mangrove_potential/400/MPM_N16E040.tif
🗑️ Deleted temporal file: /p/11211992-tki-mangrove-restoration/01_data/0_Workflow/14_Mangrove_potential/400/BIN_N16E040.tif
🗑️ Deleted temporal file: /p/11211992-tki-mangrove-restoration/01_data/0_Workflow/14_Mangrove_potential/400/FIL_N16E040.tif

>>> Processing tile: N20W079
📐 Raster calculator expression:
if("NVA_N20W079@1" = 0, ("PON_N20W079@1" * 100 + "ACC_N20W079@1" * 100 + "HIS_N20W079@1" * 100 + "PRM_N20W079@1" * 100 + max("PRR_N20W079@1", "PRC_N20W079@1") * 100 + "SUB_N20W079@1" * 100) / 600, 0)
✔ Saved: /p/11211992-tki-mangrove-restoration/01_data/0_Workflow/14_Mangrove_potential/400/MPM_N20W079.tif
🗑️ Deleted temporal file: /p/11211992-tki-mangrove-restoration/01_data/0_Workflow/14_Mangrove_potential/400/BIN_N20W079.tif
🗑️ Deleted temporal file: /p/11211992-tki-mangrove-restoration/01_data/0_Workflow/14_Mangrove_potential/400/FIL_N20W079.tif

>>> Processing tile: N10W063
📐 Raster calculator expression:
if("NVA_N10W063@1" = 0, ("PON_N10W063@1" * 100 + "ACC_N10W063@1" * 100 + "HIS_N10W063@1" * 100 + "PRM_N10W063@1" * 100 + max("PRR_N10W063@1", "PRC_N10W063@1") * 100 + "SUB_N10W063@1" * 100) / 600, 0)
✔ Saved: /p/11211992-tki-mangrove-restoration/01_data/0_Workflow/14_Mangrove_potential/400/MPM_N10W063.tif
🗑️ Deleted temporal file: /p/11211992-tki-mangrove-restoration/01_data/0_Workflow/14_Mangrove_potential/400/BIN_N10W063.tif
🗑️ Deleted temporal file: /p/11211992-tki-mangrove-restoration/01_data/0_Workflow/14_Mangrove_potential/400/FIL_N10W063.tif

>>> Processing tile: N12E093
📐 Raster calculator expression:
if("NVA_N12E093@1" = 0, ("PON_N12E093@1" * 100 + "ACC_N12E093@1" * 100 + "HIS_N12E093@1" * 100 + "PRM_N12E093@1" * 100 + max("PRR_N12E093@1", "PRC_N12E093@1") * 100 + "SUB_N12E093@1" * 100) / 600, 0)
✔ Saved: /p/11211992-tki-mangrove-restoration/01_data/0_Workflow/14_Mangrove_potential/400/MPM_N12E093.tif
🗑️ Deleted temporal file: /p/11211992-tki-mangrove-restoration/01_data/0_Workflow/14_Mangrove_potential/400/BIN_N12E093.tif
🗑️ Deleted temporal file: /p/11211992-tki-mangrove-restoration/01_data/0_Workflow/14_Mangrove_potential/400/FIL_N12E093.tif

>>> Processing tile: N21W080
📐 Raster calculator expression:
if("NVA_N21W080@1" = 0, ("PON_N21W080@1" * 100 + "ACC_N21W080@1" * 100 + "HIS_N21W080@1" * 100 + "PRM_N21W080@1" * 100 + max("PRR_N21W080@1", "PRC_N21W080@1") * 100 + "SUB_N21W080@1" * 100) / 600, 0)
✔ Saved: /p/11211992-tki-mangrove-restoration/01_data/0_Workflow/14_Mangrove_potential/400/MPM_N21W080.tif
🗑️ Deleted temporal file: /p/11211992-tki-mangrove-restoration/01_data/0_Workflow/14_Mangrove_potential/400/BIN_N21W080.tif
🗑️ Deleted temporal file: /p/11211992-tki-mangrove-restoration/01_data/0_Workflow/14_Mangrove_potential/400/FIL_N21W080.tif

>>> Processing tile: S13E044
📐 Raster calculator expression:
if("NVA_S13E044@1" = 0, ("PON_S13E044@1" * 100 + "ACC_S13E044@1" * 100 + "HIS_S13E044@1" * 100 + "PRM_S13E044@1" * 100 + max("PRR_S13E044@1", "PRC_S13E044@1") * 100 + "SUB_S13E044@1" * 100) / 600, 0)
✔ Saved: /p/11211992-tki-mangrove-restoration/01_data/0_Workflow/14_Mangrove_potential/400/MPM_S13E044.tif
🗑️ Deleted temporal file: /p/11211992-tki-mangrove-restoration/01_data/0_Workflow/14_Mangrove_potential/400/BIN_S13E044.tif
🗑️ Deleted temporal file: /p/11211992-tki-mangrove-restoration/01_data/0_Workflow/14_Mangrove_potential/400/FIL_S13E044.tif

>>> Processing tile: N10W064
📐 Raster calculator expression:
if("NVA_N10W064@1" = 0, ("PON_N10W064@1" * 100 + "ACC_N10W064@1" * 100 + "HIS_N10W064@1" * 100 + "PRM_N10W064@1" * 100 + max("PRR_N10W064@1", "PRC_N10W064@1") * 100 + "SUB_N10W064@1" * 100) / 600, 0)
✔ Saved: /p/11211992-tki-mangrove-restoration/01_data/0_Workflow/14_Mangrove_potential/400/MPM_N10W064.tif
🗑️ Deleted temporal file: /p/11211992-tki-mangrove-restoration/01_data/0_Workflow/14_Mangrove_potential/400/BIN_N10W064.tif
🗑️ Deleted temporal file: /p/11211992-tki-mangrove-restoration/01_data/0_Workflow/14_Mangrove_potential/400/FIL_N10W064.tif

>>> Processing tile: S19E121
📐 Raster calculator expression:
if("NVA_S19E121@1" = 0, ("PON_S19E121@1" * 100 + "ACC_S19E121@1" * 100 + "HIS_S19E121@1" * 100 + "PRM_S19E121@1" * 100 + max("PRR_S19E121@1", "PRC_S19E121@1") * 100 + "SUB_S19E121@1" * 100) / 600, 0)
✔ Saved: /p/11211992-tki-mangrove-restoration/01_data/0_Workflow/14_Mangrove_potential/400/MPM_S19E121.tif
🗑️ Deleted temporal file: /p/11211992-tki-mangrove-restoration/01_data/0_Workflow/14_Mangrove_potential/400/BIN_S19E121.tif
🗑️ Deleted temporal file: /p/11211992-tki-mangrove-restoration/01_data/0_Workflow/14_Mangrove_potential/400/FIL_S19E121.tif

>>> Processing tile: S16E046
📐 Raster calculator expression:
if("NVA_S16E046@1" = 0, ("PON_S16E046@1" * 100 + "ACC_S16E046@1" * 100 + "HIS_S16E046@1" * 100 + "PRM_S16E046@1" * 100 + max("PRR_S16E046@1", "PRC_S16E046@1") * 100 + "SUB_S16E046@1" * 100) / 600, 0)
✔ Saved: /p/11211992-tki-mangrove-restoration/01_data/0_Workflow/14_Mangrove_potential/400/MPM_S16E046.tif
🗑️ Deleted temporal file: /p/11211992-tki-mangrove-restoration/01_data/0_Workflow/14_Mangrove_potential/400/BIN_S16E046.tif
🗑️ Deleted temporal file: /p/11211992-tki-mangrove-restoration/01_data/0_Workflow/14_Mangrove_potential/400/FIL_S16E046.tif

>>> Processing tile: N28E129
📐 Raster calculator expression:
if("NVA_N28E129@1" = 0, ("PON_N28E129@1" * 100 + "ACC_N28E129@1" * 100 + "HIS_N28E129@1" * 100 + "PRM_N28E129@1" * 100 + max("PRR_N28E129@1", "PRC_N28E129@1") * 100 + "SUB_N28E129@1" * 100) / 600, 0)
✔ Saved: /p/11211992-tki-mangrove-restoration/01_data/0_Workflow/14_Mangrove_potential/400/MPM_N28E129.tif
🗑️ Deleted temporal file: /p/11211992-tki-mangrove-restoration/01_data/0_Workflow/14_Mangrove_potential/400/BIN_N28E129.tif
🗑️ Deleted temporal file: /p/11211992-tki-mangrove-restoration/01_data/0_Workflow/14_Mangrove_potential/400/FIL_N28E129.tif

>>> Processing tile: S18W150
📐 Raster calculator expression:
if("NVA_S18W150@1" = 0, ("PON_S18W150@1" * 100 + "ACC_S18W150@1" * 100 + "HIS_S18W150@1" * 100 + "PRM_S18W150@1" * 100 + max("PRR_S18W150@1", "PRC_S18W150@1") * 100 + "SUB_S18W150@1" * 100) / 600, 0)
✔ Saved: /p/11211992-tki-mangrove-restoration/01_data/0_Workflow/14_Mangrove_potential/400/MPM_S18W150.tif
🗑️ Deleted temporal file: /p/11211992-tki-mangrove-restoration/01_data/0_Workflow/14_Mangrove_potential/400/BIN_S18W150.tif
🗑️ Deleted temporal file: /p/11211992-tki-mangrove-restoration/01_data/0_Workflow/14_Mangrove_potential/400/FIL_S18W150.tif

>>> Processing tile: N21W081
📐 Raster calculator expression:
if("NVA_N21W081@1" = 0, ("PON_N21W081@1" * 100 + "ACC_N21W081@1" * 100 + "HIS_N21W081@1" * 100 + "PRM_N21W081@1" * 100 + max("PRR_N21W081@1", "PRC_N21W081@1") * 100 + "SUB_N21W081@1" * 100) / 600, 0)
✔ Saved: /p/11211992-tki-mangrove-restoration/01_data/0_Workflow/14_Mangrove_potential/400/MPM_N21W081.tif
🗑️ Deleted temporal file: /p/11211992-tki-mangrove-restoration/01_data/0_Workflow/14_Mangrove_potential/400/BIN_N21W081.tif
🗑️ Deleted temporal file: /p/11211992-tki-mangrove-restoration/01_data/0_Workflow/14_Mangrove_potential/400/FIL_N21W081.tif

>>> Processing tile: N12E092
📐 Raster calculator expression:
if("NVA_N12E092@1" = 0, ("PON_N12E092@1" * 100 + "ACC_N12E092@1" * 100 + "HIS_N12E092@1" * 100 + "PRM_N12E092@1" * 100 + max("PRR_N12E092@1", "PRC_N12E092@1") * 100 + "SUB_N12E092@1" * 100) / 600, 0)
✔ Saved: /p/11211992-tki-mangrove-restoration/01_data/0_Workflow/14_Mangrove_potential/400/MPM_N12E092.tif
🗑️ Deleted temporal file: /p/11211992-tki-mangrove-restoration/01_data/0_Workflow/14_Mangrove_potential/400/BIN_N12E092.tif
🗑️ Deleted temporal file: /p/11211992-tki-mangrove-restoration/01_data/0_Workflow/14_Mangrove_potential/400/FIL_N12E092.tif

>>> Processing tile: S19E036
📐 Raster calculator expression:
if("NVA_S19E036@1" = 0, ("PON_S19E036@1" * 100 + "ACC_S19E036@1" * 100 + "HIS_S19E036@1" * 100 + "PRM_S19E036@1" * 100 + max("PRR_S19E036@1", "PRC_S19E036@1") * 100 + "SUB_S19E036@1" * 100) / 600, 0)
✔ Saved: /p/11211992-tki-mangrove-restoration/01_data/0_Workflow/14_Mangrove_potential/400/MPM_S19E036.tif
🗑️ Deleted temporal file: /p/11211992-tki-mangrove-restoration/01_data/0_Workflow/14_Mangrove_potential/400/BIN_S19E036.tif
🗑️ Deleted temporal file: /p/11211992-tki-mangrove-restoration/01_data/0_Workflow/14_Mangrove_potential/400/FIL_S19E036.tif

>>> Processing tile: N10W065
📐 Raster calculator expression:
if("NVA_N10W065@1" = 0, ("PON_N10W065@1" * 100 + "ACC_N10W065@1" * 100 + "HIS_N10W065@1" * 100 + "PRM_N10W065@1" * 100 + max("PRR_N10W065@1", "PRC_N10W065@1") * 100 + "SUB_N10W065@1" * 100) / 600, 0)
✔ Saved: /p/11211992-tki-mangrove-restoration/01_data/0_Workflow/14_Mangrove_potential/400/MPM_N10W065.tif
🗑️ Deleted temporal file: /p/11211992-tki-mangrove-restoration/01_data/0_Workflow/14_Mangrove_potential/400/BIN_N10W065.tif
🗑️ Deleted temporal file: /p/11211992-tki-mangrove-restoration/01_data/0_Workflow/14_Mangrove_potential/400/FIL_N10W065.tif

>>> Processing tile: S16E047
📐 Raster calculator expression:
if("NVA_S16E047@1" = 0, ("PON_S16E047@1" * 100 + "ACC_S16E047@1" * 100 + "HIS_S16E047@1" * 100 + "PRM_S16E047@1" * 100 + max("PRR_S16E047@1", "PRC_S16E047@1") * 100 + "SUB_S16E047@1" * 100) / 600, 0)
✔ Saved: /p/11211992-tki-mangrove-restoration/01_data/0_Workflow/14_Mangrove_potential/400/MPM_S16E047.tif
🗑️ Deleted temporal file: /p/11211992-tki-mangrove-restoration/01_data/0_Workflow/14_Mangrove_potential/400/BIN_S16E047.tif
🗑️ Deleted temporal file: /p/11211992-tki-mangrove-restoration/01_data/0_Workflow/14_Mangrove_potential/400/FIL_S16E047.tif

>>> Processing tile: N04E073
📐 Raster calculator expression:
if("NVA_N04E073@1" = 0, ("PON_N04E073@1" * 100 + "ACC_N04E073@1" * 100 + "HIS_N04E073@1" * 100 + "PRM_N04E073@1" * 100 + max("PRR_N04E073@1", "PRC_N04E073@1") * 100 + "SUB_N04E073@1" * 100) / 600, 0)
✔ Saved: /p/11211992-tki-mangrove-restoration/01_data/0_Workflow/14_Mangrove_potential/400/MPM_N04E073.tif
🗑️ Deleted temporal file: /p/11211992-tki-mangrove-restoration/01_data/0_Workflow/14_Mangrove_potential/400/BIN_N04E073.tif
🗑️ Deleted temporal file: /p/11211992-tki-mangrove-restoration/01_data/0_Workflow/14_Mangrove_potential/400/FIL_N04E073.tif

>>> Processing tile: S07E150
📐 Raster calculator expression:
if("NVA_S07E150@1" = 0, ("PON_S07E150@1" * 100 + "ACC_S07E150@1" * 100 + "HIS_S07E150@1" * 100 + "PRM_S07E150@1" * 100 + max("PRR_S07E150@1", "PRC_S07E150@1") * 100 + "SUB_S07E150@1" * 100) / 600, 0)
✔ Saved: /p/11211992-tki-mangrove-restoration/01_data/0_Workflow/14_Mangrove_potential/400/MPM_S07E150.tif
🗑️ Deleted temporal file: /p/11211992-tki-mangrove-restoration/01_data/0_Workflow/14_Mangrove_potential/400/BIN_S07E150.tif
🗑️ Deleted temporal file: /p/11211992-tki-mangrove-restoration/01_data/0_Workflow/14_Mangrove_potential/400/FIL_S07E150.tif

>>> Processing tile: N05W003
📐 Raster calculator expression:
if("NVA_N05W003@1" = 0, ("PON_N05W003@1" * 100 + "ACC_N05W003@1" * 100 + "HIS_N05W003@1" * 100 + "PRM_N05W003@1" * 100 + max("PRR_N05W003@1", "PRC_N05W003@1") * 100 + "SUB_N05W003@1" * 100) / 600, 0)
✔ Saved: /p/11211992-tki-mangrove-restoration/01_data/0_Workflow/14_Mangrove_potential/400/MPM_N05W003.tif
🗑️ Deleted temporal file: /p/11211992-tki-mangrove-restoration/01_data/0_Workflow/14_Mangrove_potential/400/BIN_N05W003.tif
🗑️ Deleted temporal file: /p/11211992-tki-mangrove-restoration/01_data/0_Workflow/14_Mangrove_potential/400/FIL_N05W003.tif

>>> Processing tile: N30E130
📐 Raster calculator expression:
if("NVA_N30E130@1" = 0, ("PON_N30E130@1" * 100 + "ACC_N30E130@1" * 100 + "HIS_N30E130@1" * 100 + "PRM_N30E130@1" * 100 + max("PRR_N30E130@1", "PRC_N30E130@1") * 100 + "SUB_N30E130@1" * 100) / 600, 0)
✔ Saved: /p/11211992-tki-mangrove-restoration/01_data/0_Workflow/14_Mangrove_potential/400/MPM_N30E130.tif
🗑️ Deleted temporal file: /p/11211992-tki-mangrove-restoration/01_data/0_Workflow/14_Mangrove_potential/400/BIN_N30E130.tif
🗑️ Deleted temporal file: /p/11211992-tki-mangrove-restoration/01_data/0_Workflow/14_Mangrove_potential/400/FIL_N30E130.tif

>>> Processing tile: S03E009
📐 Raster calculator expression:
if("NVA_S03E009@1" = 0, ("PON_S03E009@1" * 100 + "ACC_S03E009@1" * 100 + "HIS_S03E009@1" * 100 + "PRM_S03E009@1" * 100 + max("PRR_S03E009@1", "PRC_S03E009@1") * 100 + "SUB_S03E009@1" * 100) / 600, 0)
✔ Saved: /p/11211992-tki-mangrove-restoration/01_data/0_Workflow/14_Mangrove_potential/400/MPM_S03E009.tif
🗑️ Deleted temporal file: /p/11211992-tki-mangrove-restoration/01_data/0_Workflow/14_Mangrove_potential/400/BIN_S03E009.tif
🗑️ Deleted temporal file: /p/11211992-tki-mangrove-restoration/01_data/0_Workflow/14_Mangrove_potential/400/FIL_S03E009.tif

>>> Processing tile: N06E134
📐 Raster calculator expression:
if("NVA_N06E134@1" = 0, ("PON_N06E134@1" * 100 + "ACC_N06E134@1" * 100 + "HIS_N06E134@1" * 100 + "PRM_N06E134@1" * 100 + max("PRR_N06E134@1", "PRC_N06E134@1") * 100 + "SUB_N06E134@1" * 100) / 600, 0)
✔ Saved: /p/11211992-tki-mangrove-restoration/01_data/0_Workflow/14_Mangrove_potential/400/MPM_N06E134.tif
🗑️ Deleted temporal file: /p/11211992-tki-mangrove-restoration/01_data/0_Workflow/14_Mangrove_potential/400/BIN_N06E134.tif
🗑️ Deleted temporal file: /p/11211992-tki-mangrove-restoration/01_data/0_Workflow/14_Mangrove_potential/400/FIL_N06E134.tif

>>> Processing tile: N04E005
📐 Raster calculator expression:
if("NVA_N04E005@1" = 0, ("PON_N04E005@1" * 100 + "ACC_N04E005@1" * 100 + "HIS_N04E005@1" * 100 + "PRM_N04E005@1" * 100 + max("PRR_N04E005@1", "PRC_N04E005@1") * 100 + "SUB_N04E005@1" * 100) / 600, 0)
✔ Saved: /p/11211992-tki-mangrove-restoration/01_data/0_Workflow/14_Mangrove_potential/400/MPM_N04E005.tif
🗑️ Deleted temporal file: /p/11211992-tki-mangrove-restoration/01_data/0_Workflow/14_Mangrove_potential/400/BIN_N04E005.tif
🗑️ Deleted temporal file: /p/11211992-tki-mangrove-restoration/01_data/0_Workflow/14_Mangrove_potential/400/FIL_N04E005.tif

>>> Processing tile: N30E131
📐 Raster calculator expression:
if("NVA_N30E131@1" = 0, ("PON_N30E131@1" * 100 + "ACC_N30E131@1" * 100 + "HIS_N30E131@1" * 100 + "PRM_N30E131@1" * 100 + max("PRR_N30E131@1", "PRC_N30E131@1") * 100 + "SUB_N30E131@1" * 100) / 600, 0)
✔ Saved: /p/11211992-tki-mangrove-restoration/01_data/0_Workflow/14_Mangrove_potential/400/MPM_N30E131.tif
🗑️ Deleted temporal file: /p/11211992-tki-mangrove-restoration/01_data/0_Workflow/14_Mangrove_potential/400/BIN_N30E131.tif
🗑️ Deleted temporal file: /p/11211992-tki-mangrove-restoration/01_data/0_Workflow/14_Mangrove_potential/400/FIL_N30E131.tif

>>> Processing tile: S09E145
📐 Raster calculator expression:
if("NVA_S09E145@1" = 0, ("PON_S09E145@1" * 100 + "ACC_S09E145@1" * 100 + "HIS_S09E145@1" * 100 + "PRM_S09E145@1" * 100 + max("PRR_S09E145@1", "PRC_S09E145@1") * 100 + "SUB_S09E145@1" * 100) / 600, 0)
✔ Saved: /p/11211992-tki-mangrove-restoration/01_data/0_Workflow/14_Mangrove_potential/400/MPM_S09E145.tif
🗑️ Deleted temporal file: /p/11211992-tki-mangrove-restoration/01_data/0_Workflow/14_Mangrove_potential/400/BIN_S09E145.tif
🗑️ Deleted temporal file: /p/11211992-tki-mangrove-restoration/01_data/0_Workflow/14_Mangrove_potential/400/FIL_S09E145.tif
Processing finished. Log saved to /p/11211992-tki-mangrove-restoration/01_data/0_Workflow/14_Mangrove_potential/400/MPM.csv
🗑️ Deleted .xml file: /p/11211992-tki-mangrove-restoration/01_data/0_Workflow/14_Mangrove_potential/400/FIL_S29E031.tif.aux.xml
🗑️ Deleted .xml file: /p/11211992-tki-mangrove-restoration/01_data/0_Workflow/14_Mangrove_potential/400/FIL_N21W079.tif.aux.xml
🗑️ Deleted .xml file: /p/11211992-tki-mangrove-restoration/01_data/0_Workflow/14_Mangrove_potential/400/FIL_N26W083.tif.aux.xml
🗑️ Deleted .xml file: /p/11211992-tki-mangrove-restoration/01_data/0_Workflow/14_Mangrove_potential/400/FIL_N21W076.tif.aux.xml
🗑️ Deleted .xml file: /p/11211992-tki-mangrove-restoration/01_data/0_Workflow/14_Mangrove_potential/400/FIL_S34E027.tif.aux.xml
🗑️ Deleted .xml file: /p/11211992-tki-mangrove-restoration/01_data/0_Workflow/14_Mangrove_potential/400/FIL_S15E134.tif.aux.xml
🗑️ Deleted .xml file: /p/11211992-tki-mangrove-restoration/01_data/0_Workflow/14_Mangrove_potential/400/FIL_N16W017.tif.aux.xml
🗑️ Deleted .xml file: /p/11211992-tki-mangrove-restoration/01_data/0_Workflow/14_Mangrove_potential/400/FIL_S14E136.tif.aux.xml
🗑️ Deleted .xml file: /p/11211992-tki-mangrove-restoration/01_data/0_Workflow/14_Mangrove_potential/400/FIL_N05W053.tif.aux.xml
🗑️ Deleted .xml file: /p/11211992-tki-mangrove-restoration/01_data/0_Workflow/14_Mangrove_potential/400/FIL_S09E142.tif.aux.xml
🗑️ Deleted .xml file: /p/11211992-tki-mangrove-restoration/01_data/0_Workflow/14_Mangrove_potential/400/FIL_N09W078.tif.aux.xml
🗑️ Deleted .xml file: /p/11211992-tki-mangrove-restoration/01_data/0_Workflow/14_Mangrove_potential/400/FIL_N02E009.tif.aux.xml
🗑️ Deleted .xml file: /p/11211992-tki-mangrove-restoration/01_data/0_Workflow/14_Mangrove_potential/400/FIL_S17W180.tif.aux.xml
🗑️ Deleted .xml file: /p/11211992-tki-mangrove-restoration/01_data/0_Workflow/14_Mangrove_potential/400/FIL_S06E053.tif.aux.xml
🗑️ Deleted .xml file: /p/11211992-tki-mangrove-restoration/01_data/0_Workflow/14_Mangrove_potential/400/FIL_N00W092.tif.aux.xml
🗑️ Deleted .xml file: /p/11211992-tki-mangrove-restoration/01_data/0_Workflow/14_Mangrove_potential/400/FIL_S02E009.tif.aux.xml
🗑️ Deleted .xml file: /p/11211992-tki-mangrove-restoration/01_data/0_Workflow/14_Mangrove_potential/400/FIL_N10W014.tif.aux.xml
🗑️ Deleted .xml file: /p/11211992-tki-mangrove-restoration/01_data/0_Workflow/14_Mangrove_potential/400/FIL_S23E167.tif.aux.xml
🗑️ Deleted .xml file: /p/11211992-tki-mangrove-restoration/01_data/0_Workflow/14_Mangrove_potential/400/FIL_S06E150.tif.aux.xml
🗑️ Deleted .xml file: /p/11211992-tki-mangrove-restoration/01_data/0_Workflow/14_Mangrove_potential/400/FIL_N28W083.tif.aux.xml
🗑️ Deleted .xml file: /p/11211992-tki-mangrove-restoration/01_data/0_Workflow/14_Mangrove_potential/400/FIL_N10W076.tif.aux.xml
🗑️ Deleted .xml file: /p/11211992-tki-mangrove-restoration/01_data/0_Workflow/14_Mangrove_potential/400/FIL_N04E005.tif.aux.xml
🗑️ Deleted .xml file: /p/11211992-tki-mangrove-restoration/01_data/0_Workflow/14_Mangrove_potential/400/FIL_N13W060.tif.aux.xml
🗑️ Deleted .xml file: /p/11211992-tki-mangrove-restoration/01_data/0_Workflow/14_Mangrove_potential/400/FIL_N19W077.tif.aux.xml
🗑️ Deleted .xml file: /p/11211992-tki-mangrove-restoration/01_data/0_Workflow/14_Mangrove_potential/400/FIL_N20W080.tif.aux.xml
🗑️ Deleted .xml file: /p/11211992-tki-mangrove-restoration/01_data/0_Workflow/14_Mangrove_potential/400/FIL_S19W180.tif.aux.xml
🗑️ Deleted .xml file: /p/11211992-tki-mangrove-restoration/01_data/0_Workflow/14_Mangrove_potential/400/FIL_N18W075.tif.aux.xml
🗑️ Deleted .xml file: /p/11211992-tki-mangrove-restoration/01_data/0_Workflow/14_Mangrove_potential/400/FIL_S14W172.tif.aux.xml
🗑️ Deleted .xml file: /p/11211992-tki-mangrove-restoration/01_data/0_Workflow/14_Mangrove_potential/400/FIL_S31E153.tif.aux.xml
🗑️ Deleted .xml file: /p/11211992-tki-mangrove-restoration/01_data/0_Workflow/14_Mangrove_potential/400/FIL_N04W053.tif.aux.xml
🗑️ Deleted .xml file: /p/11211992-tki-mangrove-restoration/01_data/0_Workflow/14_Mangrove_potential/400/FIL_S34E136.tif.aux.xml
🗑️ Deleted .xml file: /p/11211992-tki-mangrove-restoration/01_data/0_Workflow/14_Mangrove_potential/400/FIL_N20W076.tif.aux.xml
🗑️ Deleted .xml file: /p/11211992-tki-mangrove-restoration/01_data/0_Workflow/14_Mangrove_potential/400/FIL_N20W079.tif.aux.xml
🗑️ Deleted .xml file: /p/11211992-tki-mangrove-restoration/01_data/0_Workflow/14_Mangrove_potential/400/FIL_S09E150.tif.aux.xml
🗑️ Deleted .xml file: /p/11211992-tki-mangrove-restoration/01_data/0_Workflow/14_Mangrove_potential/400/FIL_N12E092.tif.aux.xml
🗑️ Deleted .xml file: /p/11211992-tki-mangrove-restoration/01_data/0_Workflow/14_Mangrove_potential/400/FIL_S36E150.tif.aux.xml
🗑️ Deleted .xml file: /p/11211992-tki-mangrove-restoration/01_data/0_Workflow/14_Mangrove_potential/400/FIL_S19W179.tif.aux.xml
🗑️ Deleted .xml file: /p/11211992-tki-mangrove-restoration/01_data/0_Workflow/14_Mangrove_potential/400/FIL_N30E131.tif.aux.xml
🗑️ Deleted .xml file: /p/11211992-tki-mangrove-restoration/01_data/0_Workflow/14_Mangrove_potential/400/FIL_N11E050.tif.aux.xml
🗑️ Deleted .xml file: /p/11211992-tki-mangrove-restoration/01_data/0_Workflow/14_Mangrove_potential/400/FIL_N18E041.tif.aux.xml
🗑️ Deleted .xml file: /p/11211992-tki-mangrove-restoration/01_data/0_Workflow/14_Mangrove_potential/400/FIL_N21W080.tif.aux.xml
🗑️ Deleted .xml file: /p/11211992-tki-mangrove-restoration/01_data/0_Workflow/14_Mangrove_potential/400/FIL_S20E163.tif.aux.xml
🗑️ Deleted .xml file: /p/11211992-tki-mangrove-restoration/01_data/0_Workflow/14_Mangrove_potential/400/FIL_N10W064.tif.aux.xml
🗑️ Deleted .xml file: /p/11211992-tki-mangrove-restoration/01_data/0_Workflow/14_Mangrove_potential/400/FIL_S13E044.tif.aux.xml
🗑️ Deleted .xml file: /p/11211992-tki-mangrove-restoration/01_data/0_Workflow/14_Mangrove_potential/400/FIL_N05W003.tif.aux.xml
🗑️ Deleted .xml file: /p/11211992-tki-mangrove-restoration/01_data/0_Workflow/14_Mangrove_potential/400/FIL_N06E003.tif.aux.xml
🗑️ Deleted .xml file: /p/11211992-tki-mangrove-restoration/01_data/0_Workflow/14_Mangrove_potential/400/FIL_S24E035.tif.aux.xml
🗑️ Deleted .xml file: /p/11211992-tki-mangrove-restoration/01_data/0_Workflow/14_Mangrove_potential/400/FIL_N23W084.tif.aux.xml
🗑️ Deleted .xml file: /p/11211992-tki-mangrove-restoration/01_data/0_Workflow/14_Mangrove_potential/400/FIL_S07E150.tif.aux.xml
🗑️ Deleted .xml file: /p/11211992-tki-mangrove-restoration/01_data/0_Workflow/14_Mangrove_potential/400/FIL_N24E067.tif.aux.xml
🗑️ Deleted .xml file: /p/11211992-tki-mangrove-restoration/01_data/0_Workflow/14_Mangrove_potential/400/FIL_N18W067.tif.aux.xml
🗑️ Deleted .xml file: /p/11211992-tki-mangrove-restoration/01_data/0_Workflow/14_Mangrove_potential/400/FIL_N16E041.tif.aux.xml
🗑️ Deleted .xml file: /p/11211992-tki-mangrove-restoration/01_data/0_Workflow/14_Mangrove_potential/400/FIL_N08W083.tif.aux.xml
🗑️ Deleted .xml file: /p/11211992-tki-mangrove-restoration/01_data/0_Workflow/14_Mangrove_potential/400/FIL_S03E009.tif.aux.xml
🗑️ Deleted .xml file: /p/11211992-tki-mangrove-restoration/01_data/0_Workflow/14_Mangrove_potential/400/FIL_N05E162.tif.aux.xml
🗑️ Deleted .xml file: /p/11211992-tki-mangrove-restoration/01_data/0_Workflow/14_Mangrove_potential/400/FIL_N11W070.tif.aux.xml
🗑️ Deleted .xml file: /p/11211992-tki-mangrove-restoration/01_data/0_Workflow/14_Mangrove_potential/400/FIL_N23W082.tif.aux.xml
🗑️ Deleted .xml file: /p/11211992-tki-mangrove-restoration/01_data/0_Workflow/14_Mangrove_potential/400/FIL_S07E156.tif.aux.xml
🗑️ Deleted .xml file: /p/11211992-tki-mangrove-restoration/01_data/0_Workflow/14_Mangrove_potential/400/FIL_S07E038.tif.aux.xml
🗑️ Deleted .xml file: /p/11211992-tki-mangrove-restoration/01_data/0_Workflow/14_Mangrove_potential/400/FIL_N10W062.tif.aux.xml
🗑️ Deleted .xml file: /p/11211992-tki-mangrove-restoration/01_data/0_Workflow/14_Mangrove_potential/400/FIL_S39E144.tif.aux.xml
🗑️ Deleted .xml file: /p/11211992-tki-mangrove-restoration/01_data/0_Workflow/14_Mangrove_potential/400/FIL_N13W016.tif.aux.xml
🗑️ Deleted .xml file: /p/11211992-tki-mangrove-restoration/01_data/0_Workflow/14_Mangrove_potential/400/FIL_N04E073.tif.aux.xml
🗑️ Deleted .xml file: /p/11211992-tki-mangrove-restoration/01_data/0_Workflow/14_Mangrove_potential/400/FIL_S21E044.tif.aux.xml
🗑️ Deleted .xml file: /p/11211992-tki-mangrove-restoration/01_data/0_Workflow/14_Mangrove_potential/400/FIL_S09E159.tif.aux.xml
🗑️ Deleted .xml file: /p/11211992-tki-mangrove-restoration/01_data/0_Workflow/14_Mangrove_potential/400/FIL_S09E156.tif.aux.xml
🗑️ Deleted .xml file: /p/11211992-tki-mangrove-restoration/01_data/0_Workflow/14_Mangrove_potential/400/FIL_S21E148.tif.aux.xml
🗑️ Deleted .xml file: /p/11211992-tki-mangrove-restoration/01_data/0_Workflow/14_Mangrove_potential/400/FIL_N08W061.tif.aux.xml
🗑️ Deleted .xml file: /p/11211992-tki-mangrove-restoration/01_data/0_Workflow/14_Mangrove_potential/400/FIL_S17E038.tif.aux.xml
🗑️ Deleted .xml file: /p/11211992-tki-mangrove-restoration/01_data/0_Workflow/14_Mangrove_potential/400/FIL_N10W086.tif.aux.xml
🗑️ Deleted .xml file: /p/11211992-tki-mangrove-restoration/01_data/0_Workflow/14_Mangrove_potential/400/FIL_N26W098.tif.aux.xml
🗑️ Deleted .xml file: /p/11211992-tki-mangrove-restoration/01_data/0_Workflow/14_Mangrove_potential/400/FIL_S38E176.tif.aux.xml
🗑️ Deleted .xml file: /p/11211992-tki-mangrove-restoration/01_data/0_Workflow/14_Mangrove_potential/400/FIL_S16E047.tif.aux.xml
🗑️ Deleted .xml file: /p/11211992-tki-mangrove-restoration/01_data/0_Workflow/14_Mangrove_potential/400/FIL_S16E129.tif.aux.xml
🗑️ Deleted .xml file: /p/11211992-tki-mangrove-restoration/01_data/0_Workflow/14_Mangrove_potential/400/FIL_N26E055.tif.aux.xml
🗑️ Deleted .xml file: /p/11211992-tki-mangrove-restoration/01_data/0_Workflow/14_Mangrove_potential/400/FIL_N23E052.tif.aux.xml
🗑️ Deleted .xml file: /p/11211992-tki-mangrove-restoration/01_data/0_Workflow/14_Mangrove_potential/400/FIL_N05E073.tif.aux.xml
🗑️ Deleted .xml file: /p/11211992-tki-mangrove-restoration/01_data/0_Workflow/14_Mangrove_potential/400/FIL_N18W073.tif.aux.xml
🗑️ Deleted .xml file: /p/11211992-tki-mangrove-restoration/01_data/0_Workflow/14_Mangrove_potential/400/FIL_N06W011.tif.aux.xml
🗑️ Deleted .xml file: /p/11211992-tki-mangrove-restoration/01_data/0_Workflow/14_Mangrove_potential/400/FIL_S01E009.tif.aux.xml
🗑️ Deleted .xml file: /p/11211992-tki-mangrove-restoration/01_data/0_Workflow/14_Mangrove_potential/400/FIL_N11W062.tif.aux.xml
🗑️ Deleted .xml file: /p/11211992-tki-mangrove-restoration/01_data/0_Workflow/14_Mangrove_potential/400/FIL_S04E152.tif.aux.xml
🗑️ Deleted .xml file: /p/11211992-tki-mangrove-restoration/01_data/0_Workflow/14_Mangrove_potential/400/FIL_S18W150.tif.aux.xml
🗑️ Deleted .xml file: /p/11211992-tki-mangrove-restoration/01_data/0_Workflow/14_Mangrove_potential/400/FIL_N08E134.tif.aux.xml
🗑️ Deleted .xml file: /p/11211992-tki-mangrove-restoration/01_data/0_Workflow/14_Mangrove_potential/400/FIL_N28E129.tif.aux.xml
🗑️ Deleted .xml file: /p/11211992-tki-mangrove-restoration/01_data/0_Workflow/14_Mangrove_potential/400/FIL_S11E147.tif.aux.xml
🗑️ Deleted .xml file: /p/11211992-tki-mangrove-restoration/01_data/0_Workflow/14_Mangrove_potential/400/FIL_S11E148.tif.aux.xml
🗑️ Deleted .xml file: /p/11211992-tki-mangrove-restoration/01_data/0_Workflow/14_Mangrove_potential/400/FIL_S24E043.tif.aux.xml
🗑️ Deleted .xml file: /p/11211992-tki-mangrove-restoration/01_data/0_Workflow/14_Mangrove_potential/400/FIL_S06E038.tif.aux.xml
🗑️ Deleted .xml file: /p/11211992-tki-mangrove-restoration/01_data/0_Workflow/14_Mangrove_potential/400/FIL_N25E061.tif.aux.xml
🗑️ Deleted .xml file: /p/11211992-tki-mangrove-restoration/01_data/0_Workflow/14_Mangrove_potential/400/FIL_S18E176.tif.aux.xml
🗑️ Deleted .xml file: /p/11211992-tki-mangrove-restoration/01_data/0_Workflow/14_Mangrove_potential/400/FIL_S21E034.tif.aux.xml
🗑️ Deleted .xml file: /p/11211992-tki-mangrove-restoration/01_data/0_Workflow/14_Mangrove_potential/400/FIL_S18E179.tif.aux.xml
🗑️ Deleted .xml file: /p/11211992-tki-mangrove-restoration/01_data/0_Workflow/14_Mangrove_potential/400/FIL_S14E130.tif.aux.xml
🗑️ Deleted .xml file: /p/11211992-tki-mangrove-restoration/01_data/0_Workflow/14_Mangrove_potential/400/FIL_N05W055.tif.aux.xml
🗑️ Deleted .xml file: /p/11211992-tki-mangrove-restoration/01_data/0_Workflow/14_Mangrove_potential/400/FIL_N06E134.tif.aux.xml
🗑️ Deleted .xml file: /p/11211992-tki-mangrove-restoration/01_data/0_Workflow/14_Mangrove_potential/400/FIL_N18E038.tif.aux.xml
🗑️ Deleted .xml file: /p/11211992-tki-mangrove-restoration/01_data/0_Workflow/14_Mangrove_potential/400/FIL_S05E011.tif.aux.xml
🗑️ Deleted .xml file: /p/11211992-tki-mangrove-restoration/01_data/0_Workflow/14_Mangrove_potential/400/FIL_N13W082.tif.aux.xml
🗑️ Deleted .xml file: /p/11211992-tki-mangrove-restoration/01_data/0_Workflow/14_Mangrove_potential/400/FIL_S08E159.tif.aux.xml
🗑️ Deleted .xml file: /p/11211992-tki-mangrove-restoration/01_data/0_Workflow/14_Mangrove_potential/400/FIL_N11E093.tif.aux.xml
🗑️ Deleted .xml file: /p/11211992-tki-mangrove-restoration/01_data/0_Workflow/14_Mangrove_potential/400/FIL_S16E145.tif.aux.xml
🗑️ Deleted .xml file: /p/11211992-tki-mangrove-restoration/01_data/0_Workflow/14_Mangrove_potential/400/FIL_N21W160.tif.aux.xml
🗑️ Deleted .xml file: /p/11211992-tki-mangrove-restoration/01_data/0_Workflow/14_Mangrove_potential/400/FIL_N10E045.tif.aux.xml
🗑️ Deleted .xml file: /p/11211992-tki-mangrove-restoration/01_data/0_Workflow/14_Mangrove_potential/400/FIL_N26E036.tif.aux.xml
🗑️ Deleted .xml file: /p/11211992-tki-mangrove-restoration/01_data/0_Workflow/14_Mangrove_potential/400/FIL_S16E046.tif.aux.xml
🗑️ Deleted .xml file: /p/11211992-tki-mangrove-restoration/01_data/0_Workflow/14_Mangrove_potential/400/FIL_S16E128.tif.aux.xml
🗑️ Deleted .xml file: /p/11211992-tki-mangrove-restoration/01_data/0_Workflow/14_Mangrove_potential/400/FIL_S16E049.tif.aux.xml
🗑️ Deleted .xml file: /p/11211992-tki-mangrove-restoration/01_data/0_Workflow/14_Mangrove_potential/400/FIL_N08W060.tif.aux.xml
🗑️ Deleted .xml file: /p/11211992-tki-mangrove-restoration/01_data/0_Workflow/14_Mangrove_potential/400/FIL_S21E149.tif.aux.xml
🗑️ Deleted .xml file: /p/11211992-tki-mangrove-restoration/01_data/0_Workflow/14_Mangrove_potential/400/FIL_S14E141.tif.aux.xml
🗑️ Deleted .xml file: /p/11211992-tki-mangrove-restoration/01_data/0_Workflow/14_Mangrove_potential/400/FIL_S25E113.tif.aux.xml
🗑️ Deleted .xml file: /p/11211992-tki-mangrove-restoration/01_data/0_Workflow/14_Mangrove_potential/400/FIL_S17E039.tif.aux.xml
🗑️ Deleted .xml file: /p/11211992-tki-mangrove-restoration/01_data/0_Workflow/14_Mangrove_potential/400/FIL_S09E039.tif.aux.xml
🗑️ Deleted .xml file: /p/11211992-tki-mangrove-restoration/01_data/0_Workflow/14_Mangrove_potential/400/FIL_S09E157.tif.aux.xml
🗑️ Deleted .xml file: /p/11211992-tki-mangrove-restoration/01_data/0_Workflow/14_Mangrove_potential/400/FIL_S09E158.tif.aux.xml
🗑️ Deleted .xml file: /p/11211992-tki-mangrove-restoration/01_data/0_Workflow/14_Mangrove_potential/400/FIL_N13W017.tif.aux.xml
🗑️ Deleted .xml file: /p/11211992-tki-mangrove-restoration/01_data/0_Workflow/14_Mangrove_potential/400/FIL_S39E145.tif.aux.xml
🗑️ Deleted .xml file: /p/11211992-tki-mangrove-restoration/01_data/0_Workflow/14_Mangrove_potential/400/FIL_N10W063.tif.aux.xml
🗑️ Deleted .xml file: /p/11211992-tki-mangrove-restoration/01_data/0_Workflow/14_Mangrove_potential/400/FIL_S06E145.tif.aux.xml
🗑️ Deleted .xml file: /p/11211992-tki-mangrove-restoration/01_data/0_Workflow/14_Mangrove_potential/400/FIL_N23E120.tif.aux.xml
🗑️ Deleted .xml file: /p/11211992-tki-mangrove-restoration/01_data/0_Workflow/14_Mangrove_potential/400/FIL_N08W084.tif.aux.xml
🗑️ Deleted .xml file: /p/11211992-tki-mangrove-restoration/01_data/0_Workflow/14_Mangrove_potential/400/FIL_S19E036.tif.aux.xml
🗑️ Deleted .xml file: /p/11211992-tki-mangrove-restoration/01_data/0_Workflow/14_Mangrove_potential/400/FIL_N11W071.tif.aux.xml
🗑️ Deleted .xml file: /p/11211992-tki-mangrove-restoration/01_data/0_Workflow/14_Mangrove_potential/400/FIL_N05E163.tif.aux.xml
🗑️ Deleted .xml file: /p/11211992-tki-mangrove-restoration/01_data/0_Workflow/14_Mangrove_potential/400/FIL_S07E157.tif.aux.xml
🗑️ Deleted .xml file: /p/11211992-tki-mangrove-restoration/01_data/0_Workflow/14_Mangrove_potential/400/FIL_S07E039.tif.aux.xml
🗑️ Deleted .xml file: /p/11211992-tki-mangrove-restoration/01_data/0_Workflow/14_Mangrove_potential/400/FIL_N23W083.tif.aux.xml
🗑️ Deleted .xml file: /p/11211992-tki-mangrove-restoration/01_data/0_Workflow/14_Mangrove_potential/400/FIL_S30E114.tif.aux.xml
🗑️ Deleted .xml file: /p/11211992-tki-mangrove-restoration/01_data/0_Workflow/14_Mangrove_potential/400/FIL_S16E135.tif.aux.xml
🗑️ Deleted .xml file: /p/11211992-tki-mangrove-restoration/01_data/0_Workflow/14_Mangrove_potential/400/FIL_N26E128.tif.aux.xml
🗑️ Deleted .xml file: /p/11211992-tki-mangrove-restoration/01_data/0_Workflow/14_Mangrove_potential/400/FIL_N26E049.tif.aux.xml
🗑️ Deleted .xml file: /p/11211992-tki-mangrove-restoration/01_data/0_Workflow/14_Mangrove_potential/400/FIL_N26E127.tif.aux.xml
🗑️ Deleted .xml file: /p/11211992-tki-mangrove-restoration/01_data/0_Workflow/14_Mangrove_potential/400/FIL_S21E057.tif.aux.xml
🗑️ Deleted .xml file: /p/11211992-tki-mangrove-restoration/01_data/0_Workflow/14_Mangrove_potential/400/FIL_N23W075.tif.aux.xml
🗑️ Deleted .xml file: /p/11211992-tki-mangrove-restoration/01_data/0_Workflow/14_Mangrove_potential/400/FIL_S17E049.tif.aux.xml
🗑️ Deleted .xml file: /p/11211992-tki-mangrove-restoration/01_data/0_Workflow/14_Mangrove_potential/400/FIL_S09E145.tif.aux.xml
🗑️ Deleted .xml file: /p/11211992-tki-mangrove-restoration/01_data/0_Workflow/14_Mangrove_potential/400/FIL_N05W054.tif.aux.xml
🗑️ Deleted .xml file: /p/11211992-tki-mangrove-restoration/01_data/0_Workflow/14_Mangrove_potential/400/FIL_S17E046.tif.aux.xml
🗑️ Deleted .xml file: /p/11211992-tki-mangrove-restoration/01_data/0_Workflow/14_Mangrove_potential/400/FIL_S18E178.tif.aux.xml
🗑️ Deleted .xml file: /p/11211992-tki-mangrove-restoration/01_data/0_Workflow/14_Mangrove_potential/400/FIL_S21E035.tif.aux.xml
🗑️ Deleted .xml file: /p/11211992-tki-mangrove-restoration/01_data/0_Workflow/14_Mangrove_potential/400/FIL_S18E177.tif.aux.xml
🗑️ Deleted .xml file: /p/11211992-tki-mangrove-restoration/01_data/0_Workflow/14_Mangrove_potential/400/FIL_N06E158.tif.aux.xml
🗑️ Deleted .xml file: /p/11211992-tki-mangrove-restoration/01_data/0_Workflow/14_Mangrove_potential/400/FIL_S17E145.tif.aux.xml
🗑️ Deleted .xml file: /p/11211992-tki-mangrove-restoration/01_data/0_Workflow/14_Mangrove_potential/400/FIL_S20E179.tif.aux.xml
🗑️ Deleted .xml file: /p/11211992-tki-mangrove-restoration/01_data/0_Workflow/14_Mangrove_potential/400/FIL_S06E039.tif.aux.xml
🗑️ Deleted .xml file: /p/11211992-tki-mangrove-restoration/01_data/0_Workflow/14_Mangrove_potential/400/FIL_N09E092.tif.aux.xml
🗑️ Deleted .xml file: /p/11211992-tki-mangrove-restoration/01_data/0_Workflow/14_Mangrove_potential/400/FIL_S11E149.tif.aux.xml
🗑️ Deleted .xml file: /p/11211992-tki-mangrove-restoration/01_data/0_Workflow/14_Mangrove_potential/400/FIL_S18E036.tif.aux.xml
🗑️ Deleted .xml file: /p/11211992-tki-mangrove-restoration/01_data/0_Workflow/14_Mangrove_potential/400/FIL_S01E008.tif.aux.xml
🗑️ Deleted .xml file: /p/11211992-tki-mangrove-restoration/01_data/0_Workflow/14_Mangrove_potential/400/FIL_S08E178.tif.aux.xml
🗑️ Deleted .xml file: /p/11211992-tki-mangrove-restoration/01_data/0_Workflow/14_Mangrove_potential/400/FIL_N18W072.tif.aux.xml
🗑️ Deleted .xml file: /p/11211992-tki-mangrove-restoration/01_data/0_Workflow/14_Mangrove_potential/400/FIL_N16E039.tif.aux.xml
🗑️ Deleted .xml file: /p/11211992-tki-mangrove-restoration/01_data/0_Workflow/14_Mangrove_potential/400/FIL_S19E145.tif.aux.xml
🗑️ Deleted .xml file: /p/11211992-tki-mangrove-restoration/01_data/0_Workflow/14_Mangrove_potential/400/FIL_S19E121.tif.aux.xml
🗑️ Deleted .xml file: /p/11211992-tki-mangrove-restoration/01_data/0_Workflow/14_Mangrove_potential/400/FIL_N11W065.tif.aux.xml
🗑️ Deleted .xml file: /p/11211992-tki-mangrove-restoration/01_data/0_Workflow/14_Mangrove_potential/400/FIL_S31E152.tif.aux.xml
🗑️ Deleted .xml file: /p/11211992-tki-mangrove-restoration/01_data/0_Workflow/14_Mangrove_potential/400/FIL_N18W074.tif.aux.xml
🗑️ Deleted .xml file: /p/11211992-tki-mangrove-restoration/01_data/0_Workflow/14_Mangrove_potential/400/FIL_S14W173.tif.aux.xml
🗑️ Deleted .xml file: /p/11211992-tki-mangrove-restoration/01_data/0_Workflow/14_Mangrove_potential/400/FIL_N23E038.tif.aux.xml
🗑️ Deleted .xml file: /p/11211992-tki-mangrove-restoration/01_data/0_Workflow/14_Mangrove_potential/400/FIL_S22E116.tif.aux.xml
🗑️ Deleted .xml file: /p/11211992-tki-mangrove-restoration/01_data/0_Workflow/14_Mangrove_potential/400/FIL_N04W002.tif.aux.xml
🗑️ Deleted .xml file: /p/11211992-tki-mangrove-restoration/01_data/0_Workflow/14_Mangrove_potential/400/FIL_S06E151.tif.aux.xml
🗑️ Deleted .xml file: /p/11211992-tki-mangrove-restoration/01_data/0_Workflow/14_Mangrove_potential/400/FIL_S23E166.tif.aux.xml
🗑️ Deleted .xml file: /p/11211992-tki-mangrove-restoration/01_data/0_Workflow/14_Mangrove_potential/400/FIL_N13W061.tif.aux.xml
🗑️ Deleted .xml file: /p/11211992-tki-mangrove-restoration/01_data/0_Workflow/14_Mangrove_potential/400/FIL_N06E072.tif.aux.xml
🗑️ Deleted .xml file: /p/11211992-tki-mangrove-restoration/01_data/0_Workflow/14_Mangrove_potential/400/FIL_S13E136.tif.aux.xml
🗑️ Deleted .xml file: /p/11211992-tki-mangrove-restoration/01_data/0_Workflow/14_Mangrove_potential/400/FIL_N10W015.tif.aux.xml
🗑️ Deleted .xml file: /p/11211992-tki-mangrove-restoration/01_data/0_Workflow/14_Mangrove_potential/400/FIL_S02E008.tif.aux.xml
🗑️ Deleted .xml file: /p/11211992-tki-mangrove-restoration/01_data/0_Workflow/14_Mangrove_potential/400/FIL_S09E143.tif.aux.xml
🗑️ Deleted .xml file: /p/11211992-tki-mangrove-restoration/01_data/0_Workflow/14_Mangrove_potential/400/FIL_S17E040.tif.aux.xml
🗑️ Deleted .xml file: /p/11211992-tki-mangrove-restoration/01_data/0_Workflow/14_Mangrove_potential/400/FIL_N11E043.tif.aux.xml
🗑️ Deleted .xml file: /p/11211992-tki-mangrove-restoration/01_data/0_Workflow/14_Mangrove_potential/400/FIL_N26W082.tif.aux.xml
🗑️ Deleted .xml file: /p/11211992-tki-mangrove-restoration/01_data/0_Workflow/14_Mangrove_potential/400/FIL_N21W077.tif.aux.xml
🗑️ Deleted .xml file: /p/11211992-tki-mangrove-restoration/01_data/0_Workflow/14_Mangrove_potential/400/FIL_N21W078.tif.aux.xml
🗑️ Deleted .xml file: /p/11211992-tki-mangrove-restoration/01_data/0_Workflow/14_Mangrove_potential/400/FIL_N13E144.tif.aux.xml
🗑️ Deleted .xml file: /p/11211992-tki-mangrove-restoration/01_data/0_Workflow/14_Mangrove_potential/400/FIL_S12E166.tif.aux.xml
🗑️ Deleted .xml file: /p/11211992-tki-mangrove-restoration/01_data/0_Workflow/14_Mangrove_potential/400/FIL_N16E040.tif.aux.xml
🗑️ Deleted .xml file: /p/11211992-tki-mangrove-restoration/01_data/0_Workflow/14_Mangrove_potential/400/FIL_N11W015.tif.aux.xml
🗑️ Deleted .xml file: /p/11211992-tki-mangrove-restoration/01_data/0_Workflow/14_Mangrove_potential/400/FIL_N08W082.tif.aux.xml
🗑️ Deleted .xml file: /p/11211992-tki-mangrove-restoration/01_data/0_Workflow/14_Mangrove_potential/400/FIL_S22E166.tif.aux.xml
🗑️ Deleted .xml file: /p/11211992-tki-mangrove-restoration/01_data/0_Workflow/14_Mangrove_potential/400/FIL_N24E066.tif.aux.xml
🗑️ Deleted .xml file: /p/11211992-tki-mangrove-restoration/01_data/0_Workflow/14_Mangrove_potential/400/FIL_N18W069.tif.aux.xml
🗑️ Deleted .xml file: /p/11211992-tki-mangrove-restoration/01_data/0_Workflow/14_Mangrove_potential/400/FIL_N07E072.tif.aux.xml
🗑️ Deleted .xml file: /p/11211992-tki-mangrove-restoration/01_data/0_Workflow/14_Mangrove_potential/400/FIL_N05E004.tif.aux.xml
🗑️ Deleted .xml file: /p/11211992-tki-mangrove-restoration/01_data/0_Workflow/14_Mangrove_potential/400/FIL_N18W066.tif.aux.xml
🗑️ Deleted .xml file: /p/11211992-tki-mangrove-restoration/01_data/0_Workflow/14_Mangrove_potential/400/FIL_N21W081.tif.aux.xml
🗑️ Deleted .xml file: /p/11211992-tki-mangrove-restoration/01_data/0_Workflow/14_Mangrove_potential/400/FIL_S39E143.tif.aux.xml
🗑️ Deleted .xml file: /p/11211992-tki-mangrove-restoration/01_data/0_Workflow/14_Mangrove_potential/400/FIL_N10W065.tif.aux.xml
🗑️ Deleted .xml file: /p/11211992-tki-mangrove-restoration/01_data/0_Workflow/14_Mangrove_potential/400/FIL_N11E051.tif.aux.xml
🗑️ Deleted .xml file: /p/11211992-tki-mangrove-restoration/01_data/0_Workflow/14_Mangrove_potential/400/FIL_S09E151.tif.aux.xml
🗑️ Deleted .xml file: /p/11211992-tki-mangrove-restoration/01_data/0_Workflow/14_Mangrove_potential/400/FIL_N20W078.tif.aux.xml
🗑️ Deleted .xml file: /p/11211992-tki-mangrove-restoration/01_data/0_Workflow/14_Mangrove_potential/400/FIL_N22W160.tif.aux.xml
🗑️ Deleted .xml file: /p/11211992-tki-mangrove-restoration/01_data/0_Workflow/14_Mangrove_potential/400/FIL_N20W077.tif.aux.xml
🗑️ Deleted .xml file: /p/11211992-tki-mangrove-restoration/01_data/0_Workflow/14_Mangrove_potential/400/FIL_N30E130.tif.aux.xml
🗑️ Deleted .xml file: /p/11211992-tki-mangrove-restoration/01_data/0_Workflow/14_Mangrove_potential/400/FIL_S21E043.tif.aux.xml
🗑️ Deleted .xml file: /p/11211992-tki-mangrove-restoration/01_data/0_Workflow/14_Mangrove_potential/400/FIL_N12E093.tif.aux.xml
🗑️ Deleted .xml file: /p/11211992-tki-mangrove-restoration/01_data/0_Workflow/14_Mangrove_potential/400/FIL_S34E137.tif.aux.xml
🗑️ Deleted .xml file: /p/11211992-tki-mangrove-restoration/01_data/0_Workflow/14_Mangrove_potential/400/FIL_S34E138.tif.aux.xml
🗑️ Deleted .xml file: /p/11211992-tki-mangrove-restoration/01_data/0_Workflow/14_Mangrove_potential/400/FIL_S16E040.tif.aux.xml
>>> Processing time: 12_process_mangrove_potential_areas.py: 858.83 seconds


/p/11211992-tki-mangrove-restoration/01_data/0_Workflow/5_Accommodation_space/400
Removed: /p/11211992-tki-mangrove-restoration/01_data/0_Workflow/5_Accommodation_space/400/ACC_S08E178.tif.aux.xml
Removed: /p/11211992-tki-mangrove-restoration/01_data/0_Workflow/5_Accommodation_space/400/BEY_S09E145.tif.aux.xml
Removed: /p/11211992-tki-mangrove-restoration/01_data/0_Workflow/5_Accommodation_space/400/HAT_S09E145.tif.aux.xml
Removed: /p/11211992-tki-mangrove-restoration/01_data/0_Workflow/5_Accommodation_space/400/MSL_S09E145.tif.aux.xml
Removed: /p/11211992-tki-mangrove-restoration/01_data/0_Workflow/5_Accommodation_space/400/ACC_S18E176.tif.aux.xml
COG saved: /p/11211992-tki-mangrove-restoration/01_data/1_Geoserver/400/subscores/ACC/ACC_N05E004.tif
COG saved: /p/11211992-tki-mangrove-restoration/01_data/1_Geoserver/400/subscores/ACC/ACC_S31E152.tif
COG saved: /p/11211992-tki-mangrove-restoration/01_data/1_Geoserver/400/subscores/ACC/ACC_S17W180.tif
COG saved: /p/11211992-tki-mangrove-restoration/01_data/1_Geoserver/400/subscores/ACC/ACC_N18W074.tif
COG saved: /p/11211992-tki-mangrove-restoration/01_data/1_Geoserver/400/subscores/ACC/ACC_S34E137.tif
COG saved: /p/11211992-tki-mangrove-restoration/01_data/1_Geoserver/400/subscores/ACC/ACC_N23W075.tif
COG saved: /p/11211992-tki-mangrove-restoration/01_data/1_Geoserver/400/subscores/ACC/ACC_S16E129.tif
COG saved: /p/11211992-tki-mangrove-restoration/01_data/1_Geoserver/400/subscores/ACC/ACC_N26E127.tif
COG saved: /p/11211992-tki-mangrove-restoration/01_data/1_Geoserver/400/subscores/ACC/ACC_N16E040.tif
COG saved: /p/11211992-tki-mangrove-restoration/01_data/1_Geoserver/400/subscores/ACC/ACC_S17E145.tif
COG saved: /p/11211992-tki-mangrove-restoration/01_data/1_Geoserver/400/subscores/ACC/ACC_N18W073.tif
COG saved: /p/11211992-tki-mangrove-restoration/01_data/1_Geoserver/400/subscores/ACC/ACC_S22E116.tif
COG saved: /p/11211992-tki-mangrove-restoration/01_data/1_Geoserver/400/subscores/ACC/ACC_S09E151.tif
COG saved: /p/11211992-tki-mangrove-restoration/01_data/1_Geoserver/400/subscores/ACC/ACC_S36E150.tif
COG saved: /p/11211992-tki-mangrove-restoration/01_data/1_Geoserver/400/subscores/ACC/ACC_N20W079.tif
COG saved: /p/11211992-tki-mangrove-restoration/01_data/1_Geoserver/400/subscores/ACC/ACC_N09E092.tif
COG saved: /p/11211992-tki-mangrove-restoration/01_data/1_Geoserver/400/subscores/ACC/ACC_N26E036.tif
COG saved: /p/11211992-tki-mangrove-restoration/01_data/1_Geoserver/400/subscores/ACC/ACC_S09E156.tif
COG saved: /p/11211992-tki-mangrove-restoration/01_data/1_Geoserver/400/subscores/ACC/ACC_S01E009.tif
COG saved: /p/11211992-tki-mangrove-restoration/01_data/1_Geoserver/400/subscores/ACC/ACC_N11E093.tif
COG saved: /p/11211992-tki-mangrove-restoration/01_data/1_Geoserver/400/subscores/ACC/ACC_S09E158.tif
COG saved: /p/11211992-tki-mangrove-restoration/01_data/1_Geoserver/400/subscores/ACC/ACC_S06E039.tif
COG saved: /p/11211992-tki-mangrove-restoration/01_data/1_Geoserver/400/subscores/ACC/ACC_S25E113.tif
COG saved: /p/11211992-tki-mangrove-restoration/01_data/1_Geoserver/400/subscores/ACC/ACC_N20W077.tif
COG saved: /p/11211992-tki-mangrove-restoration/01_data/1_Geoserver/400/subscores/ACC/ACC_N18E038.tif
COG saved: /p/11211992-tki-mangrove-restoration/01_data/1_Geoserver/400/subscores/ACC/ACC_N07E072.tif
COG saved: /p/11211992-tki-mangrove-restoration/01_data/1_Geoserver/400/subscores/ACC/ACC_N13W060.tif
COG saved: /p/11211992-tki-mangrove-restoration/01_data/1_Geoserver/400/subscores/ACC/ACC_S08E159.tif
COG saved: /p/11211992-tki-mangrove-restoration/01_data/1_Geoserver/400/subscores/ACC/ACC_S07E038.tif
COG saved: /p/11211992-tki-mangrove-restoration/01_data/1_Geoserver/400/subscores/ACC/ACC_S05E011.tif
COG saved: /p/11211992-tki-mangrove-restoration/01_data/1_Geoserver/400/subscores/ACC/ACC_S06E053.tif
COG saved: /p/11211992-tki-mangrove-restoration/01_data/1_Geoserver/400/subscores/ACC/ACC_N26E055.tif
COG saved: /p/11211992-tki-mangrove-restoration/01_data/1_Geoserver/400/subscores/ACC/ACC_N21W076.tif
COG saved: /p/11211992-tki-mangrove-restoration/01_data/1_Geoserver/400/subscores/ACC/ACC_N06E134.tif
COG saved: /p/11211992-tki-mangrove-restoration/01_data/1_Geoserver/400/subscores/ACC/ACC_N10W086.tif
COG saved: /p/11211992-tki-mangrove-restoration/01_data/1_Geoserver/400/subscores/ACC/ACC_N21W078.tif
COG saved: /p/11211992-tki-mangrove-restoration/01_data/1_Geoserver/400/subscores/ACC/ACC_S30E114.tif
COG saved: /p/11211992-tki-mangrove-restoration/01_data/1_Geoserver/400/subscores/ACC/ACC_S17E039.tif
COG saved: /p/11211992-tki-mangrove-restoration/01_data/1_Geoserver/400/subscores/ACC/ACC_S24E043.tif
COG saved: /p/11211992-tki-mangrove-restoration/01_data/1_Geoserver/400/subscores/ACC/ACC_S11E148.tif
COG saved: /p/11211992-tki-mangrove-restoration/01_data/1_Geoserver/400/subscores/ACC/ACC_S15E134.tif
COG saved: /p/11211992-tki-mangrove-restoration/01_data/1_Geoserver/400/subscores/ACC/ACC_N10W065.tif
COG saved: /p/11211992-tki-mangrove-restoration/01_data/1_Geoserver/400/subscores/ACC/ACC_N10W062.tif
COG saved: /p/11211992-tki-mangrove-restoration/01_data/1_Geoserver/400/subscores/ACC/ACC_S06E145.tif
COG saved: /p/11211992-tki-mangrove-restoration/01_data/1_Geoserver/400/subscores/ACC/ACC_S39E144.tif
COG saved: /p/11211992-tki-mangrove-restoration/01_data/1_Geoserver/400/subscores/ACC/ACC_N04E005.tif
COG saved: /p/11211992-tki-mangrove-restoration/01_data/1_Geoserver/400/subscores/ACC/ACC_S39E143.tif
COG saved: /p/11211992-tki-mangrove-restoration/01_data/1_Geoserver/400/subscores/ACC/ACC_N21W160.tif
COG saved: /p/11211992-tki-mangrove-restoration/01_data/1_Geoserver/400/subscores/ACC/ACC_S20E179.tif
COG saved: /p/11211992-tki-mangrove-restoration/01_data/1_Geoserver/400/subscores/ACC/ACC_S29E031.tif
COG saved: /p/11211992-tki-mangrove-restoration/01_data/1_Geoserver/400/subscores/ACC/ACC_N20W076.tif
COG saved: /p/11211992-tki-mangrove-restoration/01_data/1_Geoserver/400/subscores/ACC/ACC_S14E141.tif
COG saved: /p/11211992-tki-mangrove-restoration/01_data/1_Geoserver/400/subscores/ACC/ACC_N02E009.tif
COG saved: /p/11211992-tki-mangrove-restoration/01_data/1_Geoserver/400/subscores/ACC/ACC_N06E072.tif
COG saved: /p/11211992-tki-mangrove-restoration/01_data/1_Geoserver/400/subscores/ACC/ACC_S38E176.tif
COG saved: /p/11211992-tki-mangrove-restoration/01_data/1_Geoserver/400/subscores/ACC/ACC_N11E043.tif
COG saved: /p/11211992-tki-mangrove-restoration/01_data/1_Geoserver/400/subscores/ACC/ACC_S06E038.tif
COG saved: /p/11211992-tki-mangrove-restoration/01_data/1_Geoserver/400/subscores/ACC/ACC_S09E159.tif
COG saved: /p/11211992-tki-mangrove-restoration/01_data/1_Geoserver/400/subscores/ACC/ACC_N23E052.tif
COG saved: /p/11211992-tki-mangrove-restoration/01_data/1_Geoserver/400/subscores/ACC/ACC_S09E157.tif
COG saved: /p/11211992-tki-mangrove-restoration/01_data/1_Geoserver/400/subscores/ACC/ACC_S21E043.tif
COG saved: /p/11211992-tki-mangrove-restoration/01_data/1_Geoserver/400/subscores/ACC/ACC_N06E158.tif
COG saved: /p/11211992-tki-mangrove-restoration/01_data/1_Geoserver/400/subscores/ACC/ACC_S01E008.tif
COG saved: /p/11211992-tki-mangrove-restoration/01_data/1_Geoserver/400/subscores/ACC/ACC_S34E027.tif
COG saved: /p/11211992-tki-mangrove-restoration/01_data/1_Geoserver/400/subscores/ACC/ACC_S21E044.tif
COG saved: /p/11211992-tki-mangrove-restoration/01_data/1_Geoserver/400/subscores/ACC/ACC_S09E150.tif
COG saved: /p/11211992-tki-mangrove-restoration/01_data/1_Geoserver/400/subscores/ACC/ACC_S12E166.tif
COG saved: /p/11211992-tki-mangrove-restoration/01_data/1_Geoserver/400/subscores/ACC/ACC_N20W078.tif
COG saved: /p/11211992-tki-mangrove-restoration/01_data/1_Geoserver/400/subscores/ACC/ACC_N11W062.tif
COG saved: /p/11211992-tki-mangrove-restoration/01_data/1_Geoserver/400/subscores/ACC/ACC_N16E041.tif
COG saved: /p/11211992-tki-mangrove-restoration/01_data/1_Geoserver/400/subscores/ACC/ACC_N18W072.tif
COG saved: /p/11211992-tki-mangrove-restoration/01_data/1_Geoserver/400/subscores/ACC/ACC_N18W075.tif
COG saved: /p/11211992-tki-mangrove-restoration/01_data/1_Geoserver/400/subscores/ACC/ACC_S34E136.tif
COG saved: /p/11211992-tki-mangrove-restoration/01_data/1_Geoserver/400/subscores/ACC/ACC_S16E128.tif
COG saved: /p/11211992-tki-mangrove-restoration/01_data/1_Geoserver/400/subscores/ACC/ACC_N11W065.tif
COG saved: /p/11211992-tki-mangrove-restoration/01_data/1_Geoserver/400/subscores/ACC/ACC_S34E138.tif
COG saved: /p/11211992-tki-mangrove-restoration/01_data/1_Geoserver/400/subscores/ACC/ACC_S31E153.tif
COG saved: /p/11211992-tki-mangrove-restoration/01_data/1_Geoserver/400/subscores/ACC/ACC_N26E128.tif
COG saved: /p/11211992-tki-mangrove-restoration/01_data/1_Geoserver/400/subscores/ACC/ACC_S13E136.tif
COG saved: /p/11211992-tki-mangrove-restoration/01_data/1_Geoserver/400/subscores/ACC/ACC_S19W179.tif
COG saved: /p/11211992-tki-mangrove-restoration/01_data/1_Geoserver/400/subscores/ACC/ACC_N28W083.tif
COG saved: /p/11211992-tki-mangrove-restoration/01_data/1_Geoserver/400/subscores/ACC/ACC_S39E145.tif
COG saved: /p/11211992-tki-mangrove-restoration/01_data/1_Geoserver/400/subscores/ACC/ACC_N13W082.tif
COG saved: /p/11211992-tki-mangrove-restoration/01_data/1_Geoserver/400/subscores/ACC/ACC_N10W063.tif
COG saved: /p/11211992-tki-mangrove-restoration/01_data/1_Geoserver/400/subscores/ACC/ACC_S16E145.tif
COG saved: /p/11211992-tki-mangrove-restoration/01_data/1_Geoserver/400/subscores/ACC/ACC_N23E120.tif
COG saved: /p/11211992-tki-mangrove-restoration/01_data/1_Geoserver/400/subscores/ACC/ACC_N10W064.tif
COG saved: /p/11211992-tki-mangrove-restoration/01_data/1_Geoserver/400/subscores/ACC/ACC_S13E044.tif
COG saved: /p/11211992-tki-mangrove-restoration/01_data/1_Geoserver/400/subscores/ACC/ACC_S17E038.tif
COG saved: /p/11211992-tki-mangrove-restoration/01_data/1_Geoserver/400/subscores/ACC/ACC_S11E149.tif
COG saved: /p/11211992-tki-mangrove-restoration/01_data/1_Geoserver/400/subscores/ACC/ACC_N21W079.tif
COG saved: /p/11211992-tki-mangrove-restoration/01_data/1_Geoserver/400/subscores/ACC/ACC_N10E045.tif
COG saved: /p/11211992-tki-mangrove-restoration/01_data/1_Geoserver/400/subscores/ACC/ACC_N21W077.tif
COG saved: /p/11211992-tki-mangrove-restoration/01_data/1_Geoserver/400/subscores/ACC/ACC_N26W098.tif
COG saved: /p/11211992-tki-mangrove-restoration/01_data/1_Geoserver/400/subscores/ACC/ACC_N13W061.tif
COG saved: /p/11211992-tki-mangrove-restoration/01_data/1_Geoserver/400/subscores/ACC/ACC_S11E147.tif
COG saved: /p/11211992-tki-mangrove-restoration/01_data/1_Geoserver/400/subscores/ACC/ACC_S07E039.tif
COG saved: /p/11211992-tki-mangrove-restoration/01_data/1_Geoserver/400/subscores/ACC/ACC_N23E038.tif
COG saved: /p/11211992-tki-mangrove-restoration/01_data/1_Geoserver/400/subscores/ACC/ACC_N18W069.tif
COG saved: /p/11211992-tki-mangrove-restoration/01_data/1_Geoserver/400/subscores/ACC/ACC_S07E150.tif
COG saved: /p/11211992-tki-mangrove-restoration/01_data/1_Geoserver/400/subscores/ACC/ACC_S23E167.tif
COG saved: /p/11211992-tki-mangrove-restoration/01_data/1_Geoserver/400/subscores/ACC/ACC_N08W061.tif
COG saved: /p/11211992-tki-mangrove-restoration/01_data/1_Geoserver/400/subscores/ACC/ACC_N10W015.tif
COG saved: /p/11211992-tki-mangrove-restoration/01_data/1_Geoserver/400/subscores/ACC/ACC_S21E149.tif
COG saved: /p/11211992-tki-mangrove-restoration/01_data/1_Geoserver/400/subscores/ACC/ACC_N20W080.tif
COG saved: /p/11211992-tki-mangrove-restoration/01_data/1_Geoserver/400/subscores/ACC/ACC_S07E157.tif
COG saved: /p/11211992-tki-mangrove-restoration/01_data/1_Geoserver/400/subscores/ACC/ACC_N19W077.tif
COG saved: /p/11211992-tki-mangrove-restoration/01_data/1_Geoserver/400/subscores/ACC/ACC_N11W070.tif
COG saved: /p/11211992-tki-mangrove-restoration/01_data/1_Geoserver/400/subscores/ACC/ACC_N05W003.tif
COG saved: /p/11211992-tki-mangrove-restoration/01_data/1_Geoserver/400/subscores/ACC/ACC_N09W078.tif
COG saved: /p/11211992-tki-mangrove-restoration/01_data/1_Geoserver/400/subscores/ACC/ACC_N18W067.tif
COG saved: /p/11211992-tki-mangrove-restoration/01_data/1_Geoserver/400/subscores/ACC/ACC_S14W172.tif
COG saved: /p/11211992-tki-mangrove-restoration/01_data/1_Geoserver/400/subscores/ACC/ACC_S17E040.tif
COG saved: /p/11211992-tki-mangrove-restoration/01_data/1_Geoserver/400/subscores/ACC/ACC_N13W017.tif
COG saved: /p/11211992-tki-mangrove-restoration/01_data/1_Geoserver/400/subscores/ACC/ACC_S09E145.tif
COG saved: /p/11211992-tki-mangrove-restoration/01_data/1_Geoserver/400/subscores/ACC/ACC_N22W160.tif
COG saved: /p/11211992-tki-mangrove-restoration/01_data/1_Geoserver/400/subscores/ACC/ACC_N23W082.tif
COG saved: /p/11211992-tki-mangrove-restoration/01_data/1_Geoserver/400/subscores/ACC/ACC_S09E142.tif
COG saved: /p/11211992-tki-mangrove-restoration/01_data/1_Geoserver/400/subscores/ACC/ACC_S04E152.tif
COG saved: /p/11211992-tki-mangrove-restoration/01_data/1_Geoserver/400/subscores/ACC/ACC_N04W053.tif
COG saved: /p/11211992-tki-mangrove-restoration/01_data/1_Geoserver/400/subscores/ACC/ACC_S17E049.tif
COG saved: /p/11211992-tki-mangrove-restoration/01_data/1_Geoserver/400/subscores/ACC/ACC_N18E041.tif
COG saved: /p/11211992-tki-mangrove-restoration/01_data/1_Geoserver/400/subscores/ACC/ACC_N08W082.tif
COG saved: /p/11211992-tki-mangrove-restoration/01_data/1_Geoserver/400/subscores/ACC/ACC_N11E051.tif
COG saved: /p/11211992-tki-mangrove-restoration/01_data/1_Geoserver/400/subscores/ACC/ACC_N05W055.tif
COG saved: /p/11211992-tki-mangrove-restoration/01_data/1_Geoserver/400/subscores/ACC/ACC_S21E035.tif
COG saved: /p/11211992-tki-mangrove-restoration/01_data/1_Geoserver/400/subscores/ACC/ACC_N24E066.tif
COG saved: /p/11211992-tki-mangrove-restoration/01_data/1_Geoserver/400/subscores/ACC/ACC_N26W083.tif
COG saved: /p/11211992-tki-mangrove-restoration/01_data/1_Geoserver/400/subscores/ACC/ACC_S14E130.tif
COG saved: /p/11211992-tki-mangrove-restoration/01_data/1_Geoserver/400/subscores/ACC/ACC_N30E131.tif
COG saved: /p/11211992-tki-mangrove-restoration/01_data/1_Geoserver/400/subscores/ACC/ACC_N13E144.tif
COG saved: /p/11211992-tki-mangrove-restoration/01_data/1_Geoserver/400/subscores/ACC/ACC_N05E162.tif
COG saved: /p/11211992-tki-mangrove-restoration/01_data/1_Geoserver/400/subscores/ACC/ACC_N06E003.tif
COG saved: /p/11211992-tki-mangrove-restoration/01_data/1_Geoserver/400/subscores/ACC/ACC_S16E046.tif
COG saved: /p/11211992-tki-mangrove-restoration/01_data/1_Geoserver/400/subscores/ACC/ACC_S19E036.tif
COG saved: /p/11211992-tki-mangrove-restoration/01_data/1_Geoserver/400/subscores/ACC/ACC_N16E039.tif
COG saved: /p/11211992-tki-mangrove-restoration/01_data/1_Geoserver/400/subscores/ACC/ACC_S18E179.tif
COG saved: /p/11211992-tki-mangrove-restoration/01_data/1_Geoserver/400/subscores/ACC/ACC_N04W002.tif
COG saved: /p/11211992-tki-mangrove-restoration/01_data/1_Geoserver/400/subscores/ACC/ACC_S09E039.tif
COG saved: /p/11211992-tki-mangrove-restoration/01_data/1_Geoserver/400/subscores/ACC/ACC_N05E073.tif
COG saved: /p/11211992-tki-mangrove-restoration/01_data/1_Geoserver/400/subscores/ACC/ACC_N12E093.tif
COG saved: /p/11211992-tki-mangrove-restoration/01_data/1_Geoserver/400/subscores/ACC/ACC_N10W076.tif
COG saved: /p/11211992-tki-mangrove-restoration/01_data/1_Geoserver/400/subscores/ACC/ACC_S06E151.tif
COG saved: /p/11211992-tki-mangrove-restoration/01_data/1_Geoserver/400/subscores/ACC/ACC_S22E166.tif
COG saved: /p/11211992-tki-mangrove-restoration/01_data/1_Geoserver/400/subscores/ACC/ACC_S02E009.tif
COG saved: /p/11211992-tki-mangrove-restoration/01_data/1_Geoserver/400/subscores/ACC/ACC_S08E178.tif
COG saved: /p/11211992-tki-mangrove-restoration/01_data/1_Geoserver/400/subscores/ACC/ACC_S18E177.tif
COG saved: /p/11211992-tki-mangrove-restoration/01_data/1_Geoserver/400/subscores/ACC/ACC_N21W081.tif
COG saved: /p/11211992-tki-mangrove-restoration/01_data/1_Geoserver/400/subscores/ACC/ACC_S19E145.tif
COG saved: /p/11211992-tki-mangrove-restoration/01_data/1_Geoserver/400/subscores/ACC/ACC_S24E035.tif
COG saved: /p/11211992-tki-mangrove-restoration/01_data/1_Geoserver/400/subscores/ACC/ACC_N08W083.tif
COG saved: /p/11211992-tki-mangrove-restoration/01_data/1_Geoserver/400/subscores/ACC/ACC_N11E050.tif
COG saved: /p/11211992-tki-mangrove-restoration/01_data/1_Geoserver/400/subscores/ACC/ACC_N08W084.tif
COG saved: /p/11211992-tki-mangrove-restoration/01_data/1_Geoserver/400/subscores/ACC/ACC_S09E143.tif
COG saved: /p/11211992-tki-mangrove-restoration/01_data/1_Geoserver/400/subscores/ACC/ACC_S21E057.tif
COG saved: /p/11211992-tki-mangrove-restoration/01_data/1_Geoserver/400/subscores/ACC/ACC_N23W084.tif
COG saved: /p/11211992-tki-mangrove-restoration/01_data/1_Geoserver/400/subscores/ACC/ACC_N25E061.tif
COG saved: /p/11211992-tki-mangrove-restoration/01_data/1_Geoserver/400/subscores/ACC/ACC_S17E046.tif
COG saved: /p/11211992-tki-mangrove-restoration/01_data/1_Geoserver/400/subscores/ACC/ACC_S19W180.tif
COG saved: /p/11211992-tki-mangrove-restoration/01_data/1_Geoserver/400/subscores/ACC/ACC_N28E129.tif
COG saved: /p/11211992-tki-mangrove-restoration/01_data/1_Geoserver/400/subscores/ACC/ACC_N13W016.tif
COG saved: /p/11211992-tki-mangrove-restoration/01_data/1_Geoserver/400/subscores/ACC/ACC_S20E163.tif
COG saved: /p/11211992-tki-mangrove-restoration/01_data/1_Geoserver/400/subscores/ACC/ACC_N23W083.tif
COG saved: /p/11211992-tki-mangrove-restoration/01_data/1_Geoserver/400/subscores/ACC/ACC_N04E073.tif
COG saved: /p/11211992-tki-mangrove-restoration/01_data/1_Geoserver/400/subscores/ACC/ACC_N18W066.tif
COG saved: /p/11211992-tki-mangrove-restoration/01_data/1_Geoserver/400/subscores/ACC/ACC_S14W173.tif
COG saved: /p/11211992-tki-mangrove-restoration/01_data/1_Geoserver/400/subscores/ACC/ACC_S18E036.tif
COG saved: /p/11211992-tki-mangrove-restoration/01_data/1_Geoserver/400/subscores/ACC/ACC_N11W071.tif
COG saved: /p/11211992-tki-mangrove-restoration/01_data/1_Geoserver/400/subscores/ACC/ACC_N08W060.tif
COG saved: /p/11211992-tki-mangrove-restoration/01_data/1_Geoserver/400/subscores/ACC/ACC_N10W014.tif
COG saved: /p/11211992-tki-mangrove-restoration/01_data/1_Geoserver/400/subscores/ACC/ACC_S21E148.tif
COG saved: /p/11211992-tki-mangrove-restoration/01_data/1_Geoserver/400/subscores/ACC/ACC_S07E156.tif
COG saved: /p/11211992-tki-mangrove-restoration/01_data/1_Geoserver/400/subscores/ACC/ACC_S23E166.tif
COG saved: /p/11211992-tki-mangrove-restoration/01_data/1_Geoserver/400/subscores/ACC/ACC_S03E009.tif
COG saved: /p/11211992-tki-mangrove-restoration/01_data/1_Geoserver/400/subscores/ACC/ACC_S16E135.tif
COG saved: /p/11211992-tki-mangrove-restoration/01_data/1_Geoserver/400/subscores/ACC/ACC_N11W015.tif
COG saved: /p/11211992-tki-mangrove-restoration/01_data/1_Geoserver/400/subscores/ACC/ACC_S18E176.tif
COG saved: /p/11211992-tki-mangrove-restoration/01_data/1_Geoserver/400/subscores/ACC/ACC_N21W080.tif
COG saved: /p/11211992-tki-mangrove-restoration/01_data/1_Geoserver/400/subscores/ACC/ACC_N08E134.tif
COG saved: /p/11211992-tki-mangrove-restoration/01_data/1_Geoserver/400/subscores/ACC/ACC_S06E150.tif
COG saved: /p/11211992-tki-mangrove-restoration/01_data/1_Geoserver/400/subscores/ACC/ACC_S02E008.tif
COG saved: /p/11211992-tki-mangrove-restoration/01_data/1_Geoserver/400/subscores/ACC/ACC_N12E092.tif
COG saved: /p/11211992-tki-mangrove-restoration/01_data/1_Geoserver/400/subscores/ACC/ACC_S18E178.tif
COG saved: /p/11211992-tki-mangrove-restoration/01_data/1_Geoserver/400/subscores/ACC/ACC_S18W150.tif
COG saved: /p/11211992-tki-mangrove-restoration/01_data/1_Geoserver/400/subscores/ACC/ACC_S14E136.tif
COG saved: /p/11211992-tki-mangrove-restoration/01_data/1_Geoserver/400/subscores/ACC/ACC_S16E047.tif
COG saved: /p/11211992-tki-mangrove-restoration/01_data/1_Geoserver/400/subscores/ACC/ACC_N26E049.tif
COG saved: /p/11211992-tki-mangrove-restoration/01_data/1_Geoserver/400/subscores/ACC/ACC_N24E067.tif
COG saved: /p/11211992-tki-mangrove-restoration/01_data/1_Geoserver/400/subscores/ACC/ACC_N26W082.tif
COG saved: /p/11211992-tki-mangrove-restoration/01_data/1_Geoserver/400/subscores/ACC/ACC_N30E130.tif
COG saved: /p/11211992-tki-mangrove-restoration/01_data/1_Geoserver/400/subscores/ACC/ACC_S16E040.tif
COG saved: /p/11211992-tki-mangrove-restoration/01_data/1_Geoserver/400/subscores/ACC/ACC_S19E121.tif
COG saved: /p/11211992-tki-mangrove-restoration/01_data/1_Geoserver/400/subscores/ACC/ACC_N16W017.tif
COG saved: /p/11211992-tki-mangrove-restoration/01_data/1_Geoserver/400/subscores/ACC/ACC_N05E163.tif
COG saved: /p/11211992-tki-mangrove-restoration/01_data/1_Geoserver/400/subscores/ACC/ACC_N00W092.tif
COG saved: /p/11211992-tki-mangrove-restoration/01_data/1_Geoserver/400/subscores/ACC/ACC_N05W054.tif
COG saved: /p/11211992-tki-mangrove-restoration/01_data/1_Geoserver/400/subscores/ACC/ACC_S21E034.tif
COG saved: /p/11211992-tki-mangrove-restoration/01_data/1_Geoserver/400/subscores/ACC/ACC_N06W011.tif
COG saved: /p/11211992-tki-mangrove-restoration/01_data/1_Geoserver/400/subscores/ACC/ACC_S16E049.tif
COG saved: /p/11211992-tki-mangrove-restoration/01_data/1_Geoserver/400/subscores/ACC/ACC_N05W053.tif
>>> Processing time: 15_process_cog_files.py: 134.51 seconds


✅ All scripts completed successfully!
===============================================
