==========================================
SLURM_JOB_ID = 181707
SLURM_NODELIST = hal8-4vcpu0006
==========================================
✅ Using config file: config600.json
⏳ Starting tile processing workflow...
===============================================
Traceback (most recent call last):
  File "/p/11211992-tki-mangrove-restoration/02_scripts_and_processing/mrpm_tools/workflow_linux/07_process_coastline_rivers_distance.py", line 37, in <module>
    process_tiles_clips(tiles_dir, coastline_geometries, 500, "COA", coa_dir)
  File "/p/11211992-tki-mangrove-restoration/02_scripts_and_processing/mrpm_tools/workflow_linux/ras_utilities.py", line 190, in process_tiles_clips
    log = clip_coastline_to_single_tile(features, tile_path, output_dir, prefix, buffer, tile_id, log)
          ^^^^^^^^^^^^^^^^^^^^^^^^^^^^^^^^^^^^^^^^^^^^^^^^^^^^^^^^^^^^^^^^^^^^^^^^^^^^^^^^^^^^^^^^^^^^
  File "/p/11211992-tki-mangrove-restoration/02_scripts_and_processing/mrpm_tools/workflow_linux/ras_utilities.py", line 80, in clip_coastline_to_single_tile
    buffered = gpd.clip(buffered, tile_gdf['geometry'])
               ^^^^^^^^^^^^^^^^^^^^^^^^^^^^^^^^^^^^^^^^
  File "/u/fuentesm/.conda/envs/mrpm_env/lib/python3.12/site-packages/geopandas/tools/clip.py", line 223, in clip
    clipped = _clip_gdf_with_mask(gdf, combined_mask, sort=sort)
              ^^^^^^^^^^^^^^^^^^^^^^^^^^^^^^^^^^^^^^^^^^^^^^^^^^
  File "/u/fuentesm/.conda/envs/mrpm_env/lib/python3.12/site-packages/geopandas/tools/clip.py", line 98, in _clip_gdf_with_mask
    gdf_sub.geometry.values[non_point_mask].intersection(mask)
  File "/u/fuentesm/.conda/envs/mrpm_env/lib/python3.12/site-packages/geopandas/array.py", line 837, in intersection
    self._binary_method("intersection", self, other), crs=self.crs
    ^^^^^^^^^^^^^^^^^^^^^^^^^^^^^^^^^^^^^^^^^^^^^^^^
  File "/u/fuentesm/.conda/envs/mrpm_env/lib/python3.12/site-packages/geopandas/array.py", line 774, in _binary_method
    return getattr(shapely, op)(left._data, right, **kwargs)
           ^^^^^^^^^^^^^^^^^^^^^^^^^^^^^^^^^^^^^^^^^^^^^^^^^
  File "/u/fuentesm/.conda/envs/mrpm_env/lib/python3.12/site-packages/shapely/decorators.py", line 173, in wrapper
    result = func(*args, **kwargs)
             ^^^^^^^^^^^^^^^^^^^^^
  File "/u/fuentesm/.conda/envs/mrpm_env/lib/python3.12/site-packages/shapely/decorators.py", line 88, in wrapped
    return func(*args, **kwargs)
           ^^^^^^^^^^^^^^^^^^^^^
  File "/u/fuentesm/.conda/envs/mrpm_env/lib/python3.12/site-packages/shapely/set_operations.py", line 168, in intersection
    return lib.intersection(a, b, **kwargs)
           ^^^^^^^^^^^^^^^^^^^^^^^^^^^^^^^^
shapely.errors.GEOSException: TopologyException: side location conflict at -179.99818392810607 -16.929119021281092. This can occur if the input geometry is invalid.

ERROR conda.cli.main_run:execute(125): `conda run python 07_process_coastline_rivers_distance.py config600.json` failed. (See above for error)

>>> Processing tile: S01E042

>>> Processing tile: S32E152

>>> Processing tile: S33E137

>>> Processing tile: N29W092

>>> Processing tile: S05E145

>>> Processing tile: N07W060

>>> Processing tile: S01W092

>>> Processing tile: S02E149

>>> Processing tile: S05E144

>>> Processing tile: S05W082

>>> Processing tile: N09W076

>>> Processing tile: N12W071

>>> Processing tile: N17E038

>>> Processing tile: S15E040

>>> Processing tile: N27E055

>>> Processing tile: N09W077

>>> Processing tile: N14W018

>>> Processing tile: N17W072

>>> Processing tile: N15E040

>>> Processing tile: N04W009

>>> Processing tile: N12W070

>>> Processing tile: S18E049

>>> Processing tile: S01W091

>>> Processing tile: S15E126

>>> Processing tile: S17E177
Tile S17E177 has no features, skipping save.

>>> Processing tile: N22W080

>>> Processing tile: S18E038

>>> Processing tile: N24E038

>>> Processing tile: S23E043

>>> Processing tile: S15E127

>>> Processing tile: N27W083

>>> Processing tile: S15E047

>>> Processing tile: N22W081

>>> Processing tile: N11E092

>>> Processing tile: S23E035

>>> Processing tile: S33E027

>>> Processing tile: S10E150

>>> Processing tile: S10E126

>>> Processing tile: S05E055

>>> Processing tile: S10E046

>>> Processing tile: S10E151

>>> Processing tile: N00E009

>>> Processing tile: S10E047
Tile S10E047 has no features, skipping save.

>>> Processing tile: N09W073

>>> Processing tile: S33E028

>>> Processing tile: N07E134

>>> Processing tile: N04W003

>>> Processing tile: S08E144

>>> Processing tile: S03E152

>>> Processing tile: N05W010

>>> Processing tile: N24E035

>>> Processing tile: N19W081
Tile N19W081 has no features, skipping save.

>>> Processing tile: S33E029

>>> Processing tile: N23E067
Tile N23E067 has no features, skipping save.

>>> Processing tile: S08E145

>>> Processing tile: N05W011

>>> Processing tile: N00E006

>>> Processing tile: S11E166

>>> Processing tile: S15E129

>>> Processing tile: N25W082

>>> Processing tile: S22E148
Tile S22E148 has no features, skipping save.

>>> Processing tile: S12E152

>>> Processing tile: S17E178

>>> Processing tile: S13E141

>>> Processing tile: S18E037

>>> Processing tile: N24E037

>>> Processing tile: S15E128

>>> Processing tile: S03E151

>>> Processing tile: S17E179

srun: error: hal8-4vcpu0006: task 0: Exited with exit code 1

>>> Initializing QGIS
QGIS initialized successfully.
Processing native algorithms initialized successfully.

>>> Processing tile: S01E042
Skipping tile S01E042, COA_7500 missing (mandatory).

>>> Processing tile: S32E152
Skipping tile S32E152, COA_7500 missing (mandatory).

>>> Processing tile: S33E137
Skipping tile S33E137, COA_7500 missing (mandatory).

>>> Processing tile: N29W092
Skipping tile N29W092, COA_7500 missing (mandatory).

>>> Processing tile: S05E145
Skipping tile S05E145, COA_7500 missing (mandatory).

>>> Processing tile: N07W060
Skipping tile N07W060, COA_7500 missing (mandatory).

>>> Processing tile: S01W092
Skipping tile S01W092, COA_7500 missing (mandatory).

>>> Processing tile: S02E149
Skipping tile S02E149, COA_7500 missing (mandatory).

>>> Processing tile: S05E144
Skipping tile S05E144, COA_7500 missing (mandatory).

>>> Processing tile: S05W082
Skipping tile S05W082, COA_7500 missing (mandatory).

>>> Processing tile: N09W076
Skipping tile N09W076, COA_7500 missing (mandatory).

>>> Processing tile: N12W071
Skipping tile N12W071, COA_7500 missing (mandatory).

>>> Processing tile: N17E038
Skipping tile N17E038, COA_7500 missing (mandatory).

>>> Processing tile: S15E040
Skipping tile S15E040, COA_7500 missing (mandatory).

>>> Processing tile: N27E055
Skipping tile N27E055, COA_7500 missing (mandatory).

>>> Processing tile: N09W077
Skipping tile N09W077, COA_7500 missing (mandatory).

>>> Processing tile: N14W018
Skipping tile N14W018, COA_7500 missing (mandatory).

>>> Processing tile: N17W072
Skipping tile N17W072, COA_7500 missing (mandatory).

>>> Processing tile: N15E040
Skipping tile N15E040, COA_7500 missing (mandatory).

>>> Processing tile: N04W009
Skipping tile N04W009, COA_7500 missing (mandatory).

>>> Processing tile: N12W070
Skipping tile N12W070, COA_7500 missing (mandatory).

>>> Processing tile: S18E049
Skipping tile S18E049, COA_7500 missing (mandatory).

>>> Processing tile: S01W091
Skipping tile S01W091, COA_7500 missing (mandatory).

>>> Processing tile: S15E126
Skipping tile S15E126, COA_7500 missing (mandatory).

>>> Processing tile: S17E177
Skipping tile S17E177, COA_7500 missing (mandatory).

>>> Processing tile: N22W080
Skipping tile N22W080, COA_7500 missing (mandatory).

>>> Processing tile: S18E038
Skipping tile S18E038, COA_7500 missing (mandatory).

>>> Processing tile: N24E038
Skipping tile N24E038, COA_7500 missing (mandatory).

>>> Processing tile: S23E043
Skipping tile S23E043, COA_7500 missing (mandatory).

>>> Processing tile: S15E127
Skipping tile S15E127, COA_7500 missing (mandatory).

>>> Processing tile: N27W083
Skipping tile N27W083, COA_7500 missing (mandatory).

>>> Processing tile: S15E047
Skipping tile S15E047, COA_7500 missing (mandatory).

>>> Processing tile: N22W081
Skipping tile N22W081, COA_7500 missing (mandatory).

>>> Processing tile: N11E092
Skipping tile N11E092, COA_7500 missing (mandatory).

>>> Processing tile: S23E035
Skipping tile S23E035, COA_7500 missing (mandatory).

>>> Processing tile: S33E027
Skipping tile S33E027, COA_7500 missing (mandatory).

>>> Processing tile: S10E150
Skipping tile S10E150, COA_7500 missing (mandatory).

>>> Processing tile: S10E126
Skipping tile S10E126, COA_7500 missing (mandatory).

>>> Processing tile: S05E055
Skipping tile S05E055, COA_7500 missing (mandatory).

>>> Processing tile: S10E046
Skipping tile S10E046, COA_7500 missing (mandatory).

>>> Processing tile: S10E151
Skipping tile S10E151, COA_7500 missing (mandatory).

>>> Processing tile: N00E009
Skipping tile N00E009, COA_7500 missing (mandatory).

>>> Processing tile: S10E047
Skipping tile S10E047, COA_7500 missing (mandatory).

>>> Processing tile: N09W073
Skipping tile N09W073, COA_7500 missing (mandatory).

>>> Processing tile: S33E028
Skipping tile S33E028, COA_7500 missing (mandatory).

>>> Processing tile: N07E134
Skipping tile N07E134, COA_7500 missing (mandatory).

>>> Processing tile: N04W003
Skipping tile N04W003, COA_7500 missing (mandatory).

>>> Processing tile: S08E144
Skipping tile S08E144, COA_7500 missing (mandatory).

>>> Processing tile: S03E152
Skipping tile S03E152, COA_7500 missing (mandatory).

>>> Processing tile: N05W010
Skipping tile N05W010, COA_7500 missing (mandatory).

>>> Processing tile: N24E035
Skipping tile N24E035, COA_7500 missing (mandatory).

>>> Processing tile: N19W081
Skipping tile N19W081, COA_7500 missing (mandatory).

>>> Processing tile: S33E029
Skipping tile S33E029, COA_7500 missing (mandatory).

>>> Processing tile: N23E067
Skipping tile N23E067, COA_7500 missing (mandatory).

>>> Processing tile: S08E145
Skipping tile S08E145, COA_7500 missing (mandatory).

>>> Processing tile: N05W011
Skipping tile N05W011, COA_7500 missing (mandatory).

>>> Processing tile: N00E006
Skipping tile N00E006, COA_7500 missing (mandatory).

>>> Processing tile: S11E166
Skipping tile S11E166, COA_7500 missing (mandatory).

>>> Processing tile: S15E129
Skipping tile S15E129, COA_7500 missing (mandatory).

>>> Processing tile: N25W082
Skipping tile N25W082, COA_7500 missing (mandatory).

>>> Processing tile: S22E148
Skipping tile S22E148, COA_7500 missing (mandatory).

>>> Processing tile: S12E152
Skipping tile S12E152, COA_7500 missing (mandatory).

>>> Processing tile: S17E178
Skipping tile S17E178, COA_7500 missing (mandatory).

>>> Processing tile: S13E141
Skipping tile S13E141, COA_7500 missing (mandatory).

>>> Processing tile: S18E037
Skipping tile S18E037, COA_7500 missing (mandatory).

>>> Processing tile: N24E037
Skipping tile N24E037, COA_7500 missing (mandatory).

>>> Processing tile: S15E128
Skipping tile S15E128, COA_7500 missing (mandatory).

>>> Processing tile: S03E151
Skipping tile S03E151, COA_7500 missing (mandatory).

>>> Processing tile: S17E179
Skipping tile S17E179, COA_7500 missing (mandatory).

>>> Processing tile: S22E149
Skipping tile S22E149, COA_7500 missing (mandatory).

>>> Processing tile: S12E153
Skipping tile S12E153, COA_7500 missing (mandatory).

>>> Processing tile: S15E048
Skipping tile S15E048, COA_7500 missing (mandatory).

>>> Processing tile: N24E120
Skipping tile N24E120, COA_7500 missing (mandatory).

>>> Processing tile: N17E041
Skipping tile N17E041, COA_7500 missing (mandatory).

>>> Processing tile: N09W079
Skipping tile N09W079, COA_7500 missing (mandatory).

>>> Processing tile: S30E030
Skipping tile S30E030, COA_7500 missing (mandatory).

>>> Processing tile: S13E131
Skipping tile S13E131, COA_7500 missing (mandatory).

>>> Processing tile: S12E154
Skipping tile S12E154, COA_7500 missing (mandatory).

>>> Processing tile: N12E043
Skipping tile N12E043, COA_7500 missing (mandatory).

>>> Processing tile: N22E059
Skipping tile N22E059, COA_7500 missing (mandatory).

>>> Processing tile: N14W017
Skipping tile N14W017, COA_7500 missing (mandatory).

>>> Processing tile: S27E113
Skipping tile S27E113, COA_7500 missing (mandatory).

>>> Processing tile: N25E055
Skipping tile N25E055, COA_7500 missing (mandatory).

>>> Processing tile: S12E043
Skipping tile S12E043, COA_7500 missing (mandatory).

>>> Processing tile: S30E031
Skipping tile S30E031, COA_7500 missing (mandatory).

>>> Processing tile: N15E039
Skipping tile N15E039, COA_7500 missing (mandatory).

>>> Processing tile: S11E161
Skipping tile S11E161, COA_7500 missing (mandatory).

>>> Processing tile: N14W061
Skipping tile N14W061, COA_7500 missing (mandatory).

>>> Processing tile: N12E042
Skipping tile N12E042, COA_7500 missing (mandatory).

>>> Processing tile: S18W180
Skipping tile S18W180, COA_7500 missing (mandatory).

>>> Processing tile: S13E130
Skipping tile S13E130, COA_7500 missing (mandatory).

>>> Processing tile: S02E147
Skipping tile S02E147, COA_7500 missing (mandatory).

>>> Processing tile: N07W082
Skipping tile N07W082, COA_7500 missing (mandatory).

>>> Processing tile: S35E150
Skipping tile S35E150, COA_7500 missing (mandatory).

>>> Processing tile: S10E039
Skipping tile S10E039, COA_7500 missing (mandatory).

>>> Processing tile: S09E179
Skipping tile S09E179, COA_7500 missing (mandatory).

>>> Processing tile: S10E159
Skipping tile S10E159, COA_7500 missing (mandatory).

>>> Processing tile: S02E146
Application path not initialized
QStandardPaths: runtime directory '/run/user/1038055' is not a directory, but a symbolic link to a directory permissions 0775 owned by UID 1038055 GID 1000514
Logged warning: Duplicate provider native registered

Skipping tile S02E146, COA_7500 missing (mandatory).

>>> Processing tile: S35E151
Skipping tile S35E151, COA_7500 missing (mandatory).

>>> Processing tile: N01E173
Skipping tile N01E173, COA_7500 missing (mandatory).

>>> Processing tile: S08E143
Skipping tile S08E143, COA_7500 missing (mandatory).

>>> Processing tile: S03E147
Skipping tile S03E147, COA_7500 missing (mandatory).

>>> Processing tile: S05E039
Skipping tile S05E039, COA_7500 missing (mandatory).

>>> Processing tile: S02E042
Skipping tile S02E042, COA_7500 missing (mandatory).

>>> Processing tile: S02W092
Skipping tile S02W092, COA_7500 missing (mandatory).

>>> Processing tile: N05W005
Skipping tile N05W005, COA_7500 missing (mandatory).

>>> Processing tile: N19W078
Skipping tile N19W078, COA_7500 missing (mandatory).

>>> Processing tile: S03E146
Skipping tile S03E146, COA_7500 missing (mandatory).

>>> Processing tile: N32W065
Skipping tile N32W065, COA_7500 missing (mandatory).

>>> Processing tile: N05W004
Skipping tile N05W004, COA_7500 missing (mandatory).

>>> Processing tile: S11E013
Skipping tile S11E013, COA_7500 missing (mandatory).

>>> Processing tile: S22W160
Skipping tile S22W160, COA_7500 missing (mandatory).

>>> Processing tile: N24E054
Skipping tile N24E054, COA_7500 missing (mandatory).

>>> Processing tile: S19E179
Skipping tile S19E179, COA_7500 missing (mandatory).

>>> Processing tile: S12E131
Skipping tile S12E131, COA_7500 missing (mandatory).

>>> Processing tile: N18W156
Skipping tile N18W156, COA_7500 missing (mandatory).

>>> Processing tile: N15W017
Skipping tile N15W017, COA_7500 missing (mandatory).

>>> Processing tile: S29E114
Skipping tile S29E114, COA_7500 missing (mandatory).

>>> Processing tile: S26E113
Skipping tile S26E113, COA_7500 missing (mandatory).

>>> Processing tile: S13E043
Skipping tile S13E043, COA_7500 missing (mandatory).

>>> Processing tile: N09W086
Skipping tile N09W086, COA_7500 missing (mandatory).

>>> Processing tile: S17W151
Skipping tile S17W151, COA_7500 missing (mandatory).

>>> Processing tile: S25E151
Skipping tile S25E151, COA_7500 missing (mandatory).

>>> Processing tile: N27E049
Skipping tile N27E049, COA_7500 missing (mandatory).

>>> Processing tile: S19E178
Skipping tile S19E178, COA_7500 missing (mandatory).

>>> Processing tile: S12E130
Skipping tile S12E130, COA_7500 missing (mandatory).

>>> Processing tile: S18W179
Skipping tile S18W179, COA_7500 missing (mandatory).

>>> Processing tile: N24W082
Skipping tile N24W082, COA_7500 missing (mandatory).

>>> Processing tile: S21E119
Skipping tile S21E119, COA_7500 missing (mandatory).

>>> Processing tile: N06E093
Skipping tile N06E093, COA_7500 missing (mandatory).

>>> Processing tile: N25E121
Skipping tile N25E121, COA_7500 missing (mandatory).

>>> Processing tile: S15W171
Skipping tile S15W171, COA_7500 missing (mandatory).

>>> Processing tile: N17E054
Skipping tile N17E054, COA_7500 missing (mandatory).

>>> Processing tile: S12E141
Skipping tile S12E141, COA_7500 missing (mandatory).

>>> Processing tile: N25E037
Skipping tile N25E037, COA_7500 missing (mandatory).

>>> Processing tile: N24E052
Skipping tile N24E052, COA_7500 missing (mandatory).

>>> Processing tile: S21E118
Skipping tile S21E118, COA_7500 missing (mandatory).

>>> Processing tile: N17W068
Skipping tile N17W068, COA_7500 missing (mandatory).

>>> Processing tile: S12E136
Skipping tile S12E136, COA_7500 missing (mandatory).

>>> Processing tile: S23E149
Skipping tile S23E149, COA_7500 missing (mandatory).

>>> Processing tile: S18E145
Skipping tile S18E145, COA_7500 missing (mandatory).

>>> Processing tile: N09W080
Skipping tile N09W080, COA_7500 missing (mandatory).

>>> Processing tile: S13E045
Skipping tile S13E045, COA_7500 missing (mandatory).

>>> Processing tile: N24E053
Skipping tile N24E053, COA_7500 missing (mandatory).

>>> Processing tile: N25E036
Skipping tile N25E036, COA_7500 missing (mandatory).

>>> Processing tile: N02W078
Skipping tile N02W078, COA_7500 missing (mandatory).

>>> Processing tile: N07E151
Skipping tile N07E151, COA_7500 missing (mandatory).

>>> Processing tile: S08E157
Skipping tile S08E157, COA_7500 missing (mandatory).

>>> Processing tile: N04W010
Skipping tile N04W010, COA_7500 missing (mandatory).

>>> Processing tile: N29W089
Skipping tile N29W089, COA_7500 missing (mandatory).

>>> Processing tile: S32E029
Skipping tile S32E029, COA_7500 missing (mandatory).

>>> Processing tile: N02W079
Skipping tile N02W079, COA_7500 missing (mandatory).

>>> Processing tile: N05W002
Skipping tile N05W002, COA_7500 missing (mandatory).

>>> Processing tile: S39E177
Skipping tile S39E177, COA_7500 missing (mandatory).

>>> Processing tile: N25E034
Skipping tile N25E034, COA_7500 missing (mandatory).

>>> Processing tile: S08E156
Skipping tile S08E156, COA_7500 missing (mandatory).

>>> Processing tile: N06E005
Skipping tile N06E005, COA_7500 missing (mandatory).

>>> Processing tile: S10E143
Skipping tile S10E143, COA_7500 missing (mandatory).

>>> Processing tile: S08E158
Skipping tile S08E158, COA_7500 missing (mandatory).

>>> Processing tile: N19W070
Skipping tile N19W070, COA_7500 missing (mandatory).

>>> Processing tile: N06E073
Skipping tile N06E073, COA_7500 missing (mandatory).

>>> Processing tile: N06E004
Skipping tile N06E004, COA_7500 missing (mandatory).

>>> Processing tile: S28E032
Skipping tile S28E032, COA_7500 missing (mandatory).

>>> Processing tile: N19W071
Skipping tile N19W071, COA_7500 missing (mandatory).

>>> Processing tile: S10E142
Skipping tile S10E142, COA_7500 missing (mandatory).

>>> Processing tile: N01E009
Skipping tile N01E009, COA_7500 missing (mandatory).

>>> Processing tile: S08E039
Skipping tile S08E039, COA_7500 missing (mandatory).

>>> Processing tile: S05E151
Skipping tile S05E151, COA_7500 missing (mandatory).

>>> Processing tile: S03W172
Skipping tile S03W172, COA_7500 missing (mandatory).

>>> Processing tile: N17W066
Skipping tile N17W066, COA_7500 missing (mandatory).

>>> Processing tile: S21E116
Skipping tile S21E116, COA_7500 missing (mandatory).

>>> Processing tile: S15E143
Skipping tile S15E143, COA_7500 missing (mandatory).

>>> Processing tile: N22E035
Skipping tile N22E035, COA_7500 missing (mandatory).

>>> Processing tile: N09W063
Skipping tile N09W063, COA_7500 missing (mandatory).

>>> Processing tile: N09W015
Skipping tile N09W015, COA_7500 missing (mandatory).

>>> Processing tile: S22E034
Skipping tile S22E034, COA_7500 missing (mandatory).

>>> Processing tile: S15E135
Skipping tile S15E135, COA_7500 missing (mandatory).

>>> Processing tile: S22E043
Skipping tile S22E043, COA_7500 missing (mandatory).

>>> Processing tile: S21E117
Skipping tile S21E117, COA_7500 missing (mandatory).

>>> Processing tile: N17W067
Skipping tile N17W067, COA_7500 missing (mandatory).

>>> Processing tile: N09W062
Skipping tile N09W062, COA_7500 missing (mandatory).

>>> Processing tile: N09W014
Skipping tile N09W014, COA_7500 missing (mandatory).

>>> Processing tile: N10E092
Skipping tile N10E092, COA_7500 missing (mandatory).

>>> Processing tile: S22E035
Skipping tile S22E035, COA_7500 missing (mandatory).

>>> Processing tile: N22W078
Skipping tile N22W078, COA_7500 missing (mandatory).

>>> Processing tile: N12W062
Skipping tile N12W062, COA_7500 missing (mandatory).

>>> Processing tile: S21E166
Skipping tile S21E166, COA_7500 missing (mandatory).

>>> Processing tile: S15E145
Skipping tile S15E145, COA_7500 missing (mandatory).

>>> Processing tile: N09E138
Skipping tile N09E138, COA_7500 missing (mandatory).

>>> Processing tile: N22W079
Skipping tile N22W079, COA_7500 missing (mandatory).

>>> Processing tile: S10E146
Skipping tile S10E146, COA_7500 missing (mandatory).

>>> Processing tile: N14E040
Skipping tile N14E040, COA_7500 missing (mandatory).

>>> Processing tile: S15E144
Skipping tile S15E144, COA_7500 missing (mandatory).

>>> Processing tile: N12W015
Skipping tile N12W015, COA_7500 missing (mandatory).

>>> Processing tile: S19E177
Skipping tile S19E177, COA_7500 missing (mandatory).

>>> Processing tile: N19W076
Skipping tile N19W076, COA_7500 missing (mandatory).

>>> Processing tile: S33E152
Skipping tile S33E152, COA_7500 missing (mandatory).

>>> Processing tile: N29W081
Skipping tile N29W081, COA_7500 missing (mandatory).

>>> Processing tile: N07E158
Skipping tile N07E158, COA_7500 missing (mandatory).

>>> Processing tile: N06E002
Skipping tile N06E002, COA_7500 missing (mandatory).
Processing finished. Log saved to /p/11211992-tki-mangrove-restoration/01_data/0_Workflow/8_Coastline/600/COA_ADD.csv
>>> Processing time: 07_normalization_coastline.py: 0.15 seconds



>>> Initializing QGIS
QGIS initialized successfully.
Processing native algorithms initialized successfully.

>>> Processing tile: S01E042
Skipping tile S01E042, ove_2500 missing (mandatory).

>>> Processing tile: S32E152
Skipping tile S32E152, ove_2500 missing (mandatory).

>>> Processing tile: S33E137
Skipping tile S33E137, ove_2500 missing (mandatory).

>>> Processing tile: N29W092
Skipping tile N29W092, ove_2500 missing (mandatory).

>>> Processing tile: S05E145
Skipping tile S05E145, ove_2500 missing (mandatory).

>>> Processing tile: N07W060
Skipping tile N07W060, ove_2500 missing (mandatory).

>>> Processing tile: S01W092
Skipping tile S01W092, ove_2500 missing (mandatory).

>>> Processing tile: S02E149
Skipping tile S02E149, ove_2500 missing (mandatory).

>>> Processing tile: S05E144
Skipping tile S05E144, ove_2500 missing (mandatory).

>>> Processing tile: S05W082
Skipping tile S05W082, ove_2500 missing (mandatory).

>>> Processing tile: N09W076
Skipping tile N09W076, ove_2500 missing (mandatory).

>>> Processing tile: N12W071
Skipping tile N12W071, ove_2500 missing (mandatory).

>>> Processing tile: N17E038
Skipping tile N17E038, ove_2500 missing (mandatory).

>>> Processing tile: S15E040
Skipping tile S15E040, ove_2500 missing (mandatory).

>>> Processing tile: N27E055
Skipping tile N27E055, ove_2500 missing (mandatory).

>>> Processing tile: N09W077
Skipping tile N09W077, ove_2500 missing (mandatory).

>>> Processing tile: N14W018
Skipping tile N14W018, ove_2500 missing (mandatory).

>>> Processing tile: N17W072
Skipping tile N17W072, ove_2500 missing (mandatory).

>>> Processing tile: N15E040
Skipping tile N15E040, ove_2500 missing (mandatory).

>>> Processing tile: N04W009
Skipping tile N04W009, ove_2500 missing (mandatory).

>>> Processing tile: N12W070
Skipping tile N12W070, ove_2500 missing (mandatory).

>>> Processing tile: S18E049
Skipping tile S18E049, ove_2500 missing (mandatory).

>>> Processing tile: S01W091
Skipping tile S01W091, ove_2500 missing (mandatory).

>>> Processing tile: S15E126
Skipping tile S15E126, ove_2500 missing (mandatory).

>>> Processing tile: S17E177
Skipping tile S17E177, ove_2500 missing (mandatory).

>>> Processing tile: N22W080
Skipping tile N22W080, ove_2500 missing (mandatory).

>>> Processing tile: S18E038
Skipping tile S18E038, ove_2500 missing (mandatory).

>>> Processing tile: N24E038
Skipping tile N24E038, ove_2500 missing (mandatory).

>>> Processing tile: S23E043
Skipping tile S23E043, ove_2500 missing (mandatory).

>>> Processing tile: S15E127
Skipping tile S15E127, ove_2500 missing (mandatory).

>>> Processing tile: N27W083
Skipping tile N27W083, ove_2500 missing (mandatory).

>>> Processing tile: S15E047
Skipping tile S15E047, ove_2500 missing (mandatory).

>>> Processing tile: N22W081
Skipping tile N22W081, ove_2500 missing (mandatory).

>>> Processing tile: N11E092
Skipping tile N11E092, ove_2500 missing (mandatory).

>>> Processing tile: S23E035
Skipping tile S23E035, ove_2500 missing (mandatory).

>>> Processing tile: S33E027
Skipping tile S33E027, ove_2500 missing (mandatory).

>>> Processing tile: S10E150
Skipping tile S10E150, ove_2500 missing (mandatory).

>>> Processing tile: S10E126
Skipping tile S10E126, ove_2500 missing (mandatory).

>>> Processing tile: S05E055
Skipping tile S05E055, ove_2500 missing (mandatory).

>>> Processing tile: S10E046
Skipping tile S10E046, ove_2500 missing (mandatory).

>>> Processing tile: S10E151
Skipping tile S10E151, ove_2500 missing (mandatory).

>>> Processing tile: N00E009
Skipping tile N00E009, ove_2500 missing (mandatory).

>>> Processing tile: S10E047
Skipping tile S10E047, ove_2500 missing (mandatory).

>>> Processing tile: N09W073
Skipping tile N09W073, ove_2500 missing (mandatory).

>>> Processing tile: S33E028
Skipping tile S33E028, ove_2500 missing (mandatory).

>>> Processing tile: N07E134
Skipping tile N07E134, ove_2500 missing (mandatory).

>>> Processing tile: N04W003
Skipping tile N04W003, ove_2500 missing (mandatory).

>>> Processing tile: S08E144
Skipping tile S08E144, ove_2500 missing (mandatory).

Application path not initialized
QStandardPaths: runtime directory '/run/user/1038055' is not a directory, but a symbolic link to a directory permissions 0775 owned by UID 1038055 GID 1000514
Logged warning: Duplicate provider native registered

>>> Processing tile: S03E152
Skipping tile S03E152, ove_2500 missing (mandatory).

>>> Processing tile: N05W010
Skipping tile N05W010, ove_2500 missing (mandatory).

>>> Processing tile: N24E035
Skipping tile N24E035, ove_2500 missing (mandatory).

>>> Processing tile: N19W081
Skipping tile N19W081, ove_2500 missing (mandatory).

>>> Processing tile: S33E029
Skipping tile S33E029, ove_2500 missing (mandatory).

>>> Processing tile: N23E067
Skipping tile N23E067, ove_2500 missing (mandatory).

>>> Processing tile: S08E145
Skipping tile S08E145, ove_2500 missing (mandatory).

>>> Processing tile: N05W011
Skipping tile N05W011, ove_2500 missing (mandatory).

>>> Processing tile: N00E006
Skipping tile N00E006, ove_2500 missing (mandatory).

>>> Processing tile: S11E166
Skipping tile S11E166, ove_2500 missing (mandatory).

>>> Processing tile: S15E129
Skipping tile S15E129, ove_2500 missing (mandatory).

>>> Processing tile: N25W082
Skipping tile N25W082, ove_2500 missing (mandatory).

>>> Processing tile: S22E148
Skipping tile S22E148, ove_2500 missing (mandatory).

>>> Processing tile: S12E152
Skipping tile S12E152, ove_2500 missing (mandatory).

>>> Processing tile: S17E178
Skipping tile S17E178, ove_2500 missing (mandatory).

>>> Processing tile: S13E141
Skipping tile S13E141, ove_2500 missing (mandatory).

>>> Processing tile: S18E037
Skipping tile S18E037, ove_2500 missing (mandatory).

>>> Processing tile: N24E037
Skipping tile N24E037, ove_2500 missing (mandatory).

>>> Processing tile: S15E128
Skipping tile S15E128, ove_2500 missing (mandatory).

>>> Processing tile: S03E151
Skipping tile S03E151, ove_2500 missing (mandatory).

>>> Processing tile: S17E179
Skipping tile S17E179, ove_2500 missing (mandatory).

>>> Processing tile: S22E149
Skipping tile S22E149, ove_2500 missing (mandatory).

>>> Processing tile: S12E153
Skipping tile S12E153, ove_2500 missing (mandatory).

>>> Processing tile: S15E048
Skipping tile S15E048, ove_2500 missing (mandatory).

>>> Processing tile: N24E120
Skipping tile N24E120, ove_2500 missing (mandatory).

>>> Processing tile: N17E041
Skipping tile N17E041, ove_2500 missing (mandatory).

>>> Processing tile: N09W079
Skipping tile N09W079, ove_2500 missing (mandatory).

>>> Processing tile: S30E030
Skipping tile S30E030, ove_2500 missing (mandatory).

>>> Processing tile: S13E131
Skipping tile S13E131, ove_2500 missing (mandatory).

>>> Processing tile: S12E154
Skipping tile S12E154, ove_2500 missing (mandatory).

>>> Processing tile: N12E043
Skipping tile N12E043, ove_2500 missing (mandatory).

>>> Processing tile: N22E059
Skipping tile N22E059, ove_2500 missing (mandatory).

>>> Processing tile: N14W017
Skipping tile N14W017, ove_2500 missing (mandatory).

>>> Processing tile: S27E113
Skipping tile S27E113, ove_2500 missing (mandatory).

>>> Processing tile: N25E055
Skipping tile N25E055, ove_2500 missing (mandatory).

>>> Processing tile: S12E043
Skipping tile S12E043, ove_2500 missing (mandatory).

>>> Processing tile: S30E031
Skipping tile S30E031, ove_2500 missing (mandatory).

>>> Processing tile: N15E039
Skipping tile N15E039, ove_2500 missing (mandatory).

>>> Processing tile: S11E161
Skipping tile S11E161, ove_2500 missing (mandatory).

>>> Processing tile: N14W061
Skipping tile N14W061, ove_2500 missing (mandatory).

>>> Processing tile: N12E042
Skipping tile N12E042, ove_2500 missing (mandatory).

>>> Processing tile: S18W180
Skipping tile S18W180, ove_2500 missing (mandatory).

>>> Processing tile: S13E130
Skipping tile S13E130, ove_2500 missing (mandatory).

>>> Processing tile: S02E147
Skipping tile S02E147, ove_2500 missing (mandatory).

>>> Processing tile: N07W082
Skipping tile N07W082, ove_2500 missing (mandatory).

>>> Processing tile: S35E150
Skipping tile S35E150, ove_2500 missing (mandatory).

>>> Processing tile: S10E039
Skipping tile S10E039, ove_2500 missing (mandatory).

>>> Processing tile: S09E179
Skipping tile S09E179, ove_2500 missing (mandatory).

>>> Processing tile: S10E159
Skipping tile S10E159, ove_2500 missing (mandatory).

>>> Processing tile: S02E146
Skipping tile S02E146, ove_2500 missing (mandatory).

>>> Processing tile: S35E151
Skipping tile S35E151, ove_2500 missing (mandatory).

>>> Processing tile: N01E173
Skipping tile N01E173, ove_2500 missing (mandatory).

>>> Processing tile: S08E143
Skipping tile S08E143, ove_2500 missing (mandatory).

>>> Processing tile: S03E147
Skipping tile S03E147, ove_2500 missing (mandatory).

>>> Processing tile: S05E039
Skipping tile S05E039, ove_2500 missing (mandatory).

>>> Processing tile: S02E042
Skipping tile S02E042, ove_2500 missing (mandatory).

>>> Processing tile: S02W092
Skipping tile S02W092, ove_2500 missing (mandatory).

>>> Processing tile: N05W005
Skipping tile N05W005, ove_2500 missing (mandatory).

>>> Processing tile: N19W078
Skipping tile N19W078, ove_2500 missing (mandatory).

>>> Processing tile: S03E146
Skipping tile S03E146, ove_2500 missing (mandatory).

>>> Processing tile: N32W065
Skipping tile N32W065, ove_2500 missing (mandatory).

>>> Processing tile: N05W004
Skipping tile N05W004, ove_2500 missing (mandatory).

>>> Processing tile: S11E013
Skipping tile S11E013, ove_2500 missing (mandatory).

>>> Processing tile: S22W160
Skipping tile S22W160, ove_2500 missing (mandatory).

>>> Processing tile: N24E054
Skipping tile N24E054, ove_2500 missing (mandatory).

>>> Processing tile: S19E179
Skipping tile S19E179, ove_2500 missing (mandatory).

>>> Processing tile: S12E131
Skipping tile S12E131, ove_2500 missing (mandatory).

>>> Processing tile: N18W156
Skipping tile N18W156, ove_2500 missing (mandatory).

>>> Processing tile: N15W017
Skipping tile N15W017, ove_2500 missing (mandatory).

>>> Processing tile: S29E114
Skipping tile S29E114, ove_2500 missing (mandatory).

>>> Processing tile: S26E113
Skipping tile S26E113, ove_2500 missing (mandatory).

>>> Processing tile: S13E043
Skipping tile S13E043, ove_2500 missing (mandatory).

>>> Processing tile: N09W086
Skipping tile N09W086, ove_2500 missing (mandatory).

>>> Processing tile: S17W151
Skipping tile S17W151, ove_2500 missing (mandatory).

>>> Processing tile: S25E151
Skipping tile S25E151, ove_2500 missing (mandatory).

>>> Processing tile: N27E049
Skipping tile N27E049, ove_2500 missing (mandatory).

>>> Processing tile: S19E178
Skipping tile S19E178, ove_2500 missing (mandatory).

>>> Processing tile: S12E130
Skipping tile S12E130, ove_2500 missing (mandatory).

>>> Processing tile: S18W179
Skipping tile S18W179, ove_2500 missing (mandatory).

>>> Processing tile: N24W082
Skipping tile N24W082, ove_2500 missing (mandatory).

>>> Processing tile: S21E119
Skipping tile S21E119, ove_2500 missing (mandatory).

>>> Processing tile: N06E093
Skipping tile N06E093, ove_2500 missing (mandatory).

>>> Processing tile: N25E121
Skipping tile N25E121, ove_2500 missing (mandatory).

>>> Processing tile: S15W171
Skipping tile S15W171, ove_2500 missing (mandatory).

>>> Processing tile: N17E054
Skipping tile N17E054, ove_2500 missing (mandatory).

>>> Processing tile: S12E141
Skipping tile S12E141, ove_2500 missing (mandatory).

>>> Processing tile: N25E037
Skipping tile N25E037, ove_2500 missing (mandatory).

>>> Processing tile: N24E052
Skipping tile N24E052, ove_2500 missing (mandatory).

>>> Processing tile: S21E118
Skipping tile S21E118, ove_2500 missing (mandatory).

>>> Processing tile: N17W068
Skipping tile N17W068, ove_2500 missing (mandatory).

>>> Processing tile: S12E136
Skipping tile S12E136, ove_2500 missing (mandatory).

>>> Processing tile: S23E149
Skipping tile S23E149, ove_2500 missing (mandatory).

>>> Processing tile: S18E145
Skipping tile S18E145, ove_2500 missing (mandatory).

>>> Processing tile: N09W080
Skipping tile N09W080, ove_2500 missing (mandatory).

>>> Processing tile: S13E045
Skipping tile S13E045, ove_2500 missing (mandatory).

>>> Processing tile: N24E053
Skipping tile N24E053, ove_2500 missing (mandatory).

>>> Processing tile: N25E036
Skipping tile N25E036, ove_2500 missing (mandatory).

>>> Processing tile: N02W078
Skipping tile N02W078, ove_2500 missing (mandatory).

>>> Processing tile: N07E151
Skipping tile N07E151, ove_2500 missing (mandatory).

>>> Processing tile: S08E157
Skipping tile S08E157, ove_2500 missing (mandatory).

>>> Processing tile: N04W010
Skipping tile N04W010, ove_2500 missing (mandatory).

>>> Processing tile: N29W089
Skipping tile N29W089, ove_2500 missing (mandatory).

>>> Processing tile: S32E029
Skipping tile S32E029, ove_2500 missing (mandatory).

>>> Processing tile: N02W079
Skipping tile N02W079, ove_2500 missing (mandatory).

>>> Processing tile: N05W002
Skipping tile N05W002, ove_2500 missing (mandatory).

>>> Processing tile: S39E177
Skipping tile S39E177, ove_2500 missing (mandatory).

>>> Processing tile: N25E034
Skipping tile N25E034, ove_2500 missing (mandatory).

>>> Processing tile: S08E156
Skipping tile S08E156, ove_2500 missing (mandatory).

>>> Processing tile: N06E005
Skipping tile N06E005, ove_2500 missing (mandatory).

>>> Processing tile: S10E143
Skipping tile S10E143, ove_2500 missing (mandatory).

>>> Processing tile: S08E158
Skipping tile S08E158, ove_2500 missing (mandatory).

>>> Processing tile: N19W070
Skipping tile N19W070, ove_2500 missing (mandatory).

>>> Processing tile: N06E073
Skipping tile N06E073, ove_2500 missing (mandatory).

>>> Processing tile: N06E004
Skipping tile N06E004, ove_2500 missing (mandatory).

>>> Processing tile: S28E032
Skipping tile S28E032, ove_2500 missing (mandatory).

>>> Processing tile: N19W071
Skipping tile N19W071, ove_2500 missing (mandatory).

>>> Processing tile: S10E142
Skipping tile S10E142, ove_2500 missing (mandatory).

>>> Processing tile: N01E009
Skipping tile N01E009, ove_2500 missing (mandatory).

>>> Processing tile: S08E039
Skipping tile S08E039, ove_2500 missing (mandatory).

>>> Processing tile: S05E151
Skipping tile S05E151, ove_2500 missing (mandatory).

>>> Processing tile: S03W172
Skipping tile S03W172, ove_2500 missing (mandatory).

>>> Processing tile: N17W066
Skipping tile N17W066, ove_2500 missing (mandatory).

>>> Processing tile: S21E116
Skipping tile S21E116, ove_2500 missing (mandatory).

>>> Processing tile: S15E143
Skipping tile S15E143, ove_2500 missing (mandatory).

>>> Processing tile: N22E035
Skipping tile N22E035, ove_2500 missing (mandatory).

>>> Processing tile: N09W063
Skipping tile N09W063, ove_2500 missing (mandatory).

>>> Processing tile: N09W015
Skipping tile N09W015, ove_2500 missing (mandatory).

>>> Processing tile: S22E034
Skipping tile S22E034, ove_2500 missing (mandatory).

>>> Processing tile: S15E135
Skipping tile S15E135, ove_2500 missing (mandatory).

>>> Processing tile: S22E043
Skipping tile S22E043, ove_2500 missing (mandatory).

>>> Processing tile: S21E117
Skipping tile S21E117, ove_2500 missing (mandatory).

>>> Processing tile: N17W067
Skipping tile N17W067, ove_2500 missing (mandatory).

>>> Processing tile: N09W062
Skipping tile N09W062, ove_2500 missing (mandatory).

>>> Processing tile: N09W014
Skipping tile N09W014, ove_2500 missing (mandatory).

>>> Processing tile: N10E092
Skipping tile N10E092, ove_2500 missing (mandatory).

>>> Processing tile: S22E035
Skipping tile S22E035, ove_2500 missing (mandatory).

>>> Processing tile: N22W078
Skipping tile N22W078, ove_2500 missing (mandatory).

>>> Processing tile: N12W062
Skipping tile N12W062, ove_2500 missing (mandatory).

>>> Processing tile: S21E166
Skipping tile S21E166, ove_2500 missing (mandatory).

>>> Processing tile: S15E145
Skipping tile S15E145, ove_2500 missing (mandatory).

>>> Processing tile: N09E138
Skipping tile N09E138, ove_2500 missing (mandatory).

>>> Processing tile: N22W079
Skipping tile N22W079, ove_2500 missing (mandatory).

>>> Processing tile: S10E146
Skipping tile S10E146, ove_2500 missing (mandatory).

>>> Processing tile: N14E040
Skipping tile N14E040, ove_2500 missing (mandatory).

>>> Processing tile: S15E144
Skipping tile S15E144, ove_2500 missing (mandatory).

>>> Processing tile: N12W015
Skipping tile N12W015, ove_2500 missing (mandatory).

>>> Processing tile: S19E177
Skipping tile S19E177, ove_2500 missing (mandatory).

>>> Processing tile: N19W076
Skipping tile N19W076, ove_2500 missing (mandatory).

>>> Processing tile: S33E152
Skipping tile S33E152, ove_2500 missing (mandatory).

>>> Processing tile: N29W081
Skipping tile N29W081, ove_2500 missing (mandatory).

>>> Processing tile: N07E158
Skipping tile N07E158, ove_2500 missing (mandatory).

>>> Processing tile: N06E002
Skipping tile N06E002, ove_2500 missing (mandatory).
Processing finished. Log saved to /p/11211992-tki-mangrove-restoration/01_data/0_Workflow/7_Rivers/600/OVE_ADD.csv
>>> Processing time: 07_normalization_rivers.py: 0.12 seconds



>>> Initializing QGIS
QGIS initialized successfully.
Processing native algorithms initialized successfully.

>>> Processing tile: S01E042
⚠️ Raster missing for tile S01E042: /p/11211992-tki-mangrove-restoration/01_data/0_Workflow/8_Coastline/600/PRC_S01E042.tif
✅ Created placeholder raster: /p/11211992-tki-mangrove-restoration/01_data/0_Workflow/8_Coastline/600/PRC_S01E042.tif
⚠️ Raster missing for tile S01E042: /p/11211992-tki-mangrove-restoration/01_data/0_Workflow/7_Rivers/600/PRR_S01E042.tif
✅ Created placeholder raster: /p/11211992-tki-mangrove-restoration/01_data/0_Workflow/7_Rivers/600/PRR_S01E042.tif
📐 Raster calculator expression:
(((("PRC_S01E042@1" = 0) - ("PRR_S01E042@1" > 0) - ("PRM_S01E042@1" > (60/100))) > 0) + "GMW_S01E042_2020@1" + "LAN_S01E042@1" + "WAT_S01E042@1") > 0
✔ Saved: /p/11211992-tki-mangrove-restoration/01_data/0_Workflow/13_Mask/600/NVA_S01E042.tif
🗑️ Deleted temporal file: /p/11211992-tki-mangrove-restoration/01_data/0_Workflow/13_Mask/600/BIN_S01E042.tif
🗑️ Deleted temporal file: /p/11211992-tki-mangrove-restoration/01_data/0_Workflow/13_Mask/600/FIL_S01E042.tif

>>> Processing tile: S32E152
⚠️ Raster missing for tile S32E152: /p/11211992-tki-mangrove-restoration/01_data/0_Workflow/8_Coastline/600/PRC_S32E152.tif
✅ Created placeholder raster: /p/11211992-tki-mangrove-restoration/01_data/0_Workflow/8_Coastline/600/PRC_S32E152.tif
⚠️ Raster missing for tile S32E152: /p/11211992-tki-mangrove-restoration/01_data/0_Workflow/7_Rivers/600/PRR_S32E152.tif
✅ Created placeholder raster: /p/11211992-tki-mangrove-restoration/01_data/0_Workflow/7_Rivers/600/PRR_S32E152.tif
📐 Raster calculator expression:
(((("PRC_S32E152@1" = 0) - ("PRR_S32E152@1" > 0) - ("PRM_S32E152@1" > (60/100))) > 0) + "GMW_S32E152_2020@1" + "LAN_S32E152@1" + "WAT_S32E152@1") > 0
✔ Saved: /p/11211992-tki-mangrove-restoration/01_data/0_Workflow/13_Mask/600/NVA_S32E152.tif
🗑️ Deleted temporal file: /p/11211992-tki-mangrove-restoration/01_data/0_Workflow/13_Mask/600/BIN_S32E152.tif
🗑️ Deleted temporal file: /p/11211992-tki-mangrove-restoration/01_data/0_Workflow/13_Mask/600/FIL_S32E152.tif

>>> Processing tile: S33E137
⚠️ Raster missing for tile S33E137: /p/11211992-tki-mangrove-restoration/01_data/0_Workflow/8_Coastline/600/PRC_S33E137.tif
✅ Created placeholder raster: /p/11211992-tki-mangrove-restoration/01_data/0_Workflow/8_Coastline/600/PRC_S33E137.tif
⚠️ Raster missing for tile S33E137: /p/11211992-tki-mangrove-restoration/01_data/0_Workflow/7_Rivers/600/PRR_S33E137.tif
✅ Created placeholder raster: /p/11211992-tki-mangrove-restoration/01_data/0_Workflow/7_Rivers/600/PRR_S33E137.tif
📐 Raster calculator expression:
(((("PRC_S33E137@1" = 0) - ("PRR_S33E137@1" > 0) - ("PRM_S33E137@1" > (60/100))) > 0) + "GMW_S33E137_2020@1" + "LAN_S33E137@1" + "WAT_S33E137@1") > 0
✔ Saved: /p/11211992-tki-mangrove-restoration/01_data/0_Workflow/13_Mask/600/NVA_S33E137.tif
🗑️ Deleted temporal file: /p/11211992-tki-mangrove-restoration/01_data/0_Workflow/13_Mask/600/BIN_S33E137.tif
🗑️ Deleted temporal file: /p/11211992-tki-mangrove-restoration/01_data/0_Workflow/13_Mask/600/FIL_S33E137.tif

>>> Processing tile: N29W092
⚠️ Raster missing for tile N29W092: /p/11211992-tki-mangrove-restoration/01_data/0_Workflow/8_Coastline/600/PRC_N29W092.tif
✅ Created placeholder raster: /p/11211992-tki-mangrove-restoration/01_data/0_Workflow/8_Coastline/600/PRC_N29W092.tif
⚠️ Raster missing for tile N29W092: /p/11211992-tki-mangrove-restoration/01_data/0_Workflow/7_Rivers/600/PRR_N29W092.tif
✅ Created placeholder raster: /p/11211992-tki-mangrove-restoration/01_data/0_Workflow/7_Rivers/600/PRR_N29W092.tif
📐 Raster calculator expression:
(((("PRC_N29W092@1" = 0) - ("PRR_N29W092@1" > 0) - ("PRM_N29W092@1" > (60/100))) > 0) + "GMW_N29W092_2020@1" + "LAN_N29W092@1" + "WAT_N29W092@1") > 0
✔ Saved: /p/11211992-tki-mangrove-restoration/01_data/0_Workflow/13_Mask/600/NVA_N29W092.tif
🗑️ Deleted temporal file: /p/11211992-tki-mangrove-restoration/01_data/0_Workflow/13_Mask/600/BIN_N29W092.tif
🗑️ Deleted temporal file: /p/11211992-tki-mangrove-restoration/01_data/0_Workflow/13_Mask/600/FIL_N29W092.tif

>>> Processing tile: S05E145
⚠️ Raster missing for tile S05E145: /p/11211992-tki-mangrove-restoration/01_data/0_Workflow/8_Coastline/600/PRC_S05E145.tif
✅ Created placeholder raster: /p/11211992-tki-mangrove-restoration/01_data/0_Workflow/8_Coastline/600/PRC_S05E145.tif
⚠️ Raster missing for tile S05E145: /p/11211992-tki-mangrove-restoration/01_data/0_Workflow/7_Rivers/600/PRR_S05E145.tif
✅ Created placeholder raster: /p/11211992-tki-mangrove-restoration/01_data/0_Workflow/7_Rivers/600/PRR_S05E145.tif
📐 Raster calculator expression:
(((("PRC_S05E145@1" = 0) - ("PRR_S05E145@1" > 0) - ("PRM_S05E145@1" > (60/100))) > 0) + "GMW_S05E145_2020@1" + "LAN_S05E145@1" + "WAT_S05E145@1") > 0
✔ Saved: /p/11211992-tki-mangrove-restoration/01_data/0_Workflow/13_Mask/600/NVA_S05E145.tif
🗑️ Deleted temporal file: /p/11211992-tki-mangrove-restoration/01_data/0_Workflow/13_Mask/600/BIN_S05E145.tif
🗑️ Deleted temporal file: /p/11211992-tki-mangrove-restoration/01_data/0_Workflow/13_Mask/600/FIL_S05E145.tif

>>> Processing tile: N07W060
⚠️ Raster missing for tile N07W060: /p/11211992-tki-mangrove-restoration/01_data/0_Workflow/8_Coastline/600/PRC_N07W060.tif
✅ Created placeholder raster: /p/11211992-tki-mangrove-restoration/01_data/0_Workflow/8_Coastline/600/PRC_N07W060.tif
⚠️ Raster missing for tile N07W060: /p/11211992-tki-mangrove-restoration/01_data/0_Workflow/7_Rivers/600/PRR_N07W060.tif
✅ Created placeholder raster: /p/11211992-tki-mangrove-restoration/01_data/0_Workflow/7_Rivers/600/PRR_N07W060.tif
📐 Raster calculator expression:
(((("PRC_N07W060@1" = 0) - ("PRR_N07W060@1" > 0) - ("PRM_N07W060@1" > (60/100))) > 0) + "GMW_N07W060_2020@1" + "LAN_N07W060@1" + "WAT_N07W060@1") > 0
✔ Saved: /p/11211992-tki-mangrove-restoration/01_data/0_Workflow/13_Mask/600/NVA_N07W060.tif
🗑️ Deleted temporal file: /p/11211992-tki-mangrove-restoration/01_data/0_Workflow/13_Mask/600/BIN_N07W060.tif
🗑️ Deleted temporal file: /p/11211992-tki-mangrove-restoration/01_data/0_Workflow/13_Mask/600/FIL_N07W060.tif

>>> Processing tile: S01W092
⚠️ Raster missing for tile S01W092: /p/11211992-tki-mangrove-restoration/01_data/0_Workflow/8_Coastline/600/PRC_S01W092.tif
✅ Created placeholder raster: /p/11211992-tki-mangrove-restoration/01_data/0_Workflow/8_Coastline/600/PRC_S01W092.tif
⚠️ Raster missing for tile S01W092: /p/11211992-tki-mangrove-restoration/01_data/0_Workflow/7_Rivers/600/PRR_S01W092.tif
✅ Created placeholder raster: /p/11211992-tki-mangrove-restoration/01_data/0_Workflow/7_Rivers/600/PRR_S01W092.tif
📐 Raster calculator expression:
(((("PRC_S01W092@1" = 0) - ("PRR_S01W092@1" > 0) - ("PRM_S01W092@1" > (60/100))) > 0) + "GMW_S01W092_2020@1" + "LAN_S01W092@1" + "WAT_S01W092@1") > 0
✔ Saved: /p/11211992-tki-mangrove-restoration/01_data/0_Workflow/13_Mask/600/NVA_S01W092.tif
🗑️ Deleted temporal file: /p/11211992-tki-mangrove-restoration/01_data/0_Workflow/13_Mask/600/BIN_S01W092.tif
🗑️ Deleted temporal file: /p/11211992-tki-mangrove-restoration/01_data/0_Workflow/13_Mask/600/FIL_S01W092.tif

>>> Processing tile: S02E149
⚠️ Raster missing for tile S02E149: /p/11211992-tki-mangrove-restoration/01_data/0_Workflow/8_Coastline/600/PRC_S02E149.tif
✅ Created placeholder raster: /p/11211992-tki-mangrove-restoration/01_data/0_Workflow/8_Coastline/600/PRC_S02E149.tif
⚠️ Raster missing for tile S02E149: /p/11211992-tki-mangrove-restoration/01_data/0_Workflow/7_Rivers/600/PRR_S02E149.tif
✅ Created placeholder raster: /p/11211992-tki-mangrove-restoration/01_data/0_Workflow/7_Rivers/600/PRR_S02E149.tif
📐 Raster calculator expression:
(((("PRC_S02E149@1" = 0) - ("PRR_S02E149@1" > 0) - ("PRM_S02E149@1" > (60/100))) > 0) + "GMW_S02E149_2020@1" + "LAN_S02E149@1" + "WAT_S02E149@1") > 0
✔ Saved: /p/11211992-tki-mangrove-restoration/01_data/0_Workflow/13_Mask/600/NVA_S02E149.tif
🗑️ Deleted temporal file: /p/11211992-tki-mangrove-restoration/01_data/0_Workflow/13_Mask/600/BIN_S02E149.tif
🗑️ Deleted temporal file: /p/11211992-tki-mangrove-restoration/01_data/0_Workflow/13_Mask/600/FIL_S02E149.tif

>>> Processing tile: S05E144
⚠️ Raster missing for tile S05E144: /p/11211992-tki-mangrove-restoration/01_data/0_Workflow/8_Coastline/600/PRC_S05E144.tif
✅ Created placeholder raster: /p/11211992-tki-mangrove-restoration/01_data/0_Workflow/8_Coastline/600/PRC_S05E144.tif
⚠️ Raster missing for tile S05E144: /p/11211992-tki-mangrove-restoration/01_data/0_Workflow/7_Rivers/600/PRR_S05E144.tif
✅ Created placeholder raster: /p/11211992-tki-mangrove-restoration/01_data/0_Workflow/7_Rivers/600/PRR_S05E144.tif
📐 Raster calculator expression:
(((("PRC_S05E144@1" = 0) - ("PRR_S05E144@1" > 0) - ("PRM_S05E144@1" > (60/100))) > 0) + "GMW_S05E144_2020@1" + "LAN_S05E144@1" + "WAT_S05E144@1") > 0
✔ Saved: /p/11211992-tki-mangrove-restoration/01_data/0_Workflow/13_Mask/600/NVA_S05E144.tif
🗑️ Deleted temporal file: /p/11211992-tki-mangrove-restoration/01_data/0_Workflow/13_Mask/600/BIN_S05E144.tif
🗑️ Deleted temporal file: /p/11211992-tki-mangrove-restoration/01_data/0_Workflow/13_Mask/600/FIL_S05E144.tif

>>> Processing tile: S05W082
⚠️ Raster missing for tile S05W082: /p/11211992-tki-mangrove-restoration/01_data/0_Workflow/8_Coastline/600/PRC_S05W082.tif
✅ Created placeholder raster: /p/11211992-tki-mangrove-restoration/01_data/0_Workflow/8_Coastline/600/PRC_S05W082.tif
⚠️ Raster missing for tile S05W082: /p/11211992-tki-mangrove-restoration/01_data/0_Workflow/7_Rivers/600/PRR_S05W082.tif
✅ Created placeholder raster: /p/11211992-tki-mangrove-restoration/01_data/0_Workflow/7_Rivers/600/PRR_S05W082.tif
📐 Raster calculator expression:
(((("PRC_S05W082@1" = 0) - ("PRR_S05W082@1" > 0) - ("PRM_S05W082@1" > (60/100))) > 0) + "GMW_S05W082_2020@1" + "LAN_S05W082@1" + "WAT_S05W082@1") > 0
✔ Saved: /p/11211992-tki-mangrove-restoration/01_data/0_Workflow/13_Mask/600/NVA_S05W082.tif
🗑️ Deleted temporal file: /p/11211992-tki-mangrove-restoration/01_data/0_Workflow/13_Mask/600/BIN_S05W082.tif
🗑️ Deleted temporal file: /p/11211992-tki-mangrove-restoration/01_data/0_Workflow/13_Mask/600/FIL_S05W082.tif

>>> Processing tile: N09W076
⚠️ Raster missing for tile N09W076: /p/11211992-tki-mangrove-restoration/01_data/0_Workflow/8_Coastline/600/PRC_N09W076.tif
✅ Created placeholder raster: /p/11211992-tki-mangrove-restoration/01_data/0_Workflow/8_Coastline/600/PRC_N09W076.tif
⚠️ Raster missing for tile N09W076: /p/11211992-tki-mangrove-restoration/01_data/0_Workflow/7_Rivers/600/PRR_N09W076.tif
✅ Created placeholder raster: /p/11211992-tki-mangrove-restoration/01_data/0_Workflow/7_Rivers/600/PRR_N09W076.tif
📐 Raster calculator expression:
(((("PRC_N09W076@1" = 0) - ("PRR_N09W076@1" > 0) - ("PRM_N09W076@1" > (60/100))) > 0) + "GMW_N09W076_2020@1" + "LAN_N09W076@1" + "WAT_N09W076@1") > 0
✔ Saved: /p/11211992-tki-mangrove-restoration/01_data/0_Workflow/13_Mask/600/NVA_N09W076.tif
🗑️ Deleted temporal file: /p/11211992-tki-mangrove-restoration/01_data/0_Workflow/13_Mask/600/BIN_N09W076.tif
🗑️ Deleted temporal file: /p/11211992-tki-mangrove-restoration/01_data/0_Workflow/13_Mask/600/FIL_N09W076.tif

>>> Processing tile: N12W071
⚠️ Raster missing for tile N12W071: /p/11211992-tki-mangrove-restoration/01_data/0_Workflow/8_Coastline/600/PRC_N12W071.tif
✅ Created placeholder raster: /p/11211992-tki-mangrove-restoration/01_data/0_Workflow/8_Coastline/600/PRC_N12W071.tif
⚠️ Raster missing for tile N12W071: /p/11211992-tki-mangrove-restoration/01_data/0_Workflow/7_Rivers/600/PRR_N12W071.tif
✅ Created placeholder raster: /p/11211992-tki-mangrove-restoration/01_data/0_Workflow/7_Rivers/600/PRR_N12W071.tif
📐 Raster calculator expression:
(((("PRC_N12W071@1" = 0) - ("PRR_N12W071@1" > 0) - ("PRM_N12W071@1" > (60/100))) > 0) + "GMW_N12W071_2020@1" + "LAN_N12W071@1" + "WAT_N12W071@1") > 0
✔ Saved: /p/11211992-tki-mangrove-restoration/01_data/0_Workflow/13_Mask/600/NVA_N12W071.tif
🗑️ Deleted temporal file: /p/11211992-tki-mangrove-restoration/01_data/0_Workflow/13_Mask/600/BIN_N12W071.tif
🗑️ Deleted temporal file: /p/11211992-tki-mangrove-restoration/01_data/0_Workflow/13_Mask/600/FIL_N12W071.tif

>>> Processing tile: N17E038
⚠️ Raster missing for tile N17E038: /p/11211992-tki-mangrove-restoration/01_data/0_Workflow/8_Coastline/600/PRC_N17E038.tif
✅ Created placeholder raster: /p/11211992-tki-mangrove-restoration/01_data/0_Workflow/8_Coastline/600/PRC_N17E038.tif
⚠️ Raster missing for tile N17E038: /p/11211992-tki-mangrove-restoration/01_data/0_Workflow/7_Rivers/600/PRR_N17E038.tif
✅ Created placeholder raster: /p/11211992-tki-mangrove-restoration/01_data/0_Workflow/7_Rivers/600/PRR_N17E038.tif
📐 Raster calculator expression:
(((("PRC_N17E038@1" = 0) - ("PRR_N17E038@1" > 0) - ("PRM_N17E038@1" > (60/100))) > 0) + "GMW_N17E038_2020@1" + "LAN_N17E038@1" + "WAT_N17E038@1") > 0
✔ Saved: /p/11211992-tki-mangrove-restoration/01_data/0_Workflow/13_Mask/600/NVA_N17E038.tif
🗑️ Deleted temporal file: /p/11211992-tki-mangrove-restoration/01_data/0_Workflow/13_Mask/600/BIN_N17E038.tif
🗑️ Deleted temporal file: /p/11211992-tki-mangrove-restoration/01_data/0_Workflow/13_Mask/600/FIL_N17E038.tif

>>> Processing tile: S15E040
⚠️ Raster missing for tile S15E040: /p/11211992-tki-mangrove-restoration/01_data/0_Workflow/8_Coastline/600/PRC_S15E040.tif
✅ Created placeholder raster: /p/11211992-tki-mangrove-restoration/01_data/0_Workflow/8_Coastline/600/PRC_S15E040.tif
⚠️ Raster missing for tile S15E040: /p/11211992-tki-mangrove-restoration/01_data/0_Workflow/7_Rivers/600/PRR_S15E040.tif
✅ Created placeholder raster: /p/11211992-tki-mangrove-restoration/01_data/0_Workflow/7_Rivers/600/PRR_S15E040.tif
📐 Raster calculator expression:
(((("PRC_S15E040@1" = 0) - ("PRR_S15E040@1" > 0) - ("PRM_S15E040@1" > (60/100))) > 0) + "GMW_S15E040_2020@1" + "LAN_S15E040@1" + "WAT_S15E040@1") > 0
✔ Saved: /p/11211992-tki-mangrove-restoration/01_data/0_Workflow/13_Mask/600/NVA_S15E040.tif
🗑️ Deleted temporal file: /p/11211992-tki-mangrove-restoration/01_data/0_Workflow/13_Mask/600/BIN_S15E040.tif
🗑️ Deleted temporal file: /p/11211992-tki-mangrove-restoration/01_data/0_Workflow/13_Mask/600/FIL_S15E040.tif

>>> Processing tile: N27E055
⚠️ Raster missing for tile N27E055: /p/11211992-tki-mangrove-restoration/01_data/0_Workflow/8_Coastline/600/PRC_N27E055.tif
✅ Created placeholder raster: /p/11211992-tki-mangrove-restoration/01_data/0_Workflow/8_Coastline/600/PRC_N27E055.tif
⚠️ Raster missing for tile N27E055: /p/11211992-tki-mangrove-restoration/01_data/0_Workflow/7_Rivers/600/PRR_N27E055.tif
✅ Created placeholder raster: /p/11211992-tki-mangrove-restoration/01_data/0_Workflow/7_Rivers/600/PRR_N27E055.tif
📐 Raster calculator expression:
(((("PRC_N27E055@1" = 0) - ("PRR_N27E055@1" > 0) - ("PRM_N27E055@1" > (60/100))) > 0) + "GMW_N27E055_2020@1" + "LAN_N27E055@1" + "WAT_N27E055@1") > 0
✔ Saved: /p/11211992-tki-mangrove-restoration/01_data/0_Workflow/13_Mask/600/NVA_N27E055.tif
🗑️ Deleted temporal file: /p/11211992-tki-mangrove-restoration/01_data/0_Workflow/13_Mask/600/BIN_N27E055.tif
🗑️ Deleted temporal file: /p/11211992-tki-mangrove-restoration/01_data/0_Workflow/13_Mask/600/FIL_N27E055.tif

>>> Processing tile: N09W077
⚠️ Raster missing for tile N09W077: /p/11211992-tki-mangrove-restoration/01_data/0_Workflow/8_Coastline/600/PRC_N09W077.tif
✅ Created placeholder raster: /p/11211992-tki-mangrove-restoration/01_data/0_Workflow/8_Coastline/600/PRC_N09W077.tif
⚠️ Raster missing for tile N09W077: /p/11211992-tki-mangrove-restoration/01_data/0_Workflow/7_Rivers/600/PRR_N09W077.tif
✅ Created placeholder raster: /p/11211992-tki-mangrove-restoration/01_data/0_Workflow/7_Rivers/600/PRR_N09W077.tif
📐 Raster calculator expression:
(((("PRC_N09W077@1" = 0) - ("PRR_N09W077@1" > 0) - ("PRM_N09W077@1" > (60/100))) > 0) + "GMW_N09W077_2020@1" + "LAN_N09W077@1" + "WAT_N09W077@1") > 0
✔ Saved: /p/11211992-tki-mangrove-restoration/01_data/0_Workflow/13_Mask/600/NVA_N09W077.tif
🗑️ Deleted temporal file: /p/11211992-tki-mangrove-restoration/01_data/0_Workflow/13_Mask/600/BIN_N09W077.tif
🗑️ Deleted temporal file: /p/11211992-tki-mangrove-restoration/01_data/0_Workflow/13_Mask/600/FIL_N09W077.tif

>>> Processing tile: N14W018
⚠️ Raster missing for tile N14W018: /p/11211992-tki-mangrove-restoration/01_data/0_Workflow/8_Coastline/600/PRC_N14W018.tif
✅ Created placeholder raster: /p/11211992-tki-mangrove-restoration/01_data/0_Workflow/8_Coastline/600/PRC_N14W018.tif
⚠️ Raster missing for tile N14W018: /p/11211992-tki-mangrove-restoration/01_data/0_Workflow/7_Rivers/600/PRR_N14W018.tif
✅ Created placeholder raster: /p/11211992-tki-mangrove-restoration/01_data/0_Workflow/7_Rivers/600/PRR_N14W018.tif
📐 Raster calculator expression:
(((("PRC_N14W018@1" = 0) - ("PRR_N14W018@1" > 0) - ("PRM_N14W018@1" > (60/100))) > 0) + "GMW_N14W018_2020@1" + "LAN_N14W018@1" + "WAT_N14W018@1") > 0
✔ Saved: /p/11211992-tki-mangrove-restoration/01_data/0_Workflow/13_Mask/600/NVA_N14W018.tif
🗑️ Deleted temporal file: /p/11211992-tki-mangrove-restoration/01_data/0_Workflow/13_Mask/600/BIN_N14W018.tif
🗑️ Deleted temporal file: /p/11211992-tki-mangrove-restoration/01_data/0_Workflow/13_Mask/600/FIL_N14W018.tif

>>> Processing tile: N17W072
⚠️ Raster missing for tile N17W072: /p/11211992-tki-mangrove-restoration/01_data/0_Workflow/8_Coastline/600/PRC_N17W072.tif
✅ Created placeholder raster: /p/11211992-tki-mangrove-restoration/01_data/0_Workflow/8_Coastline/600/PRC_N17W072.tif
⚠️ Raster missing for tile N17W072: /p/11211992-tki-mangrove-restoration/01_data/0_Workflow/7_Rivers/600/PRR_N17W072.tif
✅ Created placeholder raster: /p/11211992-tki-mangrove-restoration/01_data/0_Workflow/7_Rivers/600/PRR_N17W072.tif
📐 Raster calculator expression:
(((("PRC_N17W072@1" = 0) - ("PRR_N17W072@1" > 0) - ("PRM_N17W072@1" > (60/100))) > 0) + "GMW_N17W072_2020@1" + "LAN_N17W072@1" + "WAT_N17W072@1") > 0
✔ Saved: /p/11211992-tki-mangrove-restoration/01_data/0_Workflow/13_Mask/600/NVA_N17W072.tif
🗑️ Deleted temporal file: /p/11211992-tki-mangrove-restoration/01_data/0_Workflow/13_Mask/600/BIN_N17W072.tif
🗑️ Deleted temporal file: /p/11211992-tki-mangrove-restoration/01_data/0_Workflow/13_Mask/600/FIL_N17W072.tif

>>> Processing tile: N15E040
⚠️ Raster missing for tile N15E040: /p/11211992-tki-mangrove-restoration/01_data/0_Workflow/8_Coastline/600/PRC_N15E040.tif
✅ Created placeholder raster: /p/11211992-tki-mangrove-restoration/01_data/0_Workflow/8_Coastline/600/PRC_N15E040.tif
⚠️ Raster missing for tile N15E040: /p/11211992-tki-mangrove-restoration/01_data/0_Workflow/7_Rivers/600/PRR_N15E040.tif
✅ Created placeholder raster: /p/11211992-tki-mangrove-restoration/01_data/0_Workflow/7_Rivers/600/PRR_N15E040.tif
📐 Raster calculator expression:
(((("PRC_N15E040@1" = 0) - ("PRR_N15E040@1" > 0) - ("PRM_N15E040@1" > (60/100))) > 0) + "GMW_N15E040_2020@1" + "LAN_N15E040@1" + "WAT_N15E040@1") > 0
✔ Saved: /p/11211992-tki-mangrove-restoration/01_data/0_Workflow/13_Mask/600/NVA_N15E040.tif
🗑️ Deleted temporal file: /p/11211992-tki-mangrove-restoration/01_data/0_Workflow/13_Mask/600/BIN_N15E040.tif
🗑️ Deleted temporal file: /p/11211992-tki-mangrove-restoration/01_data/0_Workflow/13_Mask/600/FIL_N15E040.tif

>>> Processing tile: N04W009
⚠️ Raster missing for tile N04W009: /p/11211992-tki-mangrove-restoration/01_data/0_Workflow/8_Coastline/600/PRC_N04W009.tif
✅ Created placeholder raster: /p/11211992-tki-mangrove-restoration/01_data/0_Workflow/8_Coastline/600/PRC_N04W009.tif
⚠️ Raster missing for tile N04W009: /p/11211992-tki-mangrove-restoration/01_data/0_Workflow/7_Rivers/600/PRR_N04W009.tif
✅ Created placeholder raster: /p/11211992-tki-mangrove-restoration/01_data/0_Workflow/7_Rivers/600/PRR_N04W009.tif
📐 Raster calculator expression:
(((("PRC_N04W009@1" = 0) - ("PRR_N04W009@1" > 0) - ("PRM_N04W009@1" > (60/100))) > 0) + "GMW_N04W009_2020@1" + "LAN_N04W009@1" + "WAT_N04W009@1") > 0
✔ Saved: /p/11211992-tki-mangrove-restoration/01_data/0_Workflow/13_Mask/600/NVA_N04W009.tif
🗑️ Deleted temporal file: /p/11211992-tki-mangrove-restoration/01_data/0_Workflow/13_Mask/600/BIN_N04W009.tif
🗑️ Deleted temporal file: /p/11211992-tki-mangrove-restoration/01_data/0_Workflow/13_Mask/600/FIL_N04W009.tif

>>> Processing tile: N12W070
⚠️ Raster missing for tile N12W070: /p/11211992-tki-mangrove-restoration/01_data/0_Workflow/8_Coastline/600/PRC_N12W070.tif
✅ Created placeholder raster: /p/11211992-tki-mangrove-restoration/01_data/0_Workflow/8_Coastline/600/PRC_N12W070.tif
⚠️ Raster missing for tile N12W070: /p/11211992-tki-mangrove-restoration/01_data/0_Workflow/7_Rivers/600/PRR_N12W070.tif
✅ Created placeholder raster: /p/11211992-tki-mangrove-restoration/01_data/0_Workflow/7_Rivers/600/PRR_N12W070.tif
📐 Raster calculator expression:
(((("PRC_N12W070@1" = 0) - ("PRR_N12W070@1" > 0) - ("PRM_N12W070@1" > (60/100))) > 0) + "GMW_N12W070_2020@1" + "LAN_N12W070@1" + "WAT_N12W070@1") > 0
✔ Saved: /p/11211992-tki-mangrove-restoration/01_data/0_Workflow/13_Mask/600/NVA_N12W070.tif
🗑️ Deleted temporal file: /p/11211992-tki-mangrove-restoration/01_data/0_Workflow/13_Mask/600/BIN_N12W070.tif
🗑️ Deleted temporal file: /p/11211992-tki-mangrove-restoration/01_data/0_Workflow/13_Mask/600/FIL_N12W070.tif

>>> Processing tile: S18E049
⚠️ Raster missing for tile S18E049: /p/11211992-tki-mangrove-restoration/01_data/0_Workflow/8_Coastline/600/PRC_S18E049.tif
✅ Created placeholder raster: /p/11211992-tki-mangrove-restoration/01_data/0_Workflow/8_Coastline/600/PRC_S18E049.tif
⚠️ Raster missing for tile S18E049: /p/11211992-tki-mangrove-restoration/01_data/0_Workflow/7_Rivers/600/PRR_S18E049.tif
✅ Created placeholder raster: /p/11211992-tki-mangrove-restoration/01_data/0_Workflow/7_Rivers/600/PRR_S18E049.tif
📐 Raster calculator expression:
(((("PRC_S18E049@1" = 0) - ("PRR_S18E049@1" > 0) - ("PRM_S18E049@1" > (60/100))) > 0) + "GMW_S18E049_2020@1" + "LAN_S18E049@1" + "WAT_S18E049@1") > 0
✔ Saved: /p/11211992-tki-mangrove-restoration/01_data/0_Workflow/13_Mask/600/NVA_S18E049.tif
🗑️ Deleted temporal file: /p/11211992-tki-mangrove-restoration/01_data/0_Workflow/13_Mask/600/BIN_S18E049.tif
🗑️ Deleted temporal file: /p/11211992-tki-mangrove-restoration/01_data/0_Workflow/13_Mask/600/FIL_S18E049.tif

>>> Processing tile: S01W091
⚠️ Raster missing for tile S01W091: /p/11211992-tki-mangrove-restoration/01_data/0_Workflow/8_Coastline/600/PRC_S01W091.tif
✅ Created placeholder raster: /p/11211992-tki-mangrove-restoration/01_data/0_Workflow/8_Coastline/600/PRC_S01W091.tif
⚠️ Raster missing for tile S01W091: /p/11211992-tki-mangrove-restoration/01_data/0_Workflow/7_Rivers/600/PRR_S01W091.tif
✅ Created placeholder raster: /p/11211992-tki-mangrove-restoration/01_data/0_Workflow/7_Rivers/600/PRR_S01W091.tif
📐 Raster calculator expression:
(((("PRC_S01W091@1" = 0) - ("PRR_S01W091@1" > 0) - ("PRM_S01W091@1" > (60/100))) > 0) + "GMW_S01W091_2020@1" + "LAN_S01W091@1" + "WAT_S01W091@1") > 0
✔ Saved: /p/11211992-tki-mangrove-restoration/01_data/0_Workflow/13_Mask/600/NVA_S01W091.tif
🗑️ Deleted temporal file: /p/11211992-tki-mangrove-restoration/01_data/0_Workflow/13_Mask/600/BIN_S01W091.tif
🗑️ Deleted temporal file: /p/11211992-tki-mangrove-restoration/01_data/0_Workflow/13_Mask/600/FIL_S01W091.tif

>>> Processing tile: S15E126
⚠️ Raster missing for tile S15E126: /p/11211992-tki-mangrove-restoration/01_data/0_Workflow/8_Coastline/600/PRC_S15E126.tif
✅ Created placeholder raster: /p/11211992-tki-mangrove-restoration/01_data/0_Workflow/8_Coastline/600/PRC_S15E126.tif
⚠️ Raster missing for tile S15E126: /p/11211992-tki-mangrove-restoration/01_data/0_Workflow/7_Rivers/600/PRR_S15E126.tif
✅ Created placeholder raster: /p/11211992-tki-mangrove-restoration/01_data/0_Workflow/7_Rivers/600/PRR_S15E126.tif
📐 Raster calculator expression:
(((("PRC_S15E126@1" = 0) - ("PRR_S15E126@1" > 0) - ("PRM_S15E126@1" > (60/100))) > 0) + "GMW_S15E126_2020@1" + "LAN_S15E126@1" + "WAT_S15E126@1") > 0
✔ Saved: /p/11211992-tki-mangrove-restoration/01_data/0_Workflow/13_Mask/600/NVA_S15E126.tif
🗑️ Deleted temporal file: /p/11211992-tki-mangrove-restoration/01_data/0_Workflow/13_Mask/600/BIN_S15E126.tif
🗑️ Deleted temporal file: /p/11211992-tki-mangrove-restoration/01_data/0_Workflow/13_Mask/600/FIL_S15E126.tif

>>> Processing tile: S17E177
⚠️ Raster missing for tile S17E177: /p/11211992-tki-mangrove-restoration/01_data/0_Workflow/8_Coastline/600/PRC_S17E177.tif
✅ Created placeholder raster: /p/11211992-tki-mangrove-restoration/01_data/0_Workflow/8_Coastline/600/PRC_S17E177.tif
⚠️ Raster missing for tile S17E177: /p/11211992-tki-mangrove-restoration/01_data/0_Workflow/7_Rivers/600/PRR_S17E177.tif
✅ Created placeholder raster: /p/11211992-tki-mangrove-restoration/01_data/0_Workflow/7_Rivers/600/PRR_S17E177.tif
📐 Raster calculator expression:
(((("PRC_S17E177@1" = 0) - ("PRR_S17E177@1" > 0) - ("PRM_S17E177@1" > (60/100))) > 0) + "GMW_S17E177_2020@1" + "LAN_S17E177@1" + "WAT_S17E177@1") > 0
✔ Saved: /p/11211992-tki-mangrove-restoration/01_data/0_Workflow/13_Mask/600/NVA_S17E177.tif
🗑️ Deleted temporal file: /p/11211992-tki-mangrove-restoration/01_data/0_Workflow/13_Mask/600/BIN_S17E177.tif
🗑️ Deleted temporal file: /p/11211992-tki-mangrove-restoration/01_data/0_Workflow/13_Mask/600/FIL_S17E177.tif

>>> Processing tile: N22W080
⚠️ Raster missing for tile N22W080: /p/11211992-tki-mangrove-restoration/01_data/0_Workflow/8_Coastline/600/PRC_N22W080.tif
✅ Created placeholder raster: /p/11211992-tki-mangrove-restoration/01_data/0_Workflow/8_Coastline/600/PRC_N22W080.tif
⚠️ Raster missing for tile N22W080: /p/11211992-tki-mangrove-restoration/01_data/0_Workflow/7_Rivers/600/PRR_N22W080.tif
✅ Created placeholder raster: /p/11211992-tki-mangrove-restoration/01_data/0_Workflow/7_Rivers/600/PRR_N22W080.tif
📐 Raster calculator expression:
(((("PRC_N22W080@1" = 0) - ("PRR_N22W080@1" > 0) - ("PRM_N22W080@1" > (60/100))) > 0) + "GMW_N22W080_2020@1" + "LAN_N22W080@1" + "WAT_N22W080@1") > 0
✔ Saved: /p/11211992-tki-mangrove-restoration/01_data/0_Workflow/13_Mask/600/NVA_N22W080.tif
🗑️ Deleted temporal file: /p/11211992-tki-mangrove-restoration/01_data/0_Workflow/13_Mask/600/BIN_N22W080.tif
🗑️ Deleted temporal file: /p/11211992-tki-mangrove-restoration/01_data/0_Workflow/13_Mask/600/FIL_N22W080.tif

>>> Processing tile: S18E038
⚠️ Raster missing for tile S18E038: /p/11211992-tki-mangrove-restoration/01_data/0_Workflow/8_Coastline/600/PRC_S18E038.tif
✅ Created placeholder raster: /p/11211992-tki-mangrove-restoration/01_data/0_Workflow/8_Coastline/600/PRC_S18E038.tif
⚠️ Raster missing for tile S18E038: /p/11211992-tki-mangrove-restoration/01_data/0_Workflow/7_Rivers/600/PRR_S18E038.tif
✅ Created placeholder raster: /p/11211992-tki-mangrove-restoration/01_data/0_Workflow/7_Rivers/600/PRR_S18E038.tif
📐 Raster calculator expression:
(((("PRC_S18E038@1" = 0) - ("PRR_S18E038@1" > 0) - ("PRM_S18E038@1" > (60/100))) > 0) + "GMW_S18E038_2020@1" + "LAN_S18E038@1" + "WAT_S18E038@1") > 0
✔ Saved: /p/11211992-tki-mangrove-restoration/01_data/0_Workflow/13_Mask/600/NVA_S18E038.tif
🗑️ Deleted temporal file: /p/11211992-tki-mangrove-restoration/01_data/0_Workflow/13_Mask/600/BIN_S18E038.tif
🗑️ Deleted temporal file: /p/11211992-tki-mangrove-restoration/01_data/0_Workflow/13_Mask/600/FIL_S18E038.tif

>>> Processing tile: N24E038
⚠️ Raster missing for tile N24E038: /p/11211992-tki-mangrove-restoration/01_data/0_Workflow/8_Coastline/600/PRC_N24E038.tif
✅ Created placeholder raster: /p/11211992-tki-mangrove-restoration/01_data/0_Workflow/8_Coastline/600/PRC_N24E038.tif
⚠️ Raster missing for tile N24E038: /p/11211992-tki-mangrove-restoration/01_data/0_Workflow/7_Rivers/600/PRR_N24E038.tif
✅ Created placeholder raster: /p/11211992-tki-mangrove-restoration/01_data/0_Workflow/7_Rivers/600/PRR_N24E038.tif
📐 Raster calculator expression:
(((("PRC_N24E038@1" = 0) - ("PRR_N24E038@1" > 0) - ("PRM_N24E038@1" > (60/100))) > 0) + "GMW_N24E038_2020@1" + "LAN_N24E038@1" + "WAT_N24E038@1") > 0
✔ Saved: /p/11211992-tki-mangrove-restoration/01_data/0_Workflow/13_Mask/600/NVA_N24E038.tif
🗑️ Deleted temporal file: /p/11211992-tki-mangrove-restoration/01_data/0_Workflow/13_Mask/600/BIN_N24E038.tif
🗑️ Deleted temporal file: /p/11211992-tki-mangrove-restoration/01_data/0_Workflow/13_Mask/600/FIL_N24E038.tif

>>> Processing tile: S23E043
⚠️ Raster missing for tile S23E043: /p/11211992-tki-mangrove-restoration/01_data/0_Workflow/8_Coastline/600/PRC_S23E043.tif
✅ Created placeholder raster: /p/11211992-tki-mangrove-restoration/01_data/0_Workflow/8_Coastline/600/PRC_S23E043.tif
⚠️ Raster missing for tile S23E043: /p/11211992-tki-mangrove-restoration/01_data/0_Workflow/7_Rivers/600/PRR_S23E043.tif
✅ Created placeholder raster: /p/11211992-tki-mangrove-restoration/01_data/0_Workflow/7_Rivers/600/PRR_S23E043.tif
📐 Raster calculator expression:
(((("PRC_S23E043@1" = 0) - ("PRR_S23E043@1" > 0) - ("PRM_S23E043@1" > (60/100))) > 0) + "GMW_S23E043_2020@1" + "LAN_S23E043@1" + "WAT_S23E043@1") > 0
✔ Saved: /p/11211992-tki-mangrove-restoration/01_data/0_Workflow/13_Mask/600/NVA_S23E043.tif
🗑️ Deleted temporal file: /p/11211992-tki-mangrove-restoration/01_data/0_Workflow/13_Mask/600/BIN_S23E043.tif
🗑️ Deleted temporal file: /p/11211992-tki-mangrove-restoration/01_data/0_Workflow/13_Mask/600/FIL_S23E043.tif

>>> Processing tile: S15E127
⚠️ Raster missing for tile S15E127: /p/11211992-tki-mangrove-restoration/01_data/0_Workflow/8_Coastline/600/PRC_S15E127.tif
✅ Created placeholder raster: /p/11211992-tki-mangrove-restoration/01_data/0_Workflow/8_Coastline/600/PRC_S15E127.tif
⚠️ Raster missing for tile S15E127: /p/11211992-tki-mangrove-restoration/01_data/0_Workflow/7_Rivers/600/PRR_S15E127.tif
✅ Created placeholder raster: /p/11211992-tki-mangrove-restoration/01_data/0_Workflow/7_Rivers/600/PRR_S15E127.tif
📐 Raster calculator expression:
(((("PRC_S15E127@1" = 0) - ("PRR_S15E127@1" > 0) - ("PRM_S15E127@1" > (60/100))) > 0) + "GMW_S15E127_2020@1" + "LAN_S15E127@1" + "WAT_S15E127@1") > 0
✔ Saved: /p/11211992-tki-mangrove-restoration/01_data/0_Workflow/13_Mask/600/NVA_S15E127.tif
🗑️ Deleted temporal file: /p/11211992-tki-mangrove-restoration/01_data/0_Workflow/13_Mask/600/BIN_S15E127.tif
🗑️ Deleted temporal file: /p/11211992-tki-mangrove-restoration/01_data/0_Workflow/13_Mask/600/FIL_S15E127.tif

>>> Processing tile: N27W083
⚠️ Raster missing for tile N27W083: /p/11211992-tki-mangrove-restoration/01_data/0_Workflow/8_Coastline/600/PRC_N27W083.tif
✅ Created placeholder raster: /p/11211992-tki-mangrove-restoration/01_data/0_Workflow/8_Coastline/600/PRC_N27W083.tif
⚠️ Raster missing for tile N27W083: /p/11211992-tki-mangrove-restoration/01_data/0_Workflow/7_Rivers/600/PRR_N27W083.tif
✅ Created placeholder raster: /p/11211992-tki-mangrove-restoration/01_data/0_Workflow/7_Rivers/600/PRR_N27W083.tif
📐 Raster calculator expression:
(((("PRC_N27W083@1" = 0) - ("PRR_N27W083@1" > 0) - ("PRM_N27W083@1" > (60/100))) > 0) + "GMW_N27W083_2020@1" + "LAN_N27W083@1" + "WAT_N27W083@1") > 0
✔ Saved: /p/11211992-tki-mangrove-restoration/01_data/0_Workflow/13_Mask/600/NVA_N27W083.tif
🗑️ Deleted temporal file: /p/11211992-tki-mangrove-restoration/01_data/0_Workflow/13_Mask/600/BIN_N27W083.tif
🗑️ Deleted temporal file: /p/11211992-tki-mangrove-restoration/01_data/0_Workflow/13_Mask/600/FIL_N27W083.tif

>>> Processing tile: S15E047
⚠️ Raster missing for tile S15E047: /p/11211992-tki-mangrove-restoration/01_data/0_Workflow/8_Coastline/600/PRC_S15E047.tif
✅ Created placeholder raster: /p/11211992-tki-mangrove-restoration/01_data/0_Workflow/8_Coastline/600/PRC_S15E047.tif
⚠️ Raster missing for tile S15E047: /p/11211992-tki-mangrove-restoration/01_data/0_Workflow/7_Rivers/600/PRR_S15E047.tif
✅ Created placeholder raster: /p/11211992-tki-mangrove-restoration/01_data/0_Workflow/7_Rivers/600/PRR_S15E047.tif
📐 Raster calculator expression:
(((("PRC_S15E047@1" = 0) - ("PRR_S15E047@1" > 0) - ("PRM_S15E047@1" > (60/100))) > 0) + "GMW_S15E047_2020@1" + "LAN_S15E047@1" + "WAT_S15E047@1") > 0
✔ Saved: /p/11211992-tki-mangrove-restoration/01_data/0_Workflow/13_Mask/600/NVA_S15E047.tif
🗑️ Deleted temporal file: /p/11211992-tki-mangrove-restoration/01_data/0_Workflow/13_Mask/600/BIN_S15E047.tif
🗑️ Deleted temporal file: /p/11211992-tki-mangrove-restoration/01_data/0_Workflow/13_Mask/600/FIL_S15E047.tif

>>> Processing tile: N22W081
⚠️ Raster missing for tile N22W081: /p/11211992-tki-mangrove-restoration/01_data/0_Workflow/8_Coastline/600/PRC_N22W081.tif
✅ Created placeholder raster: /p/11211992-tki-mangrove-restoration/01_data/0_Workflow/8_Coastline/600/PRC_N22W081.tif
⚠️ Raster missing for tile N22W081: /p/11211992-tki-mangrove-restoration/01_data/0_Workflow/7_Rivers/600/PRR_N22W081.tif
✅ Created placeholder raster: /p/11211992-tki-mangrove-restoration/01_data/0_Workflow/7_Rivers/600/PRR_N22W081.tif
📐 Raster calculator expression:
(((("PRC_N22W081@1" = 0) - ("PRR_N22W081@1" > 0) - ("PRM_N22W081@1" > (60/100))) > 0) + "GMW_N22W081_2020@1" + "LAN_N22W081@1" + "WAT_N22W081@1") > 0
✔ Saved: /p/11211992-tki-mangrove-restoration/01_data/0_Workflow/13_Mask/600/NVA_N22W081.tif
🗑️ Deleted temporal file: /p/11211992-tki-mangrove-restoration/01_data/0_Workflow/13_Mask/600/BIN_N22W081.tif
🗑️ Deleted temporal file: /p/11211992-tki-mangrove-restoration/01_data/0_Workflow/13_Mask/600/FIL_N22W081.tif

>>> Processing tile: N11E092
⚠️ Raster missing for tile N11E092: /p/11211992-tki-mangrove-restoration/01_data/0_Workflow/8_Coastline/600/PRC_N11E092.tif
✅ Created placeholder raster: /p/11211992-tki-mangrove-restoration/01_data/0_Workflow/8_Coastline/600/PRC_N11E092.tif
⚠️ Raster missing for tile N11E092: /p/11211992-tki-mangrove-restoration/01_data/0_Workflow/7_Rivers/600/PRR_N11E092.tif
✅ Created placeholder raster: /p/11211992-tki-mangrove-restoration/01_data/0_Workflow/7_Rivers/600/PRR_N11E092.tif
📐 Raster calculator expression:
(((("PRC_N11E092@1" = 0) - ("PRR_N11E092@1" > 0) - ("PRM_N11E092@1" > (60/100))) > 0) + "GMW_N11E092_2020@1" + "LAN_N11E092@1" + "WAT_N11E092@1") > 0
✔ Saved: /p/11211992-tki-mangrove-restoration/01_data/0_Workflow/13_Mask/600/NVA_N11E092.tif
🗑️ Deleted temporal file: /p/11211992-tki-mangrove-restoration/01_data/0_Workflow/13_Mask/600/BIN_N11E092.tif
🗑️ Deleted temporal file: /p/11211992-tki-mangrove-restoration/01_data/0_Workflow/13_Mask/600/FIL_N11E092.tif

>>> Processing tile: S23E035
⚠️ Raster missing for tile S23E035: /p/11211992-tki-mangrove-restoration/01_data/0_Workflow/8_Coastline/600/PRC_S23E035.tif
✅ Created placeholder raster: /p/11211992-tki-mangrove-restoration/01_data/0_Workflow/8_Coastline/600/PRC_S23E035.tif
⚠️ Raster missing for tile S23E035: /p/11211992-tki-mangrove-restoration/01_data/0_Workflow/7_Rivers/600/PRR_S23E035.tif
✅ Created placeholder raster: /p/11211992-tki-mangrove-restoration/01_data/0_Workflow/7_Rivers/600/PRR_S23E035.tif
📐 Raster calculator expression:
(((("PRC_S23E035@1" = 0) - ("PRR_S23E035@1" > 0) - ("PRM_S23E035@1" > (60/100))) > 0) + "GMW_S23E035_2020@1" + "LAN_S23E035@1" + "WAT_S23E035@1") > 0
✔ Saved: /p/11211992-tki-mangrove-restoration/01_data/0_Workflow/13_Mask/600/NVA_S23E035.tif
🗑️ Deleted temporal file: /p/11211992-tki-mangrove-restoration/01_data/0_Workflow/13_Mask/600/BIN_S23E035.tif
🗑️ Deleted temporal file: /p/11211992-tki-mangrove-restoration/01_data/0_Workflow/13_Mask/600/FIL_S23E035.tif

>>> Processing tile: S33E027
⚠️ Raster missing for tile S33E027: /p/11211992-tki-mangrove-restoration/01_data/0_Workflow/8_Coastline/600/PRC_S33E027.tif
✅ Created placeholder raster: /p/11211992-tki-mangrove-restoration/01_data/0_Workflow/8_Coastline/600/PRC_S33E027.tif
⚠️ Raster missing for tile S33E027: /p/11211992-tki-mangrove-restoration/01_data/0_Workflow/7_Rivers/600/PRR_S33E027.tif
✅ Created placeholder raster: /p/11211992-tki-mangrove-restoration/01_data/0_Workflow/7_Rivers/600/PRR_S33E027.tif
📐 Raster calculator expression:
(((("PRC_S33E027@1" = 0) - ("PRR_S33E027@1" > 0) - ("PRM_S33E027@1" > (60/100))) > 0) + "GMW_S33E027_2020@1" + "LAN_S33E027@1" + "WAT_S33E027@1") > 0
✔ Saved: /p/11211992-tki-mangrove-restoration/01_data/0_Workflow/13_Mask/600/NVA_S33E027.tif
🗑️ Deleted temporal file: /p/11211992-tki-mangrove-restoration/01_data/0_Workflow/13_Mask/600/BIN_S33E027.tif
🗑️ Deleted temporal file: /p/11211992-tki-mangrove-restoration/01_data/0_Workflow/13_Mask/600/FIL_S33E027.tif

>>> Processing tile: S10E150
⚠️ Raster missing for tile S10E150: /p/11211992-tki-mangrove-restoration/01_data/0_Workflow/8_Coastline/600/PRC_S10E150.tif
✅ Created placeholder raster: /p/11211992-tki-mangrove-restoration/01_data/0_Workflow/8_Coastline/600/PRC_S10E150.tif
⚠️ Raster missing for tile S10E150: /p/11211992-tki-mangrove-restoration/01_data/0_Workflow/7_Rivers/600/PRR_S10E150.tif
✅ Created placeholder raster: /p/11211992-tki-mangrove-restoration/01_data/0_Workflow/7_Rivers/600/PRR_S10E150.tif
📐 Raster calculator expression:
(((("PRC_S10E150@1" = 0) - ("PRR_S10E150@1" > 0) - ("PRM_S10E150@1" > (60/100))) > 0) + "GMW_S10E150_2020@1" + "LAN_S10E150@1" + "WAT_S10E150@1") > 0
✔ Saved: /p/11211992-tki-mangrove-restoration/01_data/0_Workflow/13_Mask/600/NVA_S10E150.tif
🗑️ Deleted temporal file: /p/11211992-tki-mangrove-restoration/01_data/0_Workflow/13_Mask/600/BIN_S10E150.tif
🗑️ Deleted temporal file: /p/11211992-tki-mangrove-restoration/01_data/0_Workflow/13_Mask/600/FIL_S10E150.tif

>>> Processing tile: S10E126
⚠️ Raster missing for tile S10E126: /p/11211992-tki-mangrove-restoration/01_data/0_Workflow/8_Coastline/600/PRC_S10E126.tif
✅ Created placeholder raster: /p/11211992-tki-mangrove-restoration/01_data/0_Workflow/8_Coastline/600/PRC_S10E126.tif
⚠️ Raster missing for tile S10E126: /p/11211992-tki-mangrove-restoration/01_data/0_Workflow/7_Rivers/600/PRR_S10E126.tif
✅ Created placeholder raster: /p/11211992-tki-mangrove-restoration/01_data/0_Workflow/7_Rivers/600/PRR_S10E126.tif
📐 Raster calculator expression:
(((("PRC_S10E126@1" = 0) - ("PRR_S10E126@1" > 0) - ("PRM_S10E126@1" > (60/100))) > 0) + "GMW_S10E126_2020@1" + "LAN_S10E126@1" + "WAT_S10E126@1") > 0
✔ Saved: /p/11211992-tki-mangrove-restoration/01_data/0_Workflow/13_Mask/600/NVA_S10E126.tif
🗑️ Deleted temporal file: /p/11211992-tki-mangrove-restoration/01_data/0_Workflow/13_Mask/600/BIN_S10E126.tif
🗑️ Deleted temporal file: /p/11211992-tki-mangrove-restoration/01_data/0_Workflow/13_Mask/600/FIL_S10E126.tif

>>> Processing tile: S05E055
⚠️ Raster missing for tile S05E055: /p/11211992-tki-mangrove-restoration/01_data/0_Workflow/8_Coastline/600/PRC_S05E055.tif
✅ Created placeholder raster: /p/11211992-tki-mangrove-restoration/01_data/0_Workflow/8_Coastline/600/PRC_S05E055.tif
⚠️ Raster missing for tile S05E055: /p/11211992-tki-mangrove-restoration/01_data/0_Workflow/7_Rivers/600/PRR_S05E055.tif
✅ Created placeholder raster: /p/11211992-tki-mangrove-restoration/01_data/0_Workflow/7_Rivers/600/PRR_S05E055.tif
📐 Raster calculator expression:
(((("PRC_S05E055@1" = 0) - ("PRR_S05E055@1" > 0) - ("PRM_S05E055@1" > (60/100))) > 0) + "GMW_S05E055_2020@1" + "LAN_S05E055@1" + "WAT_S05E055@1") > 0
✔ Saved: /p/11211992-tki-mangrove-restoration/01_data/0_Workflow/13_Mask/600/NVA_S05E055.tif
🗑️ Deleted temporal file: /p/11211992-tki-mangrove-restoration/01_data/0_Workflow/13_Mask/600/BIN_S05E055.tif
🗑️ Deleted temporal file: /p/11211992-tki-mangrove-restoration/01_data/0_Workflow/13_Mask/600/FIL_S05E055.tif

>>> Processing tile: S10E046
⚠️ Raster missing for tile S10E046: /p/11211992-tki-mangrove-restoration/01_data/0_Workflow/8_Coastline/600/PRC_S10E046.tif
✅ Created placeholder raster: /p/11211992-tki-mangrove-restoration/01_data/0_Workflow/8_Coastline/600/PRC_S10E046.tif
⚠️ Raster missing for tile S10E046: /p/11211992-tki-mangrove-restoration/01_data/0_Workflow/7_Rivers/600/PRR_S10E046.tif
✅ Created placeholder raster: /p/11211992-tki-mangrove-restoration/01_data/0_Workflow/7_Rivers/600/PRR_S10E046.tif
📐 Raster calculator expression:
(((("PRC_S10E046@1" = 0) - ("PRR_S10E046@1" > 0) - ("PRM_S10E046@1" > (60/100))) > 0) + "GMW_S10E046_2020@1" + "LAN_S10E046@1" + "WAT_S10E046@1") > 0
✔ Saved: /p/11211992-tki-mangrove-restoration/01_data/0_Workflow/13_Mask/600/NVA_S10E046.tif
🗑️ Deleted temporal file: /p/11211992-tki-mangrove-restoration/01_data/0_Workflow/13_Mask/600/BIN_S10E046.tif
🗑️ Deleted temporal file: /p/11211992-tki-mangrove-restoration/01_data/0_Workflow/13_Mask/600/FIL_S10E046.tif

>>> Processing tile: S10E151
⚠️ Raster missing for tile S10E151: /p/11211992-tki-mangrove-restoration/01_data/0_Workflow/8_Coastline/600/PRC_S10E151.tif
✅ Created placeholder raster: /p/11211992-tki-mangrove-restoration/01_data/0_Workflow/8_Coastline/600/PRC_S10E151.tif
⚠️ Raster missing for tile S10E151: /p/11211992-tki-mangrove-restoration/01_data/0_Workflow/7_Rivers/600/PRR_S10E151.tif
✅ Created placeholder raster: /p/11211992-tki-mangrove-restoration/01_data/0_Workflow/7_Rivers/600/PRR_S10E151.tif
📐 Raster calculator expression:
(((("PRC_S10E151@1" = 0) - ("PRR_S10E151@1" > 0) - ("PRM_S10E151@1" > (60/100))) > 0) + "GMW_S10E151_2020@1" + "LAN_S10E151@1" + "WAT_S10E151@1") > 0
✔ Saved: /p/11211992-tki-mangrove-restoration/01_data/0_Workflow/13_Mask/600/NVA_S10E151.tif
🗑️ Deleted temporal file: /p/11211992-tki-mangrove-restoration/01_data/0_Workflow/13_Mask/600/BIN_S10E151.tif
🗑️ Deleted temporal file: /p/11211992-tki-mangrove-restoration/01_data/0_Workflow/13_Mask/600/FIL_S10E151.tif

>>> Processing tile: N00E009
⚠️ Raster missing for tile N00E009: /p/11211992-tki-mangrove-restoration/01_data/0_Workflow/8_Coastline/600/PRC_N00E009.tif
✅ Created placeholder raster: /p/11211992-tki-mangrove-restoration/01_data/0_Workflow/8_Coastline/600/PRC_N00E009.tif
⚠️ Raster missing for tile N00E009: /p/11211992-tki-mangrove-restoration/01_data/0_Workflow/7_Rivers/600/PRR_N00E009.tif
✅ Created placeholder raster: /p/11211992-tki-mangrove-restoration/01_data/0_Workflow/7_Rivers/600/PRR_N00E009.tif
📐 Raster calculator expression:
(((("PRC_N00E009@1" = 0) - ("PRR_N00E009@1" > 0) - ("PRM_N00E009@1" > (60/100))) > 0) + "GMW_N00E009_2020@1" + "LAN_N00E009@1" + "WAT_N00E009@1") > 0
✔ Saved: /p/11211992-tki-mangrove-restoration/01_data/0_Workflow/13_Mask/600/NVA_N00E009.tif
🗑️ Deleted temporal file: /p/11211992-tki-mangrove-restoration/01_data/0_Workflow/13_Mask/600/BIN_N00E009.tif
🗑️ Deleted temporal file: /p/11211992-tki-mangrove-restoration/01_data/0_Workflow/13_Mask/600/FIL_N00E009.tif

>>> Processing tile: S10E047
⚠️ Raster missing for tile S10E047: /p/11211992-tki-mangrove-restoration/01_data/0_Workflow/8_Coastline/600/PRC_S10E047.tif
✅ Created placeholder raster: /p/11211992-tki-mangrove-restoration/01_data/0_Workflow/8_Coastline/600/PRC_S10E047.tif
⚠️ Raster missing for tile S10E047: /p/11211992-tki-mangrove-restoration/01_data/0_Workflow/7_Rivers/600/PRR_S10E047.tif
✅ Created placeholder raster: /p/11211992-tki-mangrove-restoration/01_data/0_Workflow/7_Rivers/600/PRR_S10E047.tif
📐 Raster calculator expression:
(((("PRC_S10E047@1" = 0) - ("PRR_S10E047@1" > 0) - ("PRM_S10E047@1" > (60/100))) > 0) + "GMW_S10E047_2020@1" + "LAN_S10E047@1" + "WAT_S10E047@1") > 0
✔ Saved: /p/11211992-tki-mangrove-restoration/01_data/0_Workflow/13_Mask/600/NVA_S10E047.tif
🗑️ Deleted temporal file: /p/11211992-tki-mangrove-restoration/01_data/0_Workflow/13_Mask/600/BIN_S10E047.tif
🗑️ Deleted temporal file: /p/11211992-tki-mangrove-restoration/01_data/0_Workflow/13_Mask/600/FIL_S10E047.tif

>>> Processing tile: N09W073
⚠️ Raster missing for tile N09W073: /p/11211992-tki-mangrove-restoration/01_data/0_Workflow/8_Coastline/600/PRC_N09W073.tif
✅ Created placeholder raster: /p/11211992-tki-mangrove-restoration/01_data/0_Workflow/8_Coastline/600/PRC_N09W073.tif
⚠️ Raster missing for tile N09W073: /p/11211992-tki-mangrove-restoration/01_data/0_Workflow/7_Rivers/600/PRR_N09W073.tif
✅ Created placeholder raster: /p/11211992-tki-mangrove-restoration/01_data/0_Workflow/7_Rivers/600/PRR_N09W073.tif
📐 Raster calculator expression:
(((("PRC_N09W073@1" = 0) - ("PRR_N09W073@1" > 0) - ("PRM_N09W073@1" > (60/100))) > 0) + "GMW_N09W073_2020@1" + "LAN_N09W073@1" + "WAT_N09W073@1") > 0
✔ Saved: /p/11211992-tki-mangrove-restoration/01_data/0_Workflow/13_Mask/600/NVA_N09W073.tif
🗑️ Deleted temporal file: /p/11211992-tki-mangrove-restoration/01_data/0_Workflow/13_Mask/600/BIN_N09W073.tif
🗑️ Deleted temporal file: /p/11211992-tki-mangrove-restoration/01_data/0_Workflow/13_Mask/600/FIL_N09W073.tif

>>> Processing tile: S33E028
⚠️ Raster missing for tile S33E028: /p/11211992-tki-mangrove-restoration/01_data/0_Workflow/8_Coastline/600/PRC_S33E028.tif
✅ Created placeholder raster: /p/11211992-tki-mangrove-restoration/01_data/0_Workflow/8_Coastline/600/PRC_S33E028.tif
⚠️ Raster missing for tile S33E028: /p/11211992-tki-mangrove-restoration/01_data/0_Workflow/7_Rivers/600/PRR_S33E028.tif
✅ Created placeholder raster: /p/11211992-tki-mangrove-restoration/01_data/0_Workflow/7_Rivers/600/PRR_S33E028.tif
📐 Raster calculator expression:
(((("PRC_S33E028@1" = 0) - ("PRR_S33E028@1" > 0) - ("PRM_S33E028@1" > (60/100))) > 0) + "GMW_S33E028_2020@1" + "LAN_S33E028@1" + "WAT_S33E028@1") > 0
✔ Saved: /p/11211992-tki-mangrove-restoration/01_data/0_Workflow/13_Mask/600/NVA_S33E028.tif
🗑️ Deleted temporal file: /p/11211992-tki-mangrove-restoration/01_data/0_Workflow/13_Mask/600/BIN_S33E028.tif
🗑️ Deleted temporal file: /p/11211992-tki-mangrove-restoration/01_data/0_Workflow/13_Mask/600/FIL_S33E028.tif

>>> Processing tile: N07E134
⚠️ Raster missing for tile N07E134: /p/11211992-tki-mangrove-restoration/01_data/0_Workflow/8_Coastline/600/PRC_N07E134.tif
✅ Created placeholder raster: /p/11211992-tki-mangrove-restoration/01_data/0_Workflow/8_Coastline/600/PRC_N07E134.tif
⚠️ Raster missing for tile N07E134: /p/11211992-tki-mangrove-restoration/01_data/0_Workflow/7_Rivers/600/PRR_N07E134.tif
✅ Created placeholder raster: /p/11211992-tki-mangrove-restoration/01_data/0_Workflow/7_Rivers/600/PRR_N07E134.tif
📐 Raster calculator expression:
(((("PRC_N07E134@1" = 0) - ("PRR_N07E134@1" > 0) - ("PRM_N07E134@1" > (60/100))) > 0) + "GMW_N07E134_2020@1" + "LAN_N07E134@1" + "WAT_N07E134@1") > 0
✔ Saved: /p/11211992-tki-mangrove-restoration/01_data/0_Workflow/13_Mask/600/NVA_N07E134.tif
🗑️ Deleted temporal file: /p/11211992-tki-mangrove-restoration/01_data/0_Workflow/13_Mask/600/BIN_N07E134.tif
🗑️ Deleted temporal file: /p/11211992-tki-mangrove-restoration/01_data/0_Workflow/13_Mask/600/FIL_N07E134.tif

>>> Processing tile: N04W003
⚠️ Raster missing for tile N04W003: /p/11211992-tki-mangrove-restoration/01_data/0_Workflow/8_Coastline/600/PRC_N04W003.tif
✅ Created placeholder raster: /p/11211992-tki-mangrove-restoration/01_data/0_Workflow/8_Coastline/600/PRC_N04W003.tif
⚠️ Raster missing for tile N04W003: /p/11211992-tki-mangrove-restoration/01_data/0_Workflow/7_Rivers/600/PRR_N04W003.tif
✅ Created placeholder raster: /p/11211992-tki-mangrove-restoration/01_data/0_Workflow/7_Rivers/600/PRR_N04W003.tif
📐 Raster calculator expression:
(((("PRC_N04W003@1" = 0) - ("PRR_N04W003@1" > 0) - ("PRM_N04W003@1" > (60/100))) > 0) + "GMW_N04W003_2020@1" + "LAN_N04W003@1" + "WAT_N04W003@1") > 0
✔ Saved: /p/11211992-tki-mangrove-restoration/01_data/0_Workflow/13_Mask/600/NVA_N04W003.tif
🗑️ Deleted temporal file: /p/11211992-tki-mangrove-restoration/01_data/0_Workflow/13_Mask/600/BIN_N04W003.tif
🗑️ Deleted temporal file: /p/11211992-tki-mangrove-restoration/01_data/0_Workflow/13_Mask/600/FIL_N04W003.tif

>>> Processing tile: S08E144
⚠️ Raster missing for tile S08E144: /p/11211992-tki-mangrove-restoration/01_data/0_Workflow/8_Coastline/600/PRC_S08E144.tif
✅ Created placeholder raster: /p/11211992-tki-mangrove-restoration/01_data/0_Workflow/8_Coastline/600/PRC_S08E144.tif
⚠️ Raster missing for tile S08E144: /p/11211992-tki-mangrove-restoration/01_data/0_Workflow/7_Rivers/600/PRR_S08E144.tif
✅ Created placeholder raster: /p/11211992-tki-mangrove-restoration/01_data/0_Workflow/7_Rivers/600/PRR_S08E144.tif
📐 Raster calculator expression:
(((("PRC_S08E144@1" = 0) - ("PRR_S08E144@1" > 0) - ("PRM_S08E144@1" > (60/100))) > 0) + "GMW_S08E144_2020@1" + "LAN_S08E144@1" + "WAT_S08E144@1") > 0
✔ Saved: /p/11211992-tki-mangrove-restoration/01_data/0_Workflow/13_Mask/600/NVA_S08E144.tif
🗑️ Deleted temporal file: /p/11211992-tki-mangrove-restoration/01_data/0_Workflow/13_Mask/600/BIN_S08E144.tif
🗑️ Deleted temporal file: /p/11211992-tki-mangrove-restoration/01_data/0_Workflow/13_Mask/600/FIL_S08E144.tif

>>> Processing tile: S03E152
⚠️ Raster missing for tile S03E152: /p/11211992-tki-mangrove-restoration/01_data/0_Workflow/8_Coastline/600/PRC_S03E152.tif
✅ Created placeholder raster: /p/11211992-tki-mangrove-restoration/01_data/0_Workflow/8_Coastline/600/PRC_S03E152.tif
⚠️ Raster missing for tile S03E152: /p/11211992-tki-mangrove-restoration/01_data/0_Workflow/7_Rivers/600/PRR_S03E152.tif
✅ Created placeholder raster: /p/11211992-tki-mangrove-restoration/01_data/0_Workflow/7_Rivers/600/PRR_S03E152.tif
📐 Raster calculator expression:
(((("PRC_S03E152@1" = 0) - ("PRR_S03E152@1" > 0) - ("PRM_S03E152@1" > (60/100))) > 0) + "GMW_S03E152_2020@1" + "LAN_S03E152@1" + "WAT_S03E152@1") > 0
✔ Saved: /p/11211992-tki-mangrove-restoration/01_data/0_Workflow/13_Mask/600/NVA_S03E152.tif
🗑️ Deleted temporal file: /p/11211992-tki-mangrove-restoration/01_data/0_Workflow/13_Mask/600/BIN_S03E152.tif
🗑️ Deleted temporal file: /p/11211992-tki-mangrove-restoration/01_data/0_Workflow/13_Mask/600/FIL_S03E152.tif

>>> Processing tile: N05W010
⚠️ Raster missing for tile N05W010: /p/11211992-tki-mangrove-restoration/01_data/0_Workflow/8_Coastline/600/PRC_N05W010.tif
✅ Created placeholder raster: /p/11211992-tki-mangrove-restoration/01_data/0_Workflow/8_Coastline/600/PRC_N05W010.tif
⚠️ Raster missing for tile N05W010: /p/11211992-tki-mangrove-restoration/01_data/0_Workflow/7_Rivers/600/PRR_N05W010.tif
✅ Created placeholder raster: /p/11211992-tki-mangrove-restoration/01_data/0_Workflow/7_Rivers/600/PRR_N05W010.tif
📐 Raster calculator expression:
(((("PRC_N05W010@1" = 0) - ("PRR_N05W010@1" > 0) - ("PRM_N05W010@1" > (60/100))) > 0) + "GMW_N05W010_2020@1" + "LAN_N05W010@1" + "WAT_N05W010@1") > 0
✔ Saved: /p/11211992-tki-mangrove-restoration/01_data/0_Workflow/13_Mask/600/NVA_N05W010.tif
🗑️ Deleted temporal file: /p/11211992-tki-mangrove-restoration/01_data/0_Workflow/13_Mask/600/BIN_N05W010.tif
🗑️ Deleted temporal file: /p/11211992-tki-mangrove-restoration/01_data/0_Workflow/13_Mask/600/FIL_N05W010.tif

>>> Processing tile: N24E035
⚠️ Raster missing for tile N24E035: /p/11211992-tki-mangrove-restoration/01_data/0_Workflow/8_Coastline/600/PRC_N24E035.tif
✅ Created placeholder raster: /p/11211992-tki-mangrove-restoration/01_data/0_Workflow/8_Coastline/600/PRC_N24E035.tif
⚠️ Raster missing for tile N24E035: /p/11211992-tki-mangrove-restoration/01_data/0_Workflow/7_Rivers/600/PRR_N24E035.tif
✅ Created placeholder raster: /p/11211992-tki-mangrove-restoration/01_data/0_Workflow/7_Rivers/600/PRR_N24E035.tif
📐 Raster calculator expression:
(((("PRC_N24E035@1" = 0) - ("PRR_N24E035@1" > 0) - ("PRM_N24E035@1" > (60/100))) > 0) + "GMW_N24E035_2020@1" + "LAN_N24E035@1" + "WAT_N24E035@1") > 0
✔ Saved: /p/11211992-tki-mangrove-restoration/01_data/0_Workflow/13_Mask/600/NVA_N24E035.tif
🗑️ Deleted temporal file: /p/11211992-tki-mangrove-restoration/01_data/0_Workflow/13_Mask/600/BIN_N24E035.tif
🗑️ Deleted temporal file: /p/11211992-tki-mangrove-restoration/01_data/0_Workflow/13_Mask/600/FIL_N24E035.tif

>>> Processing tile: N19W081
⚠️ Raster missing for tile N19W081: /p/11211992-tki-mangrove-restoration/01_data/0_Workflow/8_Coastline/600/PRC_N19W081.tif
✅ Created placeholder raster: /p/11211992-tki-mangrove-restoration/01_data/0_Workflow/8_Coastline/600/PRC_N19W081.tif
⚠️ Raster missing for tile N19W081: /p/11211992-tki-mangrove-restoration/01_data/0_Workflow/7_Rivers/600/PRR_N19W081.tif
✅ Created placeholder raster: /p/11211992-tki-mangrove-restoration/01_data/0_Workflow/7_Rivers/600/PRR_N19W081.tif
📐 Raster calculator expression:
(((("PRC_N19W081@1" = 0) - ("PRR_N19W081@1" > 0) - ("PRM_N19W081@1" > (60/100))) > 0) + "GMW_N19W081_2020@1" + "LAN_N19W081@1" + "WAT_N19W081@1") > 0
✔ Saved: /p/11211992-tki-mangrove-restoration/01_data/0_Workflow/13_Mask/600/NVA_N19W081.tif
🗑️ Deleted temporal file: /p/11211992-tki-mangrove-restoration/01_data/0_Workflow/13_Mask/600/BIN_N19W081.tif
🗑️ Deleted temporal file: /p/11211992-tki-mangrove-restoration/01_data/0_Workflow/13_Mask/600/FIL_N19W081.tif

>>> Processing tile: S33E029
⚠️ Raster missing for tile S33E029: /p/11211992-tki-mangrove-restoration/01_data/0_Workflow/8_Coastline/600/PRC_S33E029.tif
✅ Created placeholder raster: /p/11211992-tki-mangrove-restoration/01_data/0_Workflow/8_Coastline/600/PRC_S33E029.tif
⚠️ Raster missing for tile S33E029: /p/11211992-tki-mangrove-restoration/01_data/0_Workflow/7_Rivers/600/PRR_S33E029.tif
✅ Created placeholder raster: /p/11211992-tki-mangrove-restoration/01_data/0_Workflow/7_Rivers/600/PRR_S33E029.tif
📐 Raster calculator expression:
(((("PRC_S33E029@1" = 0) - ("PRR_S33E029@1" > 0) - ("PRM_S33E029@1" > (60/100))) > 0) + "GMW_S33E029_2020@1" + "LAN_S33E029@1" + "WAT_S33E029@1") > 0
✔ Saved: /p/11211992-tki-mangrove-restoration/01_data/0_Workflow/13_Mask/600/NVA_S33E029.tif
🗑️ Deleted temporal file: /p/11211992-tki-mangrove-restoration/01_data/0_Workflow/13_Mask/600/BIN_S33E029.tif
🗑️ Deleted temporal file: /p/11211992-tki-mangrove-restoration/01_data/0_Workflow/13_Mask/600/FIL_S33E029.tif

>>> Processing tile: N23E067
⚠️ Raster missing for tile N23E067: /p/11211992-tki-mangrove-restoration/01_data/0_Workflow/8_Coastline/600/PRC_N23E067.tif
✅ Created placeholder raster: /p/11211992-tki-mangrove-restoration/01_data/0_Workflow/8_Coastline/600/PRC_N23E067.tif
⚠️ Raster missing for tile N23E067: /p/11211992-tki-mangrove-restoration/01_data/0_Workflow/7_Rivers/600/PRR_N23E067.tif
✅ Created placeholder raster: /p/11211992-tki-mangrove-restoration/01_data/0_Workflow/7_Rivers/600/PRR_N23E067.tif
📐 Raster calculator expression:
(((("PRC_N23E067@1" = 0) - ("PRR_N23E067@1" > 0) - ("PRM_N23E067@1" > (60/100))) > 0) + "GMW_N23E067_2020@1" + "LAN_N23E067@1" + "WAT_N23E067@1") > 0
✔ Saved: /p/11211992-tki-mangrove-restoration/01_data/0_Workflow/13_Mask/600/NVA_N23E067.tif
🗑️ Deleted temporal file: /p/11211992-tki-mangrove-restoration/01_data/0_Workflow/13_Mask/600/BIN_N23E067.tif
🗑️ Deleted temporal file: /p/11211992-tki-mangrove-restoration/01_data/0_Workflow/13_Mask/600/FIL_N23E067.tif

>>> Processing tile: S08E145
⚠️ Raster missing for tile S08E145: /p/11211992-tki-mangrove-restoration/01_data/0_Workflow/8_Coastline/600/PRC_S08E145.tif
✅ Created placeholder raster: /p/11211992-tki-mangrove-restoration/01_data/0_Workflow/8_Coastline/600/PRC_S08E145.tif
⚠️ Raster missing for tile S08E145: /p/11211992-tki-mangrove-restoration/01_data/0_Workflow/7_Rivers/600/PRR_S08E145.tif
✅ Created placeholder raster: /p/11211992-tki-mangrove-restoration/01_data/0_Workflow/7_Rivers/600/PRR_S08E145.tif
📐 Raster calculator expression:
(((("PRC_S08E145@1" = 0) - ("PRR_S08E145@1" > 0) - ("PRM_S08E145@1" > (60/100))) > 0) + "GMW_S08E145_2020@1" + "LAN_S08E145@1" + "WAT_S08E145@1") > 0
✔ Saved: /p/11211992-tki-mangrove-restoration/01_data/0_Workflow/13_Mask/600/NVA_S08E145.tif
🗑️ Deleted temporal file: /p/11211992-tki-mangrove-restoration/01_data/0_Workflow/13_Mask/600/BIN_S08E145.tif
🗑️ Deleted temporal file: /p/11211992-tki-mangrove-restoration/01_data/0_Workflow/13_Mask/600/FIL_S08E145.tif

>>> Processing tile: N05W011
⚠️ Raster missing for tile N05W011: /p/11211992-tki-mangrove-restoration/01_data/0_Workflow/8_Coastline/600/PRC_N05W011.tif
✅ Created placeholder raster: /p/11211992-tki-mangrove-restoration/01_data/0_Workflow/8_Coastline/600/PRC_N05W011.tif
⚠️ Raster missing for tile N05W011: /p/11211992-tki-mangrove-restoration/01_data/0_Workflow/7_Rivers/600/PRR_N05W011.tif
✅ Created placeholder raster: /p/11211992-tki-mangrove-restoration/01_data/0_Workflow/7_Rivers/600/PRR_N05W011.tif
📐 Raster calculator expression:
(((("PRC_N05W011@1" = 0) - ("PRR_N05W011@1" > 0) - ("PRM_N05W011@1" > (60/100))) > 0) + "GMW_N05W011_2020@1" + "LAN_N05W011@1" + "WAT_N05W011@1") > 0
✔ Saved: /p/11211992-tki-mangrove-restoration/01_data/0_Workflow/13_Mask/600/NVA_N05W011.tif
🗑️ Deleted temporal file: /p/11211992-tki-mangrove-restoration/01_data/0_Workflow/13_Mask/600/BIN_N05W011.tif
🗑️ Deleted temporal file: /p/11211992-tki-mangrove-restoration/01_data/0_Workflow/13_Mask/600/FIL_N05W011.tif

>>> Processing tile: N00E006
⚠️ Raster missing for tile N00E006: /p/11211992-tki-mangrove-restoration/01_data/0_Workflow/8_Coastline/600/PRC_N00E006.tif
✅ Created placeholder raster: /p/11211992-tki-mangrove-restoration/01_data/0_Workflow/8_Coastline/600/PRC_N00E006.tif
⚠️ Raster missing for tile N00E006: /p/11211992-tki-mangrove-restoration/01_data/0_Workflow/7_Rivers/600/PRR_N00E006.tif
✅ Created placeholder raster: /p/11211992-tki-mangrove-restoration/01_data/0_Workflow/7_Rivers/600/PRR_N00E006.tif
📐 Raster calculator expression:
(((("PRC_N00E006@1" = 0) - ("PRR_N00E006@1" > 0) - ("PRM_N00E006@1" > (60/100))) > 0) + "GMW_N00E006_2020@1" + "LAN_N00E006@1" + "WAT_N00E006@1") > 0
✔ Saved: /p/11211992-tki-mangrove-restoration/01_data/0_Workflow/13_Mask/600/NVA_N00E006.tif
🗑️ Deleted temporal file: /p/11211992-tki-mangrove-restoration/01_data/0_Workflow/13_Mask/600/BIN_N00E006.tif
🗑️ Deleted temporal file: /p/11211992-tki-mangrove-restoration/01_data/0_Workflow/13_Mask/600/FIL_N00E006.tif

>>> Processing tile: S11E166
⚠️ Raster missing for tile S11E166: /p/11211992-tki-mangrove-restoration/01_data/0_Workflow/8_Coastline/600/PRC_S11E166.tif
✅ Created placeholder raster: /p/11211992-tki-mangrove-restoration/01_data/0_Workflow/8_Coastline/600/PRC_S11E166.tif
⚠️ Raster missing for tile S11E166: /p/11211992-tki-mangrove-restoration/01_data/0_Workflow/7_Rivers/600/PRR_S11E166.tif
✅ Created placeholder raster: /p/11211992-tki-mangrove-restoration/01_data/0_Workflow/7_Rivers/600/PRR_S11E166.tif
📐 Raster calculator expression:
(((("PRC_S11E166@1" = 0) - ("PRR_S11E166@1" > 0) - ("PRM_S11E166@1" > (60/100))) > 0) + "GMW_S11E166_2020@1" + "LAN_S11E166@1" + "WAT_S11E166@1") > 0
✔ Saved: /p/11211992-tki-mangrove-restoration/01_data/0_Workflow/13_Mask/600/NVA_S11E166.tif
🗑️ Deleted temporal file: /p/11211992-tki-mangrove-restoration/01_data/0_Workflow/13_Mask/600/BIN_S11E166.tif
🗑️ Deleted temporal file: /p/11211992-tki-mangrove-restoration/01_data/0_Workflow/13_Mask/600/FIL_S11E166.tif

>>> Processing tile: S15E129
⚠️ Raster missing for tile S15E129: /p/11211992-tki-mangrove-restoration/01_data/0_Workflow/8_Coastline/600/PRC_S15E129.tif
✅ Created placeholder raster: /p/11211992-tki-mangrove-restoration/01_data/0_Workflow/8_Coastline/600/PRC_S15E129.tif
⚠️ Raster missing for tile S15E129: /p/11211992-tki-mangrove-restoration/01_data/0_Workflow/7_Rivers/600/PRR_S15E129.tif
✅ Created placeholder raster: /p/11211992-tki-mangrove-restoration/01_data/0_Workflow/7_Rivers/600/PRR_S15E129.tif
📐 Raster calculator expression:
(((("PRC_S15E129@1" = 0) - ("PRR_S15E129@1" > 0) - ("PRM_S15E129@1" > (60/100))) > 0) + "GMW_S15E129_2020@1" + "LAN_S15E129@1" + "WAT_S15E129@1") > 0
✔ Saved: /p/11211992-tki-mangrove-restoration/01_data/0_Workflow/13_Mask/600/NVA_S15E129.tif
🗑️ Deleted temporal file: /p/11211992-tki-mangrove-restoration/01_data/0_Workflow/13_Mask/600/BIN_S15E129.tif
🗑️ Deleted temporal file: /p/11211992-tki-mangrove-restoration/01_data/0_Workflow/13_Mask/600/FIL_S15E129.tif

>>> Processing tile: N25W082
⚠️ Raster missing for tile N25W082: /p/11211992-tki-mangrove-restoration/01_data/0_Workflow/8_Coastline/600/PRC_N25W082.tif
✅ Created placeholder raster: /p/11211992-tki-mangrove-restoration/01_data/0_Workflow/8_Coastline/600/PRC_N25W082.tif
⚠️ Raster missing for tile N25W082: /p/11211992-tki-mangrove-restoration/01_data/0_Workflow/7_Rivers/600/PRR_N25W082.tif
✅ Created placeholder raster: /p/11211992-tki-mangrove-restoration/01_data/0_Workflow/7_Rivers/600/PRR_N25W082.tif
📐 Raster calculator expression:
(((("PRC_N25W082@1" = 0) - ("PRR_N25W082@1" > 0) - ("PRM_N25W082@1" > (60/100))) > 0) + "GMW_N25W082_2020@1" + "LAN_N25W082@1" + "WAT_N25W082@1") > 0
✔ Saved: /p/11211992-tki-mangrove-restoration/01_data/0_Workflow/13_Mask/600/NVA_N25W082.tif
🗑️ Deleted temporal file: /p/11211992-tki-mangrove-restoration/01_data/0_Workflow/13_Mask/600/BIN_N25W082.tif
🗑️ Deleted temporal file: /p/11211992-tki-mangrove-restoration/01_data/0_Workflow/13_Mask/600/FIL_N25W082.tif

>>> Processing tile: S22E148
⚠️ Raster missing for tile S22E148: /p/11211992-tki-mangrove-restoration/01_data/0_Workflow/8_Coastline/600/PRC_S22E148.tif
✅ Created placeholder raster: /p/11211992-tki-mangrove-restoration/01_data/0_Workflow/8_Coastline/600/PRC_S22E148.tif
⚠️ Raster missing for tile S22E148: /p/11211992-tki-mangrove-restoration/01_data/0_Workflow/7_Rivers/600/PRR_S22E148.tif
✅ Created placeholder raster: /p/11211992-tki-mangrove-restoration/01_data/0_Workflow/7_Rivers/600/PRR_S22E148.tif
📐 Raster calculator expression:
(((("PRC_S22E148@1" = 0) - ("PRR_S22E148@1" > 0) - ("PRM_S22E148@1" > (60/100))) > 0) + "GMW_S22E148_2020@1" + "LAN_S22E148@1" + "WAT_S22E148@1") > 0
✔ Saved: /p/11211992-tki-mangrove-restoration/01_data/0_Workflow/13_Mask/600/NVA_S22E148.tif
🗑️ Deleted temporal file: /p/11211992-tki-mangrove-restoration/01_data/0_Workflow/13_Mask/600/BIN_S22E148.tif
🗑️ Deleted temporal file: /p/11211992-tki-mangrove-restoration/01_data/0_Workflow/13_Mask/600/FIL_S22E148.tif

>>> Processing tile: S12E152
⚠️ Raster missing for tile S12E152: /p/11211992-tki-mangrove-restoration/01_data/0_Workflow/8_Coastline/600/PRC_S12E152.tif
✅ Created placeholder raster: /p/11211992-tki-mangrove-restoration/01_data/0_Workflow/8_Coastline/600/PRC_S12E152.tif
⚠️ Raster missing for tile S12E152: /p/11211992-tki-mangrove-restoration/01_data/0_Workflow/7_Rivers/600/PRR_S12E152.tif
✅ Created placeholder raster: /p/11211992-tki-mangrove-restoration/01_data/0_Workflow/7_Rivers/600/PRR_S12E152.tif
📐 Raster calculator expression:
(((("PRC_S12E152@1" = 0) - ("PRR_S12E152@1" > 0) - ("PRM_S12E152@1" > (60/100))) > 0) + "GMW_S12E152_2020@1" + "LAN_S12E152@1" + "WAT_S12E152@1") > 0
✔ Saved: /p/11211992-tki-mangrove-restoration/01_data/0_Workflow/13_Mask/600/NVA_S12E152.tif
🗑️ Deleted temporal file: /p/11211992-tki-mangrove-restoration/01_data/0_Workflow/13_Mask/600/BIN_S12E152.tif
🗑️ Deleted temporal file: /p/11211992-tki-mangrove-restoration/01_data/0_Workflow/13_Mask/600/FIL_S12E152.tif

>>> Processing tile: S17E178
⚠️ Raster missing for tile S17E178: /p/11211992-tki-mangrove-restoration/01_data/0_Workflow/8_Coastline/600/PRC_S17E178.tif
✅ Created placeholder raster: /p/11211992-tki-mangrove-restoration/01_data/0_Workflow/8_Coastline/600/PRC_S17E178.tif
⚠️ Raster missing for tile S17E178: /p/11211992-tki-mangrove-restoration/01_data/0_Workflow/7_Rivers/600/PRR_S17E178.tif
✅ Created placeholder raster: /p/11211992-tki-mangrove-restoration/01_data/0_Workflow/7_Rivers/600/PRR_S17E178.tif
📐 Raster calculator expression:
(((("PRC_S17E178@1" = 0) - ("PRR_S17E178@1" > 0) - ("PRM_S17E178@1" > (60/100))) > 0) + "GMW_S17E178_2020@1" + "LAN_S17E178@1" + "WAT_S17E178@1") > 0
✔ Saved: /p/11211992-tki-mangrove-restoration/01_data/0_Workflow/13_Mask/600/NVA_S17E178.tif
🗑️ Deleted temporal file: /p/11211992-tki-mangrove-restoration/01_data/0_Workflow/13_Mask/600/BIN_S17E178.tif
🗑️ Deleted temporal file: /p/11211992-tki-mangrove-restoration/01_data/0_Workflow/13_Mask/600/FIL_S17E178.tif

>>> Processing tile: S13E141
⚠️ Raster missing for tile S13E141: /p/11211992-tki-mangrove-restoration/01_data/0_Workflow/8_Coastline/600/PRC_S13E141.tif
✅ Created placeholder raster: /p/11211992-tki-mangrove-restoration/01_data/0_Workflow/8_Coastline/600/PRC_S13E141.tif
⚠️ Raster missing for tile S13E141: /p/11211992-tki-mangrove-restoration/01_data/0_Workflow/7_Rivers/600/PRR_S13E141.tif
✅ Created placeholder raster: /p/11211992-tki-mangrove-restoration/01_data/0_Workflow/7_Rivers/600/PRR_S13E141.tif
📐 Raster calculator expression:
(((("PRC_S13E141@1" = 0) - ("PRR_S13E141@1" > 0) - ("PRM_S13E141@1" > (60/100))) > 0) + "GMW_S13E141_2020@1" + "LAN_S13E141@1" + "WAT_S13E141@1") > 0
✔ Saved: /p/11211992-tki-mangrove-restoration/01_data/0_Workflow/13_Mask/600/NVA_S13E141.tif
🗑️ Deleted temporal file: /p/11211992-tki-mangrove-restoration/01_data/0_Workflow/13_Mask/600/BIN_S13E141.tif
🗑️ Deleted temporal file: /p/11211992-tki-mangrove-restoration/01_data/0_Workflow/13_Mask/600/FIL_S13E141.tif

>>> Processing tile: S18E037
⚠️ Raster missing for tile S18E037: /p/11211992-tki-mangrove-restoration/01_data/0_Workflow/8_Coastline/600/PRC_S18E037.tif
✅ Created placeholder raster: /p/11211992-tki-mangrove-restoration/01_data/0_Workflow/8_Coastline/600/PRC_S18E037.tif
⚠️ Raster missing for tile S18E037: /p/11211992-tki-mangrove-restoration/01_data/0_Workflow/7_Rivers/600/PRR_S18E037.tif
✅ Created placeholder raster: /p/11211992-tki-mangrove-restoration/01_data/0_Workflow/7_Rivers/600/PRR_S18E037.tif
📐 Raster calculator expression:
(((("PRC_S18E037@1" = 0) - ("PRR_S18E037@1" > 0) - ("PRM_S18E037@1" > (60/100))) > 0) + "GMW_S18E037_2020@1" + "LAN_S18E037@1" + "WAT_S18E037@1") > 0
✔ Saved: /p/11211992-tki-mangrove-restoration/01_data/0_Workflow/13_Mask/600/NVA_S18E037.tif
🗑️ Deleted temporal file: /p/11211992-tki-mangrove-restoration/01_data/0_Workflow/13_Mask/600/BIN_S18E037.tif
🗑️ Deleted temporal file: /p/11211992-tki-mangrove-restoration/01_data/0_Workflow/13_Mask/600/FIL_S18E037.tif

>>> Processing tile: N24E037
⚠️ Raster missing for tile N24E037: /p/11211992-tki-mangrove-restoration/01_data/0_Workflow/8_Coastline/600/PRC_N24E037.tif
✅ Created placeholder raster: /p/11211992-tki-mangrove-restoration/01_data/0_Workflow/8_Coastline/600/PRC_N24E037.tif
⚠️ Raster missing for tile N24E037: /p/11211992-tki-mangrove-restoration/01_data/0_Workflow/7_Rivers/600/PRR_N24E037.tif
✅ Created placeholder raster: /p/11211992-tki-mangrove-restoration/01_data/0_Workflow/7_Rivers/600/PRR_N24E037.tif
📐 Raster calculator expression:
(((("PRC_N24E037@1" = 0) - ("PRR_N24E037@1" > 0) - ("PRM_N24E037@1" > (60/100))) > 0) + "GMW_N24E037_2020@1" + "LAN_N24E037@1" + "WAT_N24E037@1") > 0
✔ Saved: /p/11211992-tki-mangrove-restoration/01_data/0_Workflow/13_Mask/600/NVA_N24E037.tif
🗑️ Deleted temporal file: /p/11211992-tki-mangrove-restoration/01_data/0_Workflow/13_Mask/600/BIN_N24E037.tif
🗑️ Deleted temporal file: /p/11211992-tki-mangrove-restoration/01_data/0_Workflow/13_Mask/600/FIL_N24E037.tif

>>> Processing tile: S15E128
⚠️ Raster missing for tile S15E128: /p/11211992-tki-mangrove-restoration/01_data/0_Workflow/8_Coastline/600/PRC_S15E128.tif
✅ Created placeholder raster: /p/11211992-tki-mangrove-restoration/01_data/0_Workflow/8_Coastline/600/PRC_S15E128.tif
⚠️ Raster missing for tile S15E128: /p/11211992-tki-mangrove-restoration/01_data/0_Workflow/7_Rivers/600/PRR_S15E128.tif
✅ Created placeholder raster: /p/11211992-tki-mangrove-restoration/01_data/0_Workflow/7_Rivers/600/PRR_S15E128.tif
📐 Raster calculator expression:
(((("PRC_S15E128@1" = 0) - ("PRR_S15E128@1" > 0) - ("PRM_S15E128@1" > (60/100))) > 0) + "GMW_S15E128_2020@1" + "LAN_S15E128@1" + "WAT_S15E128@1") > 0
✔ Saved: /p/11211992-tki-mangrove-restoration/01_data/0_Workflow/13_Mask/600/NVA_S15E128.tif
🗑️ Deleted temporal file: /p/11211992-tki-mangrove-restoration/01_data/0_Workflow/13_Mask/600/BIN_S15E128.tif
🗑️ Deleted temporal file: /p/11211992-tki-mangrove-restoration/01_data/0_Workflow/13_Mask/600/FIL_S15E128.tif

>>> Processing tile: S03E151
⚠️ Raster missing for tile S03E151: /p/11211992-tki-mangrove-restoration/01_data/0_Workflow/8_Coastline/600/PRC_S03E151.tif
✅ Created placeholder raster: /p/11211992-tki-mangrove-restoration/01_data/0_Workflow/8_Coastline/600/PRC_S03E151.tif
⚠️ Raster missing for tile S03E151: /p/11211992-tki-mangrove-restoration/01_data/0_Workflow/7_Rivers/600/PRR_S03E151.tif
✅ Created placeholder raster: /p/11211992-tki-mangrove-restoration/01_data/0_Workflow/7_Rivers/600/PRR_S03E151.tif
📐 Raster calculator expression:
(((("PRC_S03E151@1" = 0) - ("PRR_S03E151@1" > 0) - ("PRM_S03E151@1" > (60/100))) > 0) + "GMW_S03E151_2020@1" + "LAN_S03E151@1" + "WAT_S03E151@1") > 0
✔ Saved: /p/11211992-tki-mangrove-restoration/01_data/0_Workflow/13_Mask/600/NVA_S03E151.tif
🗑️ Deleted temporal file: /p/11211992-tki-mangrove-restoration/01_data/0_Workflow/13_Mask/600/BIN_S03E151.tif
🗑️ Deleted temporal file: /p/11211992-tki-mangrove-restoration/01_data/0_Workflow/13_Mask/600/FIL_S03E151.tif

>>> Processing tile: S17E179
⚠️ Raster missing for tile S17E179: /p/11211992-tki-mangrove-restoration/01_data/0_Workflow/8_Coastline/600/PRC_S17E179.tif
✅ Created placeholder raster: /p/11211992-tki-mangrove-restoration/01_data/0_Workflow/8_Coastline/600/PRC_S17E179.tif
⚠️ Raster missing for tile S17E179: /p/11211992-tki-mangrove-restoration/01_data/0_Workflow/7_Rivers/600/PRR_S17E179.tif
✅ Created placeholder raster: /p/11211992-tki-mangrove-restoration/01_data/0_Workflow/7_Rivers/600/PRR_S17E179.tif
📐 Raster calculator expression:
(((("PRC_S17E179@1" = 0) - ("PRR_S17E179@1" > 0) - ("PRM_S17E179@1" > (60/100))) > 0) + "GMW_S17E179_2020@1" + "LAN_S17E179@1" + "WAT_S17E179@1") > 0
✔ Saved: /p/11211992-tki-mangrove-restoration/01_data/0_Workflow/13_Mask/600/NVA_S17E179.tif
🗑️ Deleted temporal file: /p/11211992-tki-mangrove-restoration/01_data/0_Workflow/13_Mask/600/BIN_S17E179.tif
🗑️ Deleted temporal file: /p/11211992-tki-mangrove-restoration/01_data/0_Workflow/13_Mask/600/FIL_S17E179.tif

>>> Processing tile: S22E149
⚠️ Raster missing for tile S22E149: /p/11211992-tki-mangrove-restoration/01_data/0_Workflow/8_Coastline/600/PRC_S22E149.tif
✅ Created placeholder raster: /p/11211992-tki-mangrove-restoration/01_data/0_Workflow/8_Coastline/600/PRC_S22E149.tif
⚠️ Raster missing for tile S22E149: /p/11211992-tki-mangrove-restoration/01_data/0_Workflow/7_Rivers/600/PRR_S22E149.tif
✅ Created placeholder raster: /p/11211992-tki-mangrove-restoration/01_data/0_Workflow/7_Rivers/600/PRR_S22E149.tif
📐 Raster calculator expression:
(((("PRC_S22E149@1" = 0) - ("PRR_S22E149@1" > 0) - ("PRM_S22E149@1" > (60/100))) > 0) + "GMW_S22E149_2020@1" + "LAN_S22E149@1" + "WAT_S22E149@1") > 0
✔ Saved: /p/11211992-tki-mangrove-restoration/01_data/0_Workflow/13_Mask/600/NVA_S22E149.tif
🗑️ Deleted temporal file: /p/11211992-tki-mangrove-restoration/01_data/0_Workflow/13_Mask/600/BIN_S22E149.tif
🗑️ Deleted temporal file: /p/11211992-tki-mangrove-restoration/01_data/0_Workflow/13_Mask/600/FIL_S22E149.tif

>>> Processing tile: S12E153
⚠️ Raster missing for tile S12E153: /p/11211992-tki-mangrove-restoration/01_data/0_Workflow/8_Coastline/600/PRC_S12E153.tif
✅ Created placeholder raster: /p/11211992-tki-mangrove-restoration/01_data/0_Workflow/8_Coastline/600/PRC_S12E153.tif
⚠️ Raster missing for tile S12E153: /p/11211992-tki-mangrove-restoration/01_data/0_Workflow/7_Rivers/600/PRR_S12E153.tif
✅ Created placeholder raster: /p/11211992-tki-mangrove-restoration/01_data/0_Workflow/7_Rivers/600/PRR_S12E153.tif
📐 Raster calculator expression:
(((("PRC_S12E153@1" = 0) - ("PRR_S12E153@1" > 0) - ("PRM_S12E153@1" > (60/100))) > 0) + "GMW_S12E153_2020@1" + "LAN_S12E153@1" + "WAT_S12E153@1") > 0
✔ Saved: /p/11211992-tki-mangrove-restoration/01_data/0_Workflow/13_Mask/600/NVA_S12E153.tif
🗑️ Deleted temporal file: /p/11211992-tki-mangrove-restoration/01_data/0_Workflow/13_Mask/600/BIN_S12E153.tif
🗑️ Deleted temporal file: /p/11211992-tki-mangrove-restoration/01_data/0_Workflow/13_Mask/600/FIL_S12E153.tif

>>> Processing tile: S15E048
⚠️ Raster missing for tile S15E048: /p/11211992-tki-mangrove-restoration/01_data/0_Workflow/8_Coastline/600/PRC_S15E048.tif
✅ Created placeholder raster: /p/11211992-tki-mangrove-restoration/01_data/0_Workflow/8_Coastline/600/PRC_S15E048.tif
⚠️ Raster missing for tile S15E048: /p/11211992-tki-mangrove-restoration/01_data/0_Workflow/7_Rivers/600/PRR_S15E048.tif
✅ Created placeholder raster: /p/11211992-tki-mangrove-restoration/01_data/0_Workflow/7_Rivers/600/PRR_S15E048.tif
📐 Raster calculator expression:
(((("PRC_S15E048@1" = 0) - ("PRR_S15E048@1" > 0) - ("PRM_S15E048@1" > (60/100))) > 0) + "GMW_S15E048_2020@1" + "LAN_S15E048@1" + "WAT_S15E048@1") > 0
✔ Saved: /p/11211992-tki-mangrove-restoration/01_data/0_Workflow/13_Mask/600/NVA_S15E048.tif
🗑️ Deleted temporal file: /p/11211992-tki-mangrove-restoration/01_data/0_Workflow/13_Mask/600/BIN_S15E048.tif
🗑️ Deleted temporal file: /p/11211992-tki-mangrove-restoration/01_data/0_Workflow/13_Mask/600/FIL_S15E048.tif

>>> Processing tile: N24E120
⚠️ Raster missing for tile N24E120: /p/11211992-tki-mangrove-restoration/01_data/0_Workflow/8_Coastline/600/PRC_N24E120.tif
✅ Created placeholder raster: /p/11211992-tki-mangrove-restoration/01_data/0_Workflow/8_Coastline/600/PRC_N24E120.tif
⚠️ Raster missing for tile N24E120: /p/11211992-tki-mangrove-restoration/01_data/0_Workflow/7_Rivers/600/PRR_N24E120.tif
✅ Created placeholder raster: /p/11211992-tki-mangrove-restoration/01_data/0_Workflow/7_Rivers/600/PRR_N24E120.tif
📐 Raster calculator expression:
(((("PRC_N24E120@1" = 0) - ("PRR_N24E120@1" > 0) - ("PRM_N24E120@1" > (60/100))) > 0) + "GMW_N24E120_2020@1" + "LAN_N24E120@1" + "WAT_N24E120@1") > 0
✔ Saved: /p/11211992-tki-mangrove-restoration/01_data/0_Workflow/13_Mask/600/NVA_N24E120.tif
🗑️ Deleted temporal file: /p/11211992-tki-mangrove-restoration/01_data/0_Workflow/13_Mask/600/BIN_N24E120.tif
🗑️ Deleted temporal file: /p/11211992-tki-mangrove-restoration/01_data/0_Workflow/13_Mask/600/FIL_N24E120.tif

>>> Processing tile: N17E041
⚠️ Raster missing for tile N17E041: /p/11211992-tki-mangrove-restoration/01_data/0_Workflow/8_Coastline/600/PRC_N17E041.tif
✅ Created placeholder raster: /p/11211992-tki-mangrove-restoration/01_data/0_Workflow/8_Coastline/600/PRC_N17E041.tif
⚠️ Raster missing for tile N17E041: /p/11211992-tki-mangrove-restoration/01_data/0_Workflow/7_Rivers/600/PRR_N17E041.tif
✅ Created placeholder raster: /p/11211992-tki-mangrove-restoration/01_data/0_Workflow/7_Rivers/600/PRR_N17E041.tif
📐 Raster calculator expression:
(((("PRC_N17E041@1" = 0) - ("PRR_N17E041@1" > 0) - ("PRM_N17E041@1" > (60/100))) > 0) + "GMW_N17E041_2020@1" + "LAN_N17E041@1" + "WAT_N17E041@1") > 0
✔ Saved: /p/11211992-tki-mangrove-restoration/01_data/0_Workflow/13_Mask/600/NVA_N17E041.tif
🗑️ Deleted temporal file: /p/11211992-tki-mangrove-restoration/01_data/0_Workflow/13_Mask/600/BIN_N17E041.tif
🗑️ Deleted temporal file: /p/11211992-tki-mangrove-restoration/01_data/0_Workflow/13_Mask/600/FIL_N17E041.tif

>>> Processing tile: N09W079
⚠️ Raster missing for tile N09W079: /p/11211992-tki-mangrove-restoration/01_data/0_Workflow/8_Coastline/600/PRC_N09W079.tif
✅ Created placeholder raster: /p/11211992-tki-mangrove-restoration/01_data/0_Workflow/8_Coastline/600/PRC_N09W079.tif
⚠️ Raster missing for tile N09W079: /p/11211992-tki-mangrove-restoration/01_data/0_Workflow/7_Rivers/600/PRR_N09W079.tif
✅ Created placeholder raster: /p/11211992-tki-mangrove-restoration/01_data/0_Workflow/7_Rivers/600/PRR_N09W079.tif
📐 Raster calculator expression:
(((("PRC_N09W079@1" = 0) - ("PRR_N09W079@1" > 0) - ("PRM_N09W079@1" > (60/100))) > 0) + "GMW_N09W079_2020@1" + "LAN_N09W079@1" + "WAT_N09W079@1") > 0
✔ Saved: /p/11211992-tki-mangrove-restoration/01_data/0_Workflow/13_Mask/600/NVA_N09W079.tif
🗑️ Deleted temporal file: /p/11211992-tki-mangrove-restoration/01_data/0_Workflow/13_Mask/600/BIN_N09W079.tif
🗑️ Deleted temporal file: /p/11211992-tki-mangrove-restoration/01_data/0_Workflow/13_Mask/600/FIL_N09W079.tif

>>> Processing tile: S30E030
⚠️ Raster missing for tile S30E030: /p/11211992-tki-mangrove-restoration/01_data/0_Workflow/8_Coastline/600/PRC_S30E030.tif
✅ Created placeholder raster: /p/11211992-tki-mangrove-restoration/01_data/0_Workflow/8_Coastline/600/PRC_S30E030.tif
⚠️ Raster missing for tile S30E030: /p/11211992-tki-mangrove-restoration/01_data/0_Workflow/7_Rivers/600/PRR_S30E030.tif
✅ Created placeholder raster: /p/11211992-tki-mangrove-restoration/01_data/0_Workflow/7_Rivers/600/PRR_S30E030.tif
📐 Raster calculator expression:
(((("PRC_S30E030@1" = 0) - ("PRR_S30E030@1" > 0) - ("PRM_S30E030@1" > (60/100))) > 0) + "GMW_S30E030_2020@1" + "LAN_S30E030@1" + "WAT_S30E030@1") > 0
✔ Saved: /p/11211992-tki-mangrove-restoration/01_data/0_Workflow/13_Mask/600/NVA_S30E030.tif
🗑️ Deleted temporal file: /p/11211992-tki-mangrove-restoration/01_data/0_Workflow/13_Mask/600/BIN_S30E030.tif
🗑️ Deleted temporal file: /p/11211992-tki-mangrove-restoration/01_data/0_Workflow/13_Mask/600/FIL_S30E030.tif

>>> Processing tile: S13E131
⚠️ Raster missing for tile S13E131: /p/11211992-tki-mangrove-restoration/01_data/0_Workflow/8_Coastline/600/PRC_S13E131.tif
✅ Created placeholder raster: /p/11211992-tki-mangrove-restoration/01_data/0_Workflow/8_Coastline/600/PRC_S13E131.tif
⚠️ Raster missing for tile S13E131: /p/11211992-tki-mangrove-restoration/01_data/0_Workflow/7_Rivers/600/PRR_S13E131.tif
✅ Created placeholder raster: /p/11211992-tki-mangrove-restoration/01_data/0_Workflow/7_Rivers/600/PRR_S13E131.tif
📐 Raster calculator expression:
(((("PRC_S13E131@1" = 0) - ("PRR_S13E131@1" > 0) - ("PRM_S13E131@1" > (60/100))) > 0) + "GMW_S13E131_2020@1" + "LAN_S13E131@1" + "WAT_S13E131@1") > 0
✔ Saved: /p/11211992-tki-mangrove-restoration/01_data/0_Workflow/13_Mask/600/NVA_S13E131.tif
🗑️ Deleted temporal file: /p/11211992-tki-mangrove-restoration/01_data/0_Workflow/13_Mask/600/BIN_S13E131.tif
🗑️ Deleted temporal file: /p/11211992-tki-mangrove-restoration/01_data/0_Workflow/13_Mask/600/FIL_S13E131.tif

>>> Processing tile: S12E154
⚠️ Raster missing for tile S12E154: /p/11211992-tki-mangrove-restoration/01_data/0_Workflow/8_Coastline/600/PRC_S12E154.tif
✅ Created placeholder raster: /p/11211992-tki-mangrove-restoration/01_data/0_Workflow/8_Coastline/600/PRC_S12E154.tif
⚠️ Raster missing for tile S12E154: /p/11211992-tki-mangrove-restoration/01_data/0_Workflow/7_Rivers/600/PRR_S12E154.tif
✅ Created placeholder raster: /p/11211992-tki-mangrove-restoration/01_data/0_Workflow/7_Rivers/600/PRR_S12E154.tif
📐 Raster calculator expression:
(((("PRC_S12E154@1" = 0) - ("PRR_S12E154@1" > 0) - ("PRM_S12E154@1" > (60/100))) > 0) + "GMW_S12E154_2020@1" + "LAN_S12E154@1" + "WAT_S12E154@1") > 0
✔ Saved: /p/11211992-tki-mangrove-restoration/01_data/0_Workflow/13_Mask/600/NVA_S12E154.tif
🗑️ Deleted temporal file: /p/11211992-tki-mangrove-restoration/01_data/0_Workflow/13_Mask/600/BIN_S12E154.tif
🗑️ Deleted temporal file: /p/11211992-tki-mangrove-restoration/01_data/0_Workflow/13_Mask/600/FIL_S12E154.tif

>>> Processing tile: N12E043
⚠️ Raster missing for tile N12E043: /p/11211992-tki-mangrove-restoration/01_data/0_Workflow/8_Coastline/600/PRC_N12E043.tif
✅ Created placeholder raster: /p/11211992-tki-mangrove-restoration/01_data/0_Workflow/8_Coastline/600/PRC_N12E043.tif
⚠️ Raster missing for tile N12E043: /p/11211992-tki-mangrove-restoration/01_data/0_Workflow/7_Rivers/600/PRR_N12E043.tif
✅ Created placeholder raster: /p/11211992-tki-mangrove-restoration/01_data/0_Workflow/7_Rivers/600/PRR_N12E043.tif
📐 Raster calculator expression:
(((("PRC_N12E043@1" = 0) - ("PRR_N12E043@1" > 0) - ("PRM_N12E043@1" > (60/100))) > 0) + "GMW_N12E043_2020@1" + "LAN_N12E043@1" + "WAT_N12E043@1") > 0
✔ Saved: /p/11211992-tki-mangrove-restoration/01_data/0_Workflow/13_Mask/600/NVA_N12E043.tif
🗑️ Deleted temporal file: /p/11211992-tki-mangrove-restoration/01_data/0_Workflow/13_Mask/600/BIN_N12E043.tif
🗑️ Deleted temporal file: /p/11211992-tki-mangrove-restoration/01_data/0_Workflow/13_Mask/600/FIL_N12E043.tif

>>> Processing tile: N22E059
⚠️ Raster missing for tile N22E059: /p/11211992-tki-mangrove-restoration/01_data/0_Workflow/8_Coastline/600/PRC_N22E059.tif
✅ Created placeholder raster: /p/11211992-tki-mangrove-restoration/01_data/0_Workflow/8_Coastline/600/PRC_N22E059.tif
⚠️ Raster missing for tile N22E059: /p/11211992-tki-mangrove-restoration/01_data/0_Workflow/7_Rivers/600/PRR_N22E059.tif
✅ Created placeholder raster: /p/11211992-tki-mangrove-restoration/01_data/0_Workflow/7_Rivers/600/PRR_N22E059.tif
📐 Raster calculator expression:
(((("PRC_N22E059@1" = 0) - ("PRR_N22E059@1" > 0) - ("PRM_N22E059@1" > (60/100))) > 0) + "GMW_N22E059_2020@1" + "LAN_N22E059@1" + "WAT_N22E059@1") > 0
✔ Saved: /p/11211992-tki-mangrove-restoration/01_data/0_Workflow/13_Mask/600/NVA_N22E059.tif
🗑️ Deleted temporal file: /p/11211992-tki-mangrove-restoration/01_data/0_Workflow/13_Mask/600/BIN_N22E059.tif
🗑️ Deleted temporal file: /p/11211992-tki-mangrove-restoration/01_data/0_Workflow/13_Mask/600/FIL_N22E059.tif

>>> Processing tile: N14W017
⚠️ Raster missing for tile N14W017: /p/11211992-tki-mangrove-restoration/01_data/0_Workflow/8_Coastline/600/PRC_N14W017.tif
✅ Created placeholder raster: /p/11211992-tki-mangrove-restoration/01_data/0_Workflow/8_Coastline/600/PRC_N14W017.tif
⚠️ Raster missing for tile N14W017: /p/11211992-tki-mangrove-restoration/01_data/0_Workflow/7_Rivers/600/PRR_N14W017.tif
✅ Created placeholder raster: /p/11211992-tki-mangrove-restoration/01_data/0_Workflow/7_Rivers/600/PRR_N14W017.tif
📐 Raster calculator expression:
(((("PRC_N14W017@1" = 0) - ("PRR_N14W017@1" > 0) - ("PRM_N14W017@1" > (60/100))) > 0) + "GMW_N14W017_2020@1" + "LAN_N14W017@1" + "WAT_N14W017@1") > 0
✔ Saved: /p/11211992-tki-mangrove-restoration/01_data/0_Workflow/13_Mask/600/NVA_N14W017.tif
🗑️ Deleted temporal file: /p/11211992-tki-mangrove-restoration/01_data/0_Workflow/13_Mask/600/BIN_N14W017.tif
🗑️ Deleted temporal file: /p/11211992-tki-mangrove-restoration/01_data/0_Workflow/13_Mask/600/FIL_N14W017.tif

>>> Processing tile: S27E113
⚠️ Raster missing for tile S27E113: /p/11211992-tki-mangrove-restoration/01_data/0_Workflow/8_Coastline/600/PRC_S27E113.tif
✅ Created placeholder raster: /p/11211992-tki-mangrove-restoration/01_data/0_Workflow/8_Coastline/600/PRC_S27E113.tif
⚠️ Raster missing for tile S27E113: /p/11211992-tki-mangrove-restoration/01_data/0_Workflow/7_Rivers/600/PRR_S27E113.tif
✅ Created placeholder raster: /p/11211992-tki-mangrove-restoration/01_data/0_Workflow/7_Rivers/600/PRR_S27E113.tif
📐 Raster calculator expression:
(((("PRC_S27E113@1" = 0) - ("PRR_S27E113@1" > 0) - ("PRM_S27E113@1" > (60/100))) > 0) + "GMW_S27E113_2020@1" + "LAN_S27E113@1" + "WAT_S27E113@1") > 0
✔ Saved: /p/11211992-tki-mangrove-restoration/01_data/0_Workflow/13_Mask/600/NVA_S27E113.tif
🗑️ Deleted temporal file: /p/11211992-tki-mangrove-restoration/01_data/0_Workflow/13_Mask/600/BIN_S27E113.tif
🗑️ Deleted temporal file: /p/11211992-tki-mangrove-restoration/01_data/0_Workflow/13_Mask/600/FIL_S27E113.tif

>>> Processing tile: N25E055
⚠️ Raster missing for tile N25E055: /p/11211992-tki-mangrove-restoration/01_data/0_Workflow/8_Coastline/600/PRC_N25E055.tif
✅ Created placeholder raster: /p/11211992-tki-mangrove-restoration/01_data/0_Workflow/8_Coastline/600/PRC_N25E055.tif
⚠️ Raster missing for tile N25E055: /p/11211992-tki-mangrove-restoration/01_data/0_Workflow/7_Rivers/600/PRR_N25E055.tif
✅ Created placeholder raster: /p/11211992-tki-mangrove-restoration/01_data/0_Workflow/7_Rivers/600/PRR_N25E055.tif
📐 Raster calculator expression:
(((("PRC_N25E055@1" = 0) - ("PRR_N25E055@1" > 0) - ("PRM_N25E055@1" > (60/100))) > 0) + "GMW_N25E055_2020@1" + "LAN_N25E055@1" + "WAT_N25E055@1") > 0
✔ Saved: /p/11211992-tki-mangrove-restoration/01_data/0_Workflow/13_Mask/600/NVA_N25E055.tif
🗑️ Deleted temporal file: /p/11211992-tki-mangrove-restoration/01_data/0_Workflow/13_Mask/600/BIN_N25E055.tif
🗑️ Deleted temporal file: /p/11211992-tki-mangrove-restoration/01_data/0_Workflow/13_Mask/600/FIL_N25E055.tif

>>> Processing tile: S12E043
⚠️ Raster missing for tile S12E043: /p/11211992-tki-mangrove-restoration/01_data/0_Workflow/8_Coastline/600/PRC_S12E043.tif
✅ Created placeholder raster: /p/11211992-tki-mangrove-restoration/01_data/0_Workflow/8_Coastline/600/PRC_S12E043.tif
⚠️ Raster missing for tile S12E043: /p/11211992-tki-mangrove-restoration/01_data/0_Workflow/7_Rivers/600/PRR_S12E043.tif
✅ Created placeholder raster: /p/11211992-tki-mangrove-restoration/01_data/0_Workflow/7_Rivers/600/PRR_S12E043.tif
📐 Raster calculator expression:
(((("PRC_S12E043@1" = 0) - ("PRR_S12E043@1" > 0) - ("PRM_S12E043@1" > (60/100))) > 0) + "GMW_S12E043_2020@1" + "LAN_S12E043@1" + "WAT_S12E043@1") > 0
✔ Saved: /p/11211992-tki-mangrove-restoration/01_data/0_Workflow/13_Mask/600/NVA_S12E043.tif
🗑️ Deleted temporal file: /p/11211992-tki-mangrove-restoration/01_data/0_Workflow/13_Mask/600/BIN_S12E043.tif
🗑️ Deleted temporal file: /p/11211992-tki-mangrove-restoration/01_data/0_Workflow/13_Mask/600/FIL_S12E043.tif

>>> Processing tile: S30E031
⚠️ Raster missing for tile S30E031: /p/11211992-tki-mangrove-restoration/01_data/0_Workflow/8_Coastline/600/PRC_S30E031.tif
✅ Created placeholder raster: /p/11211992-tki-mangrove-restoration/01_data/0_Workflow/8_Coastline/600/PRC_S30E031.tif
⚠️ Raster missing for tile S30E031: /p/11211992-tki-mangrove-restoration/01_data/0_Workflow/7_Rivers/600/PRR_S30E031.tif
✅ Created placeholder raster: /p/11211992-tki-mangrove-restoration/01_data/0_Workflow/7_Rivers/600/PRR_S30E031.tif
📐 Raster calculator expression:
(((("PRC_S30E031@1" = 0) - ("PRR_S30E031@1" > 0) - ("PRM_S30E031@1" > (60/100))) > 0) + "GMW_S30E031_2020@1" + "LAN_S30E031@1" + "WAT_S30E031@1") > 0
✔ Saved: /p/11211992-tki-mangrove-restoration/01_data/0_Workflow/13_Mask/600/NVA_S30E031.tif
🗑️ Deleted temporal file: /p/11211992-tki-mangrove-restoration/01_data/0_Workflow/13_Mask/600/BIN_S30E031.tif
🗑️ Deleted temporal file: /p/11211992-tki-mangrove-restoration/01_data/0_Workflow/13_Mask/600/FIL_S30E031.tif

>>> Processing tile: N15E039
⚠️ Raster missing for tile N15E039: /p/11211992-tki-mangrove-restoration/01_data/0_Workflow/8_Coastline/600/PRC_N15E039.tif
✅ Created placeholder raster: /p/11211992-tki-mangrove-restoration/01_data/0_Workflow/8_Coastline/600/PRC_N15E039.tif
⚠️ Raster missing for tile N15E039: /p/11211992-tki-mangrove-restoration/01_data/0_Workflow/7_Rivers/600/PRR_N15E039.tif
✅ Created placeholder raster: /p/11211992-tki-mangrove-restoration/01_data/0_Workflow/7_Rivers/600/PRR_N15E039.tif
📐 Raster calculator expression:
(((("PRC_N15E039@1" = 0) - ("PRR_N15E039@1" > 0) - ("PRM_N15E039@1" > (60/100))) > 0) + "GMW_N15E039_2020@1" + "LAN_N15E039@1" + "WAT_N15E039@1") > 0
✔ Saved: /p/11211992-tki-mangrove-restoration/01_data/0_Workflow/13_Mask/600/NVA_N15E039.tif
🗑️ Deleted temporal file: /p/11211992-tki-mangrove-restoration/01_data/0_Workflow/13_Mask/600/BIN_N15E039.tif
🗑️ Deleted temporal file: /p/11211992-tki-mangrove-restoration/01_data/0_Workflow/13_Mask/600/FIL_N15E039.tif

>>> Processing tile: S11E161
⚠️ Raster missing for tile S11E161: /p/11211992-tki-mangrove-restoration/01_data/0_Workflow/8_Coastline/600/PRC_S11E161.tif
✅ Created placeholder raster: /p/11211992-tki-mangrove-restoration/01_data/0_Workflow/8_Coastline/600/PRC_S11E161.tif
⚠️ Raster missing for tile S11E161: /p/11211992-tki-mangrove-restoration/01_data/0_Workflow/7_Rivers/600/PRR_S11E161.tif
✅ Created placeholder raster: /p/11211992-tki-mangrove-restoration/01_data/0_Workflow/7_Rivers/600/PRR_S11E161.tif
📐 Raster calculator expression:
(((("PRC_S11E161@1" = 0) - ("PRR_S11E161@1" > 0) - ("PRM_S11E161@1" > (60/100))) > 0) + "GMW_S11E161_2020@1" + "LAN_S11E161@1" + "WAT_S11E161@1") > 0
✔ Saved: /p/11211992-tki-mangrove-restoration/01_data/0_Workflow/13_Mask/600/NVA_S11E161.tif
🗑️ Deleted temporal file: /p/11211992-tki-mangrove-restoration/01_data/0_Workflow/13_Mask/600/BIN_S11E161.tif
🗑️ Deleted temporal file: /p/11211992-tki-mangrove-restoration/01_data/0_Workflow/13_Mask/600/FIL_S11E161.tif

>>> Processing tile: N14W061
⚠️ Raster missing for tile N14W061: /p/11211992-tki-mangrove-restoration/01_data/0_Workflow/8_Coastline/600/PRC_N14W061.tif
✅ Created placeholder raster: /p/11211992-tki-mangrove-restoration/01_data/0_Workflow/8_Coastline/600/PRC_N14W061.tif
⚠️ Raster missing for tile N14W061: /p/11211992-tki-mangrove-restoration/01_data/0_Workflow/7_Rivers/600/PRR_N14W061.tif
✅ Created placeholder raster: /p/11211992-tki-mangrove-restoration/01_data/0_Workflow/7_Rivers/600/PRR_N14W061.tif
📐 Raster calculator expression:
(((("PRC_N14W061@1" = 0) - ("PRR_N14W061@1" > 0) - ("PRM_N14W061@1" > (60/100))) > 0) + "GMW_N14W061_2020@1" + "LAN_N14W061@1" + "WAT_N14W061@1") > 0
✔ Saved: /p/11211992-tki-mangrove-restoration/01_data/0_Workflow/13_Mask/600/NVA_N14W061.tif
🗑️ Deleted temporal file: /p/11211992-tki-mangrove-restoration/01_data/0_Workflow/13_Mask/600/BIN_N14W061.tif
🗑️ Deleted temporal file: /p/11211992-tki-mangrove-restoration/01_data/0_Workflow/13_Mask/600/FIL_N14W061.tif

>>> Processing tile: N12E042
⚠️ Raster missing for tile N12E042: /p/11211992-tki-mangrove-restoration/01_data/0_Workflow/8_Coastline/600/PRC_N12E042.tif
✅ Created placeholder raster: /p/11211992-tki-mangrove-restoration/01_data/0_Workflow/8_Coastline/600/PRC_N12E042.tif
⚠️ Raster missing for tile N12E042: /p/11211992-tki-mangrove-restoration/01_data/0_Workflow/7_Rivers/600/PRR_N12E042.tif
✅ Created placeholder raster: /p/11211992-tki-mangrove-restoration/01_data/0_Workflow/7_Rivers/600/PRR_N12E042.tif
📐 Raster calculator expression:
(((("PRC_N12E042@1" = 0) - ("PRR_N12E042@1" > 0) - ("PRM_N12E042@1" > (60/100))) > 0) + "GMW_N12E042_2020@1" + "LAN_N12E042@1" + "WAT_N12E042@1") > 0
✔ Saved: /p/11211992-tki-mangrove-restoration/01_data/0_Workflow/13_Mask/600/NVA_N12E042.tif
🗑️ Deleted temporal file: /p/11211992-tki-mangrove-restoration/01_data/0_Workflow/13_Mask/600/BIN_N12E042.tif
🗑️ Deleted temporal file: /p/11211992-tki-mangrove-restoration/01_data/0_Workflow/13_Mask/600/FIL_N12E042.tif

>>> Processing tile: S18W180
⚠️ Raster missing for tile S18W180: /p/11211992-tki-mangrove-restoration/01_data/0_Workflow/8_Coastline/600/PRC_S18W180.tif
✅ Created placeholder raster: /p/11211992-tki-mangrove-restoration/01_data/0_Workflow/8_Coastline/600/PRC_S18W180.tif
⚠️ Raster missing for tile S18W180: /p/11211992-tki-mangrove-restoration/01_data/0_Workflow/7_Rivers/600/PRR_S18W180.tif
✅ Created placeholder raster: /p/11211992-tki-mangrove-restoration/01_data/0_Workflow/7_Rivers/600/PRR_S18W180.tif
📐 Raster calculator expression:
(((("PRC_S18W180@1" = 0) - ("PRR_S18W180@1" > 0) - ("PRM_S18W180@1" > (60/100))) > 0) + "GMW_S18W180_2020@1" + "LAN_S18W180@1" + "WAT_S18W180@1") > 0
✔ Saved: /p/11211992-tki-mangrove-restoration/01_data/0_Workflow/13_Mask/600/NVA_S18W180.tif
🗑️ Deleted temporal file: /p/11211992-tki-mangrove-restoration/01_data/0_Workflow/13_Mask/600/BIN_S18W180.tif
🗑️ Deleted temporal file: /p/11211992-tki-mangrove-restoration/01_data/0_Workflow/13_Mask/600/FIL_S18W180.tif

>>> Processing tile: S13E130
⚠️ Raster missing for tile S13E130: /p/11211992-tki-mangrove-restoration/01_data/0_Workflow/8_Coastline/600/PRC_S13E130.tif
✅ Created placeholder raster: /p/11211992-tki-mangrove-restoration/01_data/0_Workflow/8_Coastline/600/PRC_S13E130.tif
⚠️ Raster missing for tile S13E130: /p/11211992-tki-mangrove-restoration/01_data/0_Workflow/7_Rivers/600/PRR_S13E130.tif
✅ Created placeholder raster: /p/11211992-tki-mangrove-restoration/01_data/0_Workflow/7_Rivers/600/PRR_S13E130.tif
📐 Raster calculator expression:
(((("PRC_S13E130@1" = 0) - ("PRR_S13E130@1" > 0) - ("PRM_S13E130@1" > (60/100))) > 0) + "GMW_S13E130_2020@1" + "LAN_S13E130@1" + "WAT_S13E130@1") > 0
✔ Saved: /p/11211992-tki-mangrove-restoration/01_data/0_Workflow/13_Mask/600/NVA_S13E130.tif
🗑️ Deleted temporal file: /p/11211992-tki-mangrove-restoration/01_data/0_Workflow/13_Mask/600/BIN_S13E130.tif
🗑️ Deleted temporal file: /p/11211992-tki-mangrove-restoration/01_data/0_Workflow/13_Mask/600/FIL_S13E130.tif

>>> Processing tile: S02E147
⚠️ Raster missing for tile S02E147: /p/11211992-tki-mangrove-restoration/01_data/0_Workflow/8_Coastline/600/PRC_S02E147.tif
✅ Created placeholder raster: /p/11211992-tki-mangrove-restoration/01_data/0_Workflow/8_Coastline/600/PRC_S02E147.tif
⚠️ Raster missing for tile S02E147: /p/11211992-tki-mangrove-restoration/01_data/0_Workflow/7_Rivers/600/PRR_S02E147.tif
✅ Created placeholder raster: /p/11211992-tki-mangrove-restoration/01_data/0_Workflow/7_Rivers/600/PRR_S02E147.tif
📐 Raster calculator expression:
(((("PRC_S02E147@1" = 0) - ("PRR_S02E147@1" > 0) - ("PRM_S02E147@1" > (60/100))) > 0) + "GMW_S02E147_2020@1" + "LAN_S02E147@1" + "WAT_S02E147@1") > 0
✔ Saved: /p/11211992-tki-mangrove-restoration/01_data/0_Workflow/13_Mask/600/NVA_S02E147.tif
🗑️ Deleted temporal file: /p/11211992-tki-mangrove-restoration/01_data/0_Workflow/13_Mask/600/BIN_S02E147.tif
🗑️ Deleted temporal file: /p/11211992-tki-mangrove-restoration/01_data/0_Workflow/13_Mask/600/FIL_S02E147.tif

>>> Processing tile: N07W082
⚠️ Raster missing for tile N07W082: /p/11211992-tki-mangrove-restoration/01_data/0_Workflow/8_Coastline/600/PRC_N07W082.tif
✅ Created placeholder raster: /p/11211992-tki-mangrove-restoration/01_data/0_Workflow/8_Coastline/600/PRC_N07W082.tif
⚠️ Raster missing for tile N07W082: /p/11211992-tki-mangrove-restoration/01_data/0_Workflow/7_Rivers/600/PRR_N07W082.tif
✅ Created placeholder raster: /p/11211992-tki-mangrove-restoration/01_data/0_Workflow/7_Rivers/600/PRR_N07W082.tif
📐 Raster calculator expression:
(((("PRC_N07W082@1" = 0) - ("PRR_N07W082@1" > 0) - ("PRM_N07W082@1" > (60/100))) > 0) + "GMW_N07W082_2020@1" + "LAN_N07W082@1" + "WAT_N07W082@1") > 0
✔ Saved: /p/11211992-tki-mangrove-restoration/01_data/0_Workflow/13_Mask/600/NVA_N07W082.tif
🗑️ Deleted temporal file: /p/11211992-tki-mangrove-restoration/01_data/0_Workflow/13_Mask/600/BIN_N07W082.tif
🗑️ Deleted temporal file: /p/11211992-tki-mangrove-restoration/01_data/0_Workflow/13_Mask/600/FIL_N07W082.tif

>>> Processing tile: S35E150
⚠️ Raster missing for tile S35E150: /p/11211992-tki-mangrove-restoration/01_data/0_Workflow/8_Coastline/600/PRC_S35E150.tif
✅ Created placeholder raster: /p/11211992-tki-mangrove-restoration/01_data/0_Workflow/8_Coastline/600/PRC_S35E150.tif
⚠️ Raster missing for tile S35E150: /p/11211992-tki-mangrove-restoration/01_data/0_Workflow/7_Rivers/600/PRR_S35E150.tif
✅ Created placeholder raster: /p/11211992-tki-mangrove-restoration/01_data/0_Workflow/7_Rivers/600/PRR_S35E150.tif
📐 Raster calculator expression:
(((("PRC_S35E150@1" = 0) - ("PRR_S35E150@1" > 0) - ("PRM_S35E150@1" > (60/100))) > 0) + "GMW_S35E150_2020@1" + "LAN_S35E150@1" + "WAT_S35E150@1") > 0
✔ Saved: /p/11211992-tki-mangrove-restoration/01_data/0_Workflow/13_Mask/600/NVA_S35E150.tif
🗑️ Deleted temporal file: /p/11211992-tki-mangrove-restoration/01_data/0_Workflow/13_Mask/600/BIN_S35E150.tif
🗑️ Deleted temporal file: /p/11211992-tki-mangrove-restoration/01_data/0_Workflow/13_Mask/600/FIL_S35E150.tif

>>> Processing tile: S10E039
⚠️ Raster missing for tile S10E039: /p/11211992-tki-mangrove-restoration/01_data/0_Workflow/8_Coastline/600/PRC_S10E039.tif
✅ Created placeholder raster: /p/11211992-tki-mangrove-restoration/01_data/0_Workflow/8_Coastline/600/PRC_S10E039.tif
⚠️ Raster missing for tile S10E039: /p/11211992-tki-mangrove-restoration/01_data/0_Workflow/7_Rivers/600/PRR_S10E039.tif
✅ Created placeholder raster: /p/11211992-tki-mangrove-restoration/01_data/0_Workflow/7_Rivers/600/PRR_S10E039.tif
📐 Raster calculator expression:
(((("PRC_S10E039@1" = 0) - ("PRR_S10E039@1" > 0) - ("PRM_S10E039@1" > (60/100))) > 0) + "GMW_S10E039_2020@1" + "LAN_S10E039@1" + "WAT_S10E039@1") > 0
✔ Saved: /p/11211992-tki-mangrove-restoration/01_data/0_Workflow/13_Mask/600/NVA_S10E039.tif
🗑️ Deleted temporal file: /p/11211992-tki-mangrove-restoration/01_data/0_Workflow/13_Mask/600/BIN_S10E039.tif
🗑️ Deleted temporal file: /p/11211992-tki-mangrove-restoration/01_data/0_Workflow/13_Mask/600/FIL_S10E039.tif

>>> Processing tile: S09E179
⚠️ Raster missing for tile S09E179: /p/11211992-tki-mangrove-restoration/01_data/0_Workflow/8_Coastline/600/PRC_S09E179.tif
✅ Created placeholder raster: /p/11211992-tki-mangrove-restoration/01_data/0_Workflow/8_Coastline/600/PRC_S09E179.tif
⚠️ Raster missing for tile S09E179: /p/11211992-tki-mangrove-restoration/01_data/0_Workflow/7_Rivers/600/PRR_S09E179.tif
✅ Created placeholder raster: /p/11211992-tki-mangrove-restoration/01_data/0_Workflow/7_Rivers/600/PRR_S09E179.tif
📐 Raster calculator expression:
(((("PRC_S09E179@1" = 0) - ("PRR_S09E179@1" > 0) - ("PRM_S09E179@1" > (60/100))) > 0) + "GMW_S09E179_2020@1" + "LAN_S09E179@1" + "WAT_S09E179@1") > 0
✔ Saved: /p/11211992-tki-mangrove-restoration/01_data/0_Workflow/13_Mask/600/NVA_S09E179.tif
🗑️ Deleted temporal file: /p/11211992-tki-mangrove-restoration/01_data/0_Workflow/13_Mask/600/BIN_S09E179.tif
🗑️ Deleted temporal file: /p/11211992-tki-mangrove-restoration/01_data/0_Workflow/13_Mask/600/FIL_S09E179.tif

>>> Processing tile: S10E159
⚠️ Raster missing for tile S10E159: /p/11211992-tki-mangrove-restoration/01_data/0_Workflow/8_Coastline/600/PRC_S10E159.tif
✅ Created placeholder raster: /p/11211992-tki-mangrove-restoration/01_data/0_Workflow/8_Coastline/600/PRC_S10E159.tif
⚠️ Raster missing for tile S10E159: /p/11211992-tki-mangrove-restoration/01_data/0_Workflow/7_Rivers/600/PRR_S10E159.tif
✅ Created placeholder raster: /p/11211992-tki-mangrove-restoration/01_data/0_Workflow/7_Rivers/600/PRR_S10E159.tif
📐 Raster calculator expression:
(((("PRC_S10E159@1" = 0) - ("PRR_S10E159@1" > 0) - ("PRM_S10E159@1" > (60/100))) > 0) + "GMW_S10E159_2020@1" + "LAN_S10E159@1" + "WAT_S10E159@1") > 0
✔ Saved: /p/11211992-tki-mangrove-restoration/01_data/0_Workflow/13_Mask/600/NVA_S10E159.tif
🗑️ Deleted temporal file: /p/11211992-tki-mangrove-restoration/01_data/0_Workflow/13_Mask/600/BIN_S10E159.tif
🗑️ Deleted temporal file: /p/11211992-tki-mangrove-restoration/01_data/0_Workflow/13_Mask/600/FIL_S10E159.tif

>>> Processing tile: S02E146
⚠️ Raster missing for tile S02E146: /p/11211992-tki-mangrove-restoration/01_data/0_Workflow/8_Coastline/600/PRC_S02E146.tif
✅ Created placeholder raster: /p/11211992-tki-mangrove-restoration/01_data/0_Workflow/8_Coastline/600/PRC_S02E146.tif
⚠️ Raster missing for tile S02E146: /p/11211992-tki-mangrove-restoration/01_data/0_Workflow/7_Rivers/600/PRR_S02E146.tif
✅ Created placeholder raster: /p/11211992-tki-mangrove-restoration/01_data/0_Workflow/7_Rivers/600/PRR_S02E146.tif
📐 Raster calculator expression:
(((("PRC_S02E146@1" = 0) - ("PRR_S02E146@1" > 0) - ("PRM_S02E146@1" > (60/100))) > 0) + "GMW_S02E146_2020@1" + "LAN_S02E146@1" + "WAT_S02E146@1") > 0
✔ Saved: /p/11211992-tki-mangrove-restoration/01_data/0_Workflow/13_Mask/600/NVA_S02E146.tif
🗑️ Deleted temporal file: /p/11211992-tki-mangrove-restoration/01_data/0_Workflow/13_Mask/600/BIN_S02E146.tif
🗑️ Deleted temporal file: /p/11211992-tki-mangrove-restoration/01_data/0_Workflow/13_Mask/600/FIL_S02E146.tif

>>> Processing tile: S35E151
⚠️ Raster missing for tile S35E151: /p/11211992-tki-mangrove-restoration/01_data/0_Workflow/8_Coastline/600/PRC_S35E151.tif
✅ Created placeholder raster: /p/11211992-tki-mangrove-restoration/01_data/0_Workflow/8_Coastline/600/PRC_S35E151.tif
⚠️ Raster missing for tile S35E151: /p/11211992-tki-mangrove-restoration/01_data/0_Workflow/7_Rivers/600/PRR_S35E151.tif
✅ Created placeholder raster: /p/11211992-tki-mangrove-restoration/01_data/0_Workflow/7_Rivers/600/PRR_S35E151.tif
📐 Raster calculator expression:
(((("PRC_S35E151@1" = 0) - ("PRR_S35E151@1" > 0) - ("PRM_S35E151@1" > (60/100))) > 0) + "GMW_S35E151_2020@1" + "LAN_S35E151@1" + "WAT_S35E151@1") > 0
✔ Saved: /p/11211992-tki-mangrove-restoration/01_data/0_Workflow/13_Mask/600/NVA_S35E151.tif
🗑️ Deleted temporal file: /p/11211992-tki-mangrove-restoration/01_data/0_Workflow/13_Mask/600/BIN_S35E151.tif
🗑️ Deleted temporal file: /p/11211992-tki-mangrove-restoration/01_data/0_Workflow/13_Mask/600/FIL_S35E151.tif

>>> Processing tile: N01E173
⚠️ Raster missing for tile N01E173: /p/11211992-tki-mangrove-restoration/01_data/0_Workflow/8_Coastline/600/PRC_N01E173.tif
✅ Created placeholder raster: /p/11211992-tki-mangrove-restoration/01_data/0_Workflow/8_Coastline/600/PRC_N01E173.tif
⚠️ Raster missing for tile N01E173: /p/11211992-tki-mangrove-restoration/01_data/0_Workflow/7_Rivers/600/PRR_N01E173.tif
✅ Created placeholder raster: /p/11211992-tki-mangrove-restoration/01_data/0_Workflow/7_Rivers/600/PRR_N01E173.tif
📐 Raster calculator expression:
(((("PRC_N01E173@1" = 0) - ("PRR_N01E173@1" > 0) - ("PRM_N01E173@1" > (60/100))) > 0) + "GMW_N01E173_2020@1" + "LAN_N01E173@1" + "WAT_N01E173@1") > 0
✔ Saved: /p/11211992-tki-mangrove-restoration/01_data/0_Workflow/13_Mask/600/NVA_N01E173.tif
🗑️ Deleted temporal file: /p/11211992-tki-mangrove-restoration/01_data/0_Workflow/13_Mask/600/BIN_N01E173.tif
🗑️ Deleted temporal file: /p/11211992-tki-mangrove-restoration/01_data/0_Workflow/13_Mask/600/FIL_N01E173.tif

>>> Processing tile: S08E143
⚠️ Raster missing for tile S08E143: /p/11211992-tki-mangrove-restoration/01_data/0_Workflow/8_Coastline/600/PRC_S08E143.tif
✅ Created placeholder raster: /p/11211992-tki-mangrove-restoration/01_data/0_Workflow/8_Coastline/600/PRC_S08E143.tif
⚠️ Raster missing for tile S08E143: /p/11211992-tki-mangrove-restoration/01_data/0_Workflow/7_Rivers/600/PRR_S08E143.tif
✅ Created placeholder raster: /p/11211992-tki-mangrove-restoration/01_data/0_Workflow/7_Rivers/600/PRR_S08E143.tif
📐 Raster calculator expression:
(((("PRC_S08E143@1" = 0) - ("PRR_S08E143@1" > 0) - ("PRM_S08E143@1" > (60/100))) > 0) + "GMW_S08E143_2020@1" + "LAN_S08E143@1" + "WAT_S08E143@1") > 0
✔ Saved: /p/11211992-tki-mangrove-restoration/01_data/0_Workflow/13_Mask/600/NVA_S08E143.tif
🗑️ Deleted temporal file: /p/11211992-tki-mangrove-restoration/01_data/0_Workflow/13_Mask/600/BIN_S08E143.tif
🗑️ Deleted temporal file: /p/11211992-tki-mangrove-restoration/01_data/0_Workflow/13_Mask/600/FIL_S08E143.tif

>>> Processing tile: S03E147
⚠️ Raster missing for tile S03E147: /p/11211992-tki-mangrove-restoration/01_data/0_Workflow/8_Coastline/600/PRC_S03E147.tif
✅ Created placeholder raster: /p/11211992-tki-mangrove-restoration/01_data/0_Workflow/8_Coastline/600/PRC_S03E147.tif
⚠️ Raster missing for tile S03E147: /p/11211992-tki-mangrove-restoration/01_data/0_Workflow/7_Rivers/600/PRR_S03E147.tif
✅ Created placeholder raster: /p/11211992-tki-mangrove-restoration/01_data/0_Workflow/7_Rivers/600/PRR_S03E147.tif
📐 Raster calculator expression:
(((("PRC_S03E147@1" = 0) - ("PRR_S03E147@1" > 0) - ("PRM_S03E147@1" > (60/100))) > 0) + "GMW_S03E147_2020@1" + "LAN_S03E147@1" + "WAT_S03E147@1") > 0
✔ Saved: /p/11211992-tki-mangrove-restoration/01_data/0_Workflow/13_Mask/600/NVA_S03E147.tif
🗑️ Deleted temporal file: /p/11211992-tki-mangrove-restoration/01_data/0_Workflow/13_Mask/600/BIN_S03E147.tif
🗑️ Deleted temporal file: /p/11211992-tki-mangrove-restoration/01_data/0_Workflow/13_Mask/600/FIL_S03E147.tif

>>> Processing tile: S05E039
⚠️ Raster missing for tile S05E039: /p/11211992-tki-mangrove-restoration/01_data/0_Workflow/8_Coastline/600/PRC_S05E039.tif
✅ Created placeholder raster: /p/11211992-tki-mangrove-restoration/01_data/0_Workflow/8_Coastline/600/PRC_S05E039.tif
⚠️ Raster missing for tile S05E039: /p/11211992-tki-mangrove-restoration/01_data/0_Workflow/7_Rivers/600/PRR_S05E039.tif
✅ Created placeholder raster: /p/11211992-tki-mangrove-restoration/01_data/0_Workflow/7_Rivers/600/PRR_S05E039.tif
📐 Raster calculator expression:
(((("PRC_S05E039@1" = 0) - ("PRR_S05E039@1" > 0) - ("PRM_S05E039@1" > (60/100))) > 0) + "GMW_S05E039_2020@1" + "LAN_S05E039@1" + "WAT_S05E039@1") > 0
✔ Saved: /p/11211992-tki-mangrove-restoration/01_data/0_Workflow/13_Mask/600/NVA_S05E039.tif
🗑️ Deleted temporal file: /p/11211992-tki-mangrove-restoration/01_data/0_Workflow/13_Mask/600/BIN_S05E039.tif
🗑️ Deleted temporal file: /p/11211992-tki-mangrove-restoration/01_data/0_Workflow/13_Mask/600/FIL_S05E039.tif

>>> Processing tile: S02E042
⚠️ Raster missing for tile S02E042: /p/11211992-tki-mangrove-restoration/01_data/0_Workflow/8_Coastline/600/PRC_S02E042.tif
✅ Created placeholder raster: /p/11211992-tki-mangrove-restoration/01_data/0_Workflow/8_Coastline/600/PRC_S02E042.tif
⚠️ Raster missing for tile S02E042: /p/11211992-tki-mangrove-restoration/01_data/0_Workflow/7_Rivers/600/PRR_S02E042.tif
✅ Created placeholder raster: /p/11211992-tki-mangrove-restoration/01_data/0_Workflow/7_Rivers/600/PRR_S02E042.tif
📐 Raster calculator expression:
(((("PRC_S02E042@1" = 0) - ("PRR_S02E042@1" > 0) - ("PRM_S02E042@1" > (60/100))) > 0) + "GMW_S02E042_2020@1" + "LAN_S02E042@1" + "WAT_S02E042@1") > 0
✔ Saved: /p/11211992-tki-mangrove-restoration/01_data/0_Workflow/13_Mask/600/NVA_S02E042.tif
🗑️ Deleted temporal file: /p/11211992-tki-mangrove-restoration/01_data/0_Workflow/13_Mask/600/BIN_S02E042.tif
🗑️ Deleted temporal file: /p/11211992-tki-mangrove-restoration/01_data/0_Workflow/13_Mask/600/FIL_S02E042.tif

>>> Processing tile: S02W092
⚠️ Raster missing for tile S02W092: /p/11211992-tki-mangrove-restoration/01_data/0_Workflow/8_Coastline/600/PRC_S02W092.tif
✅ Created placeholder raster: /p/11211992-tki-mangrove-restoration/01_data/0_Workflow/8_Coastline/600/PRC_S02W092.tif
⚠️ Raster missing for tile S02W092: /p/11211992-tki-mangrove-restoration/01_data/0_Workflow/7_Rivers/600/PRR_S02W092.tif
✅ Created placeholder raster: /p/11211992-tki-mangrove-restoration/01_data/0_Workflow/7_Rivers/600/PRR_S02W092.tif
📐 Raster calculator expression:
(((("PRC_S02W092@1" = 0) - ("PRR_S02W092@1" > 0) - ("PRM_S02W092@1" > (60/100))) > 0) + "GMW_S02W092_2020@1" + "LAN_S02W092@1" + "WAT_S02W092@1") > 0
✔ Saved: /p/11211992-tki-mangrove-restoration/01_data/0_Workflow/13_Mask/600/NVA_S02W092.tif
🗑️ Deleted temporal file: /p/11211992-tki-mangrove-restoration/01_data/0_Workflow/13_Mask/600/BIN_S02W092.tif
🗑️ Deleted temporal file: /p/11211992-tki-mangrove-restoration/01_data/0_Workflow/13_Mask/600/FIL_S02W092.tif

>>> Processing tile: N05W005
⚠️ Raster missing for tile N05W005: /p/11211992-tki-mangrove-restoration/01_data/0_Workflow/8_Coastline/600/PRC_N05W005.tif
✅ Created placeholder raster: /p/11211992-tki-mangrove-restoration/01_data/0_Workflow/8_Coastline/600/PRC_N05W005.tif
⚠️ Raster missing for tile N05W005: /p/11211992-tki-mangrove-restoration/01_data/0_Workflow/7_Rivers/600/PRR_N05W005.tif
✅ Created placeholder raster: /p/11211992-tki-mangrove-restoration/01_data/0_Workflow/7_Rivers/600/PRR_N05W005.tif
📐 Raster calculator expression:
(((("PRC_N05W005@1" = 0) - ("PRR_N05W005@1" > 0) - ("PRM_N05W005@1" > (60/100))) > 0) + "GMW_N05W005_2020@1" + "LAN_N05W005@1" + "WAT_N05W005@1") > 0
✔ Saved: /p/11211992-tki-mangrove-restoration/01_data/0_Workflow/13_Mask/600/NVA_N05W005.tif
🗑️ Deleted temporal file: /p/11211992-tki-mangrove-restoration/01_data/0_Workflow/13_Mask/600/BIN_N05W005.tif
🗑️ Deleted temporal file: /p/11211992-tki-mangrove-restoration/01_data/0_Workflow/13_Mask/600/FIL_N05W005.tif

>>> Processing tile: N19W078
⚠️ Raster missing for tile N19W078: /p/11211992-tki-mangrove-restoration/01_data/0_Workflow/8_Coastline/600/PRC_N19W078.tif
✅ Created placeholder raster: /p/11211992-tki-mangrove-restoration/01_data/0_Workflow/8_Coastline/600/PRC_N19W078.tif
⚠️ Raster missing for tile N19W078: /p/11211992-tki-mangrove-restoration/01_data/0_Workflow/7_Rivers/600/PRR_N19W078.tif
✅ Created placeholder raster: /p/11211992-tki-mangrove-restoration/01_data/0_Workflow/7_Rivers/600/PRR_N19W078.tif
📐 Raster calculator expression:
(((("PRC_N19W078@1" = 0) - ("PRR_N19W078@1" > 0) - ("PRM_N19W078@1" > (60/100))) > 0) + "GMW_N19W078_2020@1" + "LAN_N19W078@1" + "WAT_N19W078@1") > 0
✔ Saved: /p/11211992-tki-mangrove-restoration/01_data/0_Workflow/13_Mask/600/NVA_N19W078.tif
🗑️ Deleted temporal file: /p/11211992-tki-mangrove-restoration/01_data/0_Workflow/13_Mask/600/BIN_N19W078.tif
🗑️ Deleted temporal file: /p/11211992-tki-mangrove-restoration/01_data/0_Workflow/13_Mask/600/FIL_N19W078.tif

>>> Processing tile: S03E146
⚠️ Raster missing for tile S03E146: /p/11211992-tki-mangrove-restoration/01_data/0_Workflow/8_Coastline/600/PRC_S03E146.tif
✅ Created placeholder raster: /p/11211992-tki-mangrove-restoration/01_data/0_Workflow/8_Coastline/600/PRC_S03E146.tif
⚠️ Raster missing for tile S03E146: /p/11211992-tki-mangrove-restoration/01_data/0_Workflow/7_Rivers/600/PRR_S03E146.tif
✅ Created placeholder raster: /p/11211992-tki-mangrove-restoration/01_data/0_Workflow/7_Rivers/600/PRR_S03E146.tif
📐 Raster calculator expression:
(((("PRC_S03E146@1" = 0) - ("PRR_S03E146@1" > 0) - ("PRM_S03E146@1" > (60/100))) > 0) + "GMW_S03E146_2020@1" + "LAN_S03E146@1" + "WAT_S03E146@1") > 0
✔ Saved: /p/11211992-tki-mangrove-restoration/01_data/0_Workflow/13_Mask/600/NVA_S03E146.tif
🗑️ Deleted temporal file: /p/11211992-tki-mangrove-restoration/01_data/0_Workflow/13_Mask/600/BIN_S03E146.tif
🗑️ Deleted temporal file: /p/11211992-tki-mangrove-restoration/01_data/0_Workflow/13_Mask/600/FIL_S03E146.tif

>>> Processing tile: N32W065
⚠️ Raster missing for tile N32W065: /p/11211992-tki-mangrove-restoration/01_data/0_Workflow/8_Coastline/600/PRC_N32W065.tif
✅ Created placeholder raster: /p/11211992-tki-mangrove-restoration/01_data/0_Workflow/8_Coastline/600/PRC_N32W065.tif
⚠️ Raster missing for tile N32W065: /p/11211992-tki-mangrove-restoration/01_data/0_Workflow/7_Rivers/600/PRR_N32W065.tif
✅ Created placeholder raster: /p/11211992-tki-mangrove-restoration/01_data/0_Workflow/7_Rivers/600/PRR_N32W065.tif
📐 Raster calculator expression:
(((("PRC_N32W065@1" = 0) - ("PRR_N32W065@1" > 0) - ("PRM_N32W065@1" > (60/100))) > 0) + "GMW_N32W065_2020@1" + "LAN_N32W065@1" + "WAT_N32W065@1") > 0
✔ Saved: /p/11211992-tki-mangrove-restoration/01_data/0_Workflow/13_Mask/600/NVA_N32W065.tif
🗑️ Deleted temporal file: /p/11211992-tki-mangrove-restoration/01_data/0_Workflow/13_Mask/600/BIN_N32W065.tif
🗑️ Deleted temporal file: /p/11211992-tki-mangrove-restoration/01_data/0_Workflow/13_Mask/600/FIL_N32W065.tif

>>> Processing tile: N05W004
⚠️ Raster missing for tile N05W004: /p/11211992-tki-mangrove-restoration/01_data/0_Workflow/8_Coastline/600/PRC_N05W004.tif
✅ Created placeholder raster: /p/11211992-tki-mangrove-restoration/01_data/0_Workflow/8_Coastline/600/PRC_N05W004.tif
⚠️ Raster missing for tile N05W004: /p/11211992-tki-mangrove-restoration/01_data/0_Workflow/7_Rivers/600/PRR_N05W004.tif
✅ Created placeholder raster: /p/11211992-tki-mangrove-restoration/01_data/0_Workflow/7_Rivers/600/PRR_N05W004.tif
📐 Raster calculator expression:
(((("PRC_N05W004@1" = 0) - ("PRR_N05W004@1" > 0) - ("PRM_N05W004@1" > (60/100))) > 0) + "GMW_N05W004_2020@1" + "LAN_N05W004@1" + "WAT_N05W004@1") > 0
✔ Saved: /p/11211992-tki-mangrove-restoration/01_data/0_Workflow/13_Mask/600/NVA_N05W004.tif
🗑️ Deleted temporal file: /p/11211992-tki-mangrove-restoration/01_data/0_Workflow/13_Mask/600/BIN_N05W004.tif
🗑️ Deleted temporal file: /p/11211992-tki-mangrove-restoration/01_data/0_Workflow/13_Mask/600/FIL_N05W004.tif

>>> Processing tile: S11E013
⚠️ Raster missing for tile S11E013: /p/11211992-tki-mangrove-restoration/01_data/0_Workflow/8_Coastline/600/PRC_S11E013.tif
✅ Created placeholder raster: /p/11211992-tki-mangrove-restoration/01_data/0_Workflow/8_Coastline/600/PRC_S11E013.tif
⚠️ Raster missing for tile S11E013: /p/11211992-tki-mangrove-restoration/01_data/0_Workflow/7_Rivers/600/PRR_S11E013.tif
✅ Created placeholder raster: /p/11211992-tki-mangrove-restoration/01_data/0_Workflow/7_Rivers/600/PRR_S11E013.tif
📐 Raster calculator expression:
(((("PRC_S11E013@1" = 0) - ("PRR_S11E013@1" > 0) - ("PRM_S11E013@1" > (60/100))) > 0) + "GMW_S11E013_2020@1" + "LAN_S11E013@1" + "WAT_S11E013@1") > 0
✔ Saved: /p/11211992-tki-mangrove-restoration/01_data/0_Workflow/13_Mask/600/NVA_S11E013.tif
🗑️ Deleted temporal file: /p/11211992-tki-mangrove-restoration/01_data/0_Workflow/13_Mask/600/BIN_S11E013.tif
🗑️ Deleted temporal file: /p/11211992-tki-mangrove-restoration/01_data/0_Workflow/13_Mask/600/FIL_S11E013.tif

>>> Processing tile: S22W160
⚠️ Raster missing for tile S22W160: /p/11211992-tki-mangrove-restoration/01_data/0_Workflow/8_Coastline/600/PRC_S22W160.tif
✅ Created placeholder raster: /p/11211992-tki-mangrove-restoration/01_data/0_Workflow/8_Coastline/600/PRC_S22W160.tif
⚠️ Raster missing for tile S22W160: /p/11211992-tki-mangrove-restoration/01_data/0_Workflow/7_Rivers/600/PRR_S22W160.tif
✅ Created placeholder raster: /p/11211992-tki-mangrove-restoration/01_data/0_Workflow/7_Rivers/600/PRR_S22W160.tif
📐 Raster calculator expression:
(((("PRC_S22W160@1" = 0) - ("PRR_S22W160@1" > 0) - ("PRM_S22W160@1" > (60/100))) > 0) + "GMW_S22W160_2020@1" + "LAN_S22W160@1" + "WAT_S22W160@1") > 0
✔ Saved: /p/11211992-tki-mangrove-restoration/01_data/0_Workflow/13_Mask/600/NVA_S22W160.tif
🗑️ Deleted temporal file: /p/11211992-tki-mangrove-restoration/01_data/0_Workflow/13_Mask/600/BIN_S22W160.tif
🗑️ Deleted temporal file: /p/11211992-tki-mangrove-restoration/01_data/0_Workflow/13_Mask/600/FIL_S22W160.tif

>>> Processing tile: N24E054
⚠️ Raster missing for tile N24E054: /p/11211992-tki-mangrove-restoration/01_data/0_Workflow/8_Coastline/600/PRC_N24E054.tif
✅ Created placeholder raster: /p/11211992-tki-mangrove-restoration/01_data/0_Workflow/8_Coastline/600/PRC_N24E054.tif
⚠️ Raster missing for tile N24E054: /p/11211992-tki-mangrove-restoration/01_data/0_Workflow/7_Rivers/600/PRR_N24E054.tif
✅ Created placeholder raster: /p/11211992-tki-mangrove-restoration/01_data/0_Workflow/7_Rivers/600/PRR_N24E054.tif
📐 Raster calculator expression:
(((("PRC_N24E054@1" = 0) - ("PRR_N24E054@1" > 0) - ("PRM_N24E054@1" > (60/100))) > 0) + "GMW_N24E054_2020@1" + "LAN_N24E054@1" + "WAT_N24E054@1") > 0
✔ Saved: /p/11211992-tki-mangrove-restoration/01_data/0_Workflow/13_Mask/600/NVA_N24E054.tif
🗑️ Deleted temporal file: /p/11211992-tki-mangrove-restoration/01_data/0_Workflow/13_Mask/600/BIN_N24E054.tif
🗑️ Deleted temporal file: /p/11211992-tki-mangrove-restoration/01_data/0_Workflow/13_Mask/600/FIL_N24E054.tif

>>> Processing tile: S19E179
⚠️ Raster missing for tile S19E179: /p/11211992-tki-mangrove-restoration/01_data/0_Workflow/8_Coastline/600/PRC_S19E179.tif
✅ Created placeholder raster: /p/11211992-tki-mangrove-restoration/01_data/0_Workflow/8_Coastline/600/PRC_S19E179.tif
⚠️ Raster missing for tile S19E179: /p/11211992-tki-mangrove-restoration/01_data/0_Workflow/7_Rivers/600/PRR_S19E179.tif
✅ Created placeholder raster: /p/11211992-tki-mangrove-restoration/01_data/0_Workflow/7_Rivers/600/PRR_S19E179.tif
📐 Raster calculator expression:
(((("PRC_S19E179@1" = 0) - ("PRR_S19E179@1" > 0) - ("PRM_S19E179@1" > (60/100))) > 0) + "GMW_S19E179_2020@1" + "LAN_S19E179@1" + "WAT_S19E179@1") > 0
✔ Saved: /p/11211992-tki-mangrove-restoration/01_data/0_Workflow/13_Mask/600/NVA_S19E179.tif
🗑️ Deleted temporal file: /p/11211992-tki-mangrove-restoration/01_data/0_Workflow/13_Mask/600/BIN_S19E179.tif
🗑️ Deleted temporal file: /p/11211992-tki-mangrove-restoration/01_data/0_Workflow/13_Mask/600/FIL_S19E179.tif

>>> Processing tile: S12E131
⚠️ Raster missing for tile S12E131: /p/11211992-tki-mangrove-restoration/01_data/0_Workflow/8_Coastline/600/PRC_S12E131.tif
✅ Created placeholder raster: /p/11211992-tki-mangrove-restoration/01_data/0_Workflow/8_Coastline/600/PRC_S12E131.tif
⚠️ Raster missing for tile S12E131: /p/11211992-tki-mangrove-restoration/01_data/0_Workflow/7_Rivers/600/PRR_S12E131.tif
✅ Created placeholder raster: /p/11211992-tki-mangrove-restoration/01_data/0_Workflow/7_Rivers/600/PRR_S12E131.tif
📐 Raster calculator expression:
(((("PRC_S12E131@1" = 0) - ("PRR_S12E131@1" > 0) - ("PRM_S12E131@1" > (60/100))) > 0) + "GMW_S12E131_2020@1" + "LAN_S12E131@1" + "WAT_S12E131@1") > 0
✔ Saved: /p/11211992-tki-mangrove-restoration/01_data/0_Workflow/13_Mask/600/NVA_S12E131.tif
🗑️ Deleted temporal file: /p/11211992-tki-mangrove-restoration/01_data/0_Workflow/13_Mask/600/BIN_S12E131.tif
🗑️ Deleted temporal file: /p/11211992-tki-mangrove-restoration/01_data/0_Workflow/13_Mask/600/FIL_S12E131.tif

>>> Processing tile: N18W156
⚠️ Raster missing for tile N18W156: /p/11211992-tki-mangrove-restoration/01_data/0_Workflow/8_Coastline/600/PRC_N18W156.tif
✅ Created placeholder raster: /p/11211992-tki-mangrove-restoration/01_data/0_Workflow/8_Coastline/600/PRC_N18W156.tif
⚠️ Raster missing for tile N18W156: /p/11211992-tki-mangrove-restoration/01_data/0_Workflow/7_Rivers/600/PRR_N18W156.tif
✅ Created placeholder raster: /p/11211992-tki-mangrove-restoration/01_data/0_Workflow/7_Rivers/600/PRR_N18W156.tif
📐 Raster calculator expression:
(((("PRC_N18W156@1" = 0) - ("PRR_N18W156@1" > 0) - ("PRM_N18W156@1" > (60/100))) > 0) + "GMW_N18W156_2020@1" + "LAN_N18W156@1" + "WAT_N18W156@1") > 0
✔ Saved: /p/11211992-tki-mangrove-restoration/01_data/0_Workflow/13_Mask/600/NVA_N18W156.tif
🗑️ Deleted temporal file: /p/11211992-tki-mangrove-restoration/01_data/0_Workflow/13_Mask/600/BIN_N18W156.tif
🗑️ Deleted temporal file: /p/11211992-tki-mangrove-restoration/01_data/0_Workflow/13_Mask/600/FIL_N18W156.tif

>>> Processing tile: N15W017
⚠️ Raster missing for tile N15W017: /p/11211992-tki-mangrove-restoration/01_data/0_Workflow/8_Coastline/600/PRC_N15W017.tif
✅ Created placeholder raster: /p/11211992-tki-mangrove-restoration/01_data/0_Workflow/8_Coastline/600/PRC_N15W017.tif
⚠️ Raster missing for tile N15W017: /p/11211992-tki-mangrove-restoration/01_data/0_Workflow/7_Rivers/600/PRR_N15W017.tif
✅ Created placeholder raster: /p/11211992-tki-mangrove-restoration/01_data/0_Workflow/7_Rivers/600/PRR_N15W017.tif
📐 Raster calculator expression:
(((("PRC_N15W017@1" = 0) - ("PRR_N15W017@1" > 0) - ("PRM_N15W017@1" > (60/100))) > 0) + "GMW_N15W017_2020@1" + "LAN_N15W017@1" + "WAT_N15W017@1") > 0
✔ Saved: /p/11211992-tki-mangrove-restoration/01_data/0_Workflow/13_Mask/600/NVA_N15W017.tif
🗑️ Deleted temporal file: /p/11211992-tki-mangrove-restoration/01_data/0_Workflow/13_Mask/600/BIN_N15W017.tif
🗑️ Deleted temporal file: /p/11211992-tki-mangrove-restoration/01_data/0_Workflow/13_Mask/600/FIL_N15W017.tif

>>> Processing tile: S29E114
⚠️ Raster missing for tile S29E114: /p/11211992-tki-mangrove-restoration/01_data/0_Workflow/8_Coastline/600/PRC_S29E114.tif
✅ Created placeholder raster: /p/11211992-tki-mangrove-restoration/01_data/0_Workflow/8_Coastline/600/PRC_S29E114.tif
⚠️ Raster missing for tile S29E114: /p/11211992-tki-mangrove-restoration/01_data/0_Workflow/7_Rivers/600/PRR_S29E114.tif
✅ Created placeholder raster: /p/11211992-tki-mangrove-restoration/01_data/0_Workflow/7_Rivers/600/PRR_S29E114.tif
📐 Raster calculator expression:
(((("PRC_S29E114@1" = 0) - ("PRR_S29E114@1" > 0) - ("PRM_S29E114@1" > (60/100))) > 0) + "GMW_S29E114_2020@1" + "LAN_S29E114@1" + "WAT_S29E114@1") > 0
✔ Saved: /p/11211992-tki-mangrove-restoration/01_data/0_Workflow/13_Mask/600/NVA_S29E114.tif
🗑️ Deleted temporal file: /p/11211992-tki-mangrove-restoration/01_data/0_Workflow/13_Mask/600/BIN_S29E114.tif
🗑️ Deleted temporal file: /p/11211992-tki-mangrove-restoration/01_data/0_Workflow/13_Mask/600/FIL_S29E114.tif

>>> Processing tile: S26E113
⚠️ Raster missing for tile S26E113: /p/11211992-tki-mangrove-restoration/01_data/0_Workflow/8_Coastline/600/PRC_S26E113.tif
✅ Created placeholder raster: /p/11211992-tki-mangrove-restoration/01_data/0_Workflow/8_Coastline/600/PRC_S26E113.tif
⚠️ Raster missing for tile S26E113: /p/11211992-tki-mangrove-restoration/01_data/0_Workflow/7_Rivers/600/PRR_S26E113.tif
✅ Created placeholder raster: /p/11211992-tki-mangrove-restoration/01_data/0_Workflow/7_Rivers/600/PRR_S26E113.tif
📐 Raster calculator expression:
(((("PRC_S26E113@1" = 0) - ("PRR_S26E113@1" > 0) - ("PRM_S26E113@1" > (60/100))) > 0) + "GMW_S26E113_2020@1" + "LAN_S26E113@1" + "WAT_S26E113@1") > 0
✔ Saved: /p/11211992-tki-mangrove-restoration/01_data/0_Workflow/13_Mask/600/NVA_S26E113.tif
🗑️ Deleted temporal file: /p/11211992-tki-mangrove-restoration/01_data/0_Workflow/13_Mask/600/BIN_S26E113.tif
🗑️ Deleted temporal file: /p/11211992-tki-mangrove-restoration/01_data/0_Workflow/13_Mask/600/FIL_S26E113.tif

>>> Processing tile: S13E043
⚠️ Raster missing for tile S13E043: /p/11211992-tki-mangrove-restoration/01_data/0_Workflow/8_Coastline/600/PRC_S13E043.tif
✅ Created placeholder raster: /p/11211992-tki-mangrove-restoration/01_data/0_Workflow/8_Coastline/600/PRC_S13E043.tif
⚠️ Raster missing for tile S13E043: /p/11211992-tki-mangrove-restoration/01_data/0_Workflow/7_Rivers/600/PRR_S13E043.tif
✅ Created placeholder raster: /p/11211992-tki-mangrove-restoration/01_data/0_Workflow/7_Rivers/600/PRR_S13E043.tif
📐 Raster calculator expression:
(((("PRC_S13E043@1" = 0) - ("PRR_S13E043@1" > 0) - ("PRM_S13E043@1" > (60/100))) > 0) + "GMW_S13E043_2020@1" + "LAN_S13E043@1" + "WAT_S13E043@1") > 0
✔ Saved: /p/11211992-tki-mangrove-restoration/01_data/0_Workflow/13_Mask/600/NVA_S13E043.tif
🗑️ Deleted temporal file: /p/11211992-tki-mangrove-restoration/01_data/0_Workflow/13_Mask/600/BIN_S13E043.tif
🗑️ Deleted temporal file: /p/11211992-tki-mangrove-restoration/01_data/0_Workflow/13_Mask/600/FIL_S13E043.tif

>>> Processing tile: N09W086
⚠️ Raster missing for tile N09W086: /p/11211992-tki-mangrove-restoration/01_data/0_Workflow/8_Coastline/600/PRC_N09W086.tif
✅ Created placeholder raster: /p/11211992-tki-mangrove-restoration/01_data/0_Workflow/8_Coastline/600/PRC_N09W086.tif
⚠️ Raster missing for tile N09W086: /p/11211992-tki-mangrove-restoration/01_data/0_Workflow/7_Rivers/600/PRR_N09W086.tif
✅ Created placeholder raster: /p/11211992-tki-mangrove-restoration/01_data/0_Workflow/7_Rivers/600/PRR_N09W086.tif
📐 Raster calculator expression:
(((("PRC_N09W086@1" = 0) - ("PRR_N09W086@1" > 0) - ("PRM_N09W086@1" > (60/100))) > 0) + "GMW_N09W086_2020@1" + "LAN_N09W086@1" + "WAT_N09W086@1") > 0
✔ Saved: /p/11211992-tki-mangrove-restoration/01_data/0_Workflow/13_Mask/600/NVA_N09W086.tif
🗑️ Deleted temporal file: /p/11211992-tki-mangrove-restoration/01_data/0_Workflow/13_Mask/600/BIN_N09W086.tif
🗑️ Deleted temporal file: /p/11211992-tki-mangrove-restoration/01_data/0_Workflow/13_Mask/600/FIL_N09W086.tif

>>> Processing tile: S17W151
⚠️ Raster missing for tile S17W151: /p/11211992-tki-mangrove-restoration/01_data/0_Workflow/8_Coastline/600/PRC_S17W151.tif
✅ Created placeholder raster: /p/11211992-tki-mangrove-restoration/01_data/0_Workflow/8_Coastline/600/PRC_S17W151.tif
⚠️ Raster missing for tile S17W151: /p/11211992-tki-mangrove-restoration/01_data/0_Workflow/7_Rivers/600/PRR_S17W151.tif
✅ Created placeholder raster: /p/11211992-tki-mangrove-restoration/01_data/0_Workflow/7_Rivers/600/PRR_S17W151.tif
📐 Raster calculator expression:
(((("PRC_S17W151@1" = 0) - ("PRR_S17W151@1" > 0) - ("PRM_S17W151@1" > (60/100))) > 0) + "GMW_S17W151_2020@1" + "LAN_S17W151@1" + "WAT_S17W151@1") > 0
✔ Saved: /p/11211992-tki-mangrove-restoration/01_data/0_Workflow/13_Mask/600/NVA_S17W151.tif
🗑️ Deleted temporal file: /p/11211992-tki-mangrove-restoration/01_data/0_Workflow/13_Mask/600/BIN_S17W151.tif
🗑️ Deleted temporal file: /p/11211992-tki-mangrove-restoration/01_data/0_Workflow/13_Mask/600/FIL_S17W151.tif

>>> Processing tile: S25E151
⚠️ Raster missing for tile S25E151: /p/11211992-tki-mangrove-restoration/01_data/0_Workflow/8_Coastline/600/PRC_S25E151.tif
✅ Created placeholder raster: /p/11211992-tki-mangrove-restoration/01_data/0_Workflow/8_Coastline/600/PRC_S25E151.tif
⚠️ Raster missing for tile S25E151: /p/11211992-tki-mangrove-restoration/01_data/0_Workflow/7_Rivers/600/PRR_S25E151.tif
✅ Created placeholder raster: /p/11211992-tki-mangrove-restoration/01_data/0_Workflow/7_Rivers/600/PRR_S25E151.tif
📐 Raster calculator expression:
(((("PRC_S25E151@1" = 0) - ("PRR_S25E151@1" > 0) - ("PRM_S25E151@1" > (60/100))) > 0) + "GMW_S25E151_2020@1" + "LAN_S25E151@1" + "WAT_S25E151@1") > 0
✔ Saved: /p/11211992-tki-mangrove-restoration/01_data/0_Workflow/13_Mask/600/NVA_S25E151.tif
🗑️ Deleted temporal file: /p/11211992-tki-mangrove-restoration/01_data/0_Workflow/13_Mask/600/BIN_S25E151.tif
🗑️ Deleted temporal file: /p/11211992-tki-mangrove-restoration/01_data/0_Workflow/13_Mask/600/FIL_S25E151.tif

>>> Processing tile: N27E049
⚠️ Raster missing for tile N27E049: /p/11211992-tki-mangrove-restoration/01_data/0_Workflow/8_Coastline/600/PRC_N27E049.tif
✅ Created placeholder raster: /p/11211992-tki-mangrove-restoration/01_data/0_Workflow/8_Coastline/600/PRC_N27E049.tif
⚠️ Raster missing for tile N27E049: /p/11211992-tki-mangrove-restoration/01_data/0_Workflow/7_Rivers/600/PRR_N27E049.tif
✅ Created placeholder raster: /p/11211992-tki-mangrove-restoration/01_data/0_Workflow/7_Rivers/600/PRR_N27E049.tif
📐 Raster calculator expression:
(((("PRC_N27E049@1" = 0) - ("PRR_N27E049@1" > 0) - ("PRM_N27E049@1" > (60/100))) > 0) + "GMW_N27E049_2020@1" + "LAN_N27E049@1" + "WAT_N27E049@1") > 0
✔ Saved: /p/11211992-tki-mangrove-restoration/01_data/0_Workflow/13_Mask/600/NVA_N27E049.tif
🗑️ Deleted temporal file: /p/11211992-tki-mangrove-restoration/01_data/0_Workflow/13_Mask/600/BIN_N27E049.tif
🗑️ Deleted temporal file: /p/11211992-tki-mangrove-restoration/01_data/0_Workflow/13_Mask/600/FIL_N27E049.tif

>>> Processing tile: S19E178
⚠️ Raster missing for tile S19E178: /p/11211992-tki-mangrove-restoration/01_data/0_Workflow/8_Coastline/600/PRC_S19E178.tif
✅ Created placeholder raster: /p/11211992-tki-mangrove-restoration/01_data/0_Workflow/8_Coastline/600/PRC_S19E178.tif
⚠️ Raster missing for tile S19E178: /p/11211992-tki-mangrove-restoration/01_data/0_Workflow/7_Rivers/600/PRR_S19E178.tif
✅ Created placeholder raster: /p/11211992-tki-mangrove-restoration/01_data/0_Workflow/7_Rivers/600/PRR_S19E178.tif
📐 Raster calculator expression:
(((("PRC_S19E178@1" = 0) - ("PRR_S19E178@1" > 0) - ("PRM_S19E178@1" > (60/100))) > 0) + "GMW_S19E178_2020@1" + "LAN_S19E178@1" + "WAT_S19E178@1") > 0
✔ Saved: /p/11211992-tki-mangrove-restoration/01_data/0_Workflow/13_Mask/600/NVA_S19E178.tif
🗑️ Deleted temporal file: /p/11211992-tki-mangrove-restoration/01_data/0_Workflow/13_Mask/600/BIN_S19E178.tif
🗑️ Deleted temporal file: /p/11211992-tki-mangrove-restoration/01_data/0_Workflow/13_Mask/600/FIL_S19E178.tif

>>> Processing tile: S12E130
⚠️ Raster missing for tile S12E130: /p/11211992-tki-mangrove-restoration/01_data/0_Workflow/8_Coastline/600/PRC_S12E130.tif
✅ Created placeholder raster: /p/11211992-tki-mangrove-restoration/01_data/0_Workflow/8_Coastline/600/PRC_S12E130.tif
⚠️ Raster missing for tile S12E130: /p/11211992-tki-mangrove-restoration/01_data/0_Workflow/7_Rivers/600/PRR_S12E130.tif
✅ Created placeholder raster: /p/11211992-tki-mangrove-restoration/01_data/0_Workflow/7_Rivers/600/PRR_S12E130.tif
📐 Raster calculator expression:
(((("PRC_S12E130@1" = 0) - ("PRR_S12E130@1" > 0) - ("PRM_S12E130@1" > (60/100))) > 0) + "GMW_S12E130_2020@1" + "LAN_S12E130@1" + "WAT_S12E130@1") > 0
✔ Saved: /p/11211992-tki-mangrove-restoration/01_data/0_Workflow/13_Mask/600/NVA_S12E130.tif
🗑️ Deleted temporal file: /p/11211992-tki-mangrove-restoration/01_data/0_Workflow/13_Mask/600/BIN_S12E130.tif
🗑️ Deleted temporal file: /p/11211992-tki-mangrove-restoration/01_data/0_Workflow/13_Mask/600/FIL_S12E130.tif

>>> Processing tile: S18W179
⚠️ Raster missing for tile S18W179: /p/11211992-tki-mangrove-restoration/01_data/0_Workflow/8_Coastline/600/PRC_S18W179.tif
✅ Created placeholder raster: /p/11211992-tki-mangrove-restoration/01_data/0_Workflow/8_Coastline/600/PRC_S18W179.tif
⚠️ Raster missing for tile S18W179: /p/11211992-tki-mangrove-restoration/01_data/0_Workflow/7_Rivers/600/PRR_S18W179.tif
✅ Created placeholder raster: /p/11211992-tki-mangrove-restoration/01_data/0_Workflow/7_Rivers/600/PRR_S18W179.tif
📐 Raster calculator expression:
(((("PRC_S18W179@1" = 0) - ("PRR_S18W179@1" > 0) - ("PRM_S18W179@1" > (60/100))) > 0) + "GMW_S18W179_2020@1" + "LAN_S18W179@1" + "WAT_S18W179@1") > 0
✔ Saved: /p/11211992-tki-mangrove-restoration/01_data/0_Workflow/13_Mask/600/NVA_S18W179.tif
🗑️ Deleted temporal file: /p/11211992-tki-mangrove-restoration/01_data/0_Workflow/13_Mask/600/BIN_S18W179.tif
🗑️ Deleted temporal file: /p/11211992-tki-mangrove-restoration/01_data/0_Workflow/13_Mask/600/FIL_S18W179.tif

>>> Processing tile: N24W082
⚠️ Raster missing for tile N24W082: /p/11211992-tki-mangrove-restoration/01_data/0_Workflow/8_Coastline/600/PRC_N24W082.tif
✅ Created placeholder raster: /p/11211992-tki-mangrove-restoration/01_data/0_Workflow/8_Coastline/600/PRC_N24W082.tif
⚠️ Raster missing for tile N24W082: /p/11211992-tki-mangrove-restoration/01_data/0_Workflow/7_Rivers/600/PRR_N24W082.tif
✅ Created placeholder raster: /p/11211992-tki-mangrove-restoration/01_data/0_Workflow/7_Rivers/600/PRR_N24W082.tif
📐 Raster calculator expression:
(((("PRC_N24W082@1" = 0) - ("PRR_N24W082@1" > 0) - ("PRM_N24W082@1" > (60/100))) > 0) + "GMW_N24W082_2020@1" + "LAN_N24W082@1" + "WAT_N24W082@1") > 0
✔ Saved: /p/11211992-tki-mangrove-restoration/01_data/0_Workflow/13_Mask/600/NVA_N24W082.tif
🗑️ Deleted temporal file: /p/11211992-tki-mangrove-restoration/01_data/0_Workflow/13_Mask/600/BIN_N24W082.tif
🗑️ Deleted temporal file: /p/11211992-tki-mangrove-restoration/01_data/0_Workflow/13_Mask/600/FIL_N24W082.tif

>>> Processing tile: S21E119
⚠️ Raster missing for tile S21E119: /p/11211992-tki-mangrove-restoration/01_data/0_Workflow/8_Coastline/600/PRC_S21E119.tif
✅ Created placeholder raster: /p/11211992-tki-mangrove-restoration/01_data/0_Workflow/8_Coastline/600/PRC_S21E119.tif
⚠️ Raster missing for tile S21E119: /p/11211992-tki-mangrove-restoration/01_data/0_Workflow/7_Rivers/600/PRR_S21E119.tif
✅ Created placeholder raster: /p/11211992-tki-mangrove-restoration/01_data/0_Workflow/7_Rivers/600/PRR_S21E119.tif
📐 Raster calculator expression:
(((("PRC_S21E119@1" = 0) - ("PRR_S21E119@1" > 0) - ("PRM_S21E119@1" > (60/100))) > 0) + "GMW_S21E119_2020@1" + "LAN_S21E119@1" + "WAT_S21E119@1") > 0
✔ Saved: /p/11211992-tki-mangrove-restoration/01_data/0_Workflow/13_Mask/600/NVA_S21E119.tif
🗑️ Deleted temporal file: /p/11211992-tki-mangrove-restoration/01_data/0_Workflow/13_Mask/600/BIN_S21E119.tif
🗑️ Deleted temporal file: /p/11211992-tki-mangrove-restoration/01_data/0_Workflow/13_Mask/600/FIL_S21E119.tif

>>> Processing tile: N06E093
⚠️ Raster missing for tile N06E093: /p/11211992-tki-mangrove-restoration/01_data/0_Workflow/8_Coastline/600/PRC_N06E093.tif
✅ Created placeholder raster: /p/11211992-tki-mangrove-restoration/01_data/0_Workflow/8_Coastline/600/PRC_N06E093.tif
⚠️ Raster missing for tile N06E093: /p/11211992-tki-mangrove-restoration/01_data/0_Workflow/7_Rivers/600/PRR_N06E093.tif
✅ Created placeholder raster: /p/11211992-tki-mangrove-restoration/01_data/0_Workflow/7_Rivers/600/PRR_N06E093.tif
📐 Raster calculator expression:
(((("PRC_N06E093@1" = 0) - ("PRR_N06E093@1" > 0) - ("PRM_N06E093@1" > (60/100))) > 0) + "GMW_N06E093_2020@1" + "LAN_N06E093@1" + "WAT_N06E093@1") > 0
✔ Saved: /p/11211992-tki-mangrove-restoration/01_data/0_Workflow/13_Mask/600/NVA_N06E093.tif
🗑️ Deleted temporal file: /p/11211992-tki-mangrove-restoration/01_data/0_Workflow/13_Mask/600/BIN_N06E093.tif
🗑️ Deleted temporal file: /p/11211992-tki-mangrove-restoration/01_data/0_Workflow/13_Mask/600/FIL_N06E093.tif

>>> Processing tile: N25E121
⚠️ Raster missing for tile N25E121: /p/11211992-tki-mangrove-restoration/01_data/0_Workflow/8_Coastline/600/PRC_N25E121.tif
✅ Created placeholder raster: /p/11211992-tki-mangrove-restoration/01_data/0_Workflow/8_Coastline/600/PRC_N25E121.tif
⚠️ Raster missing for tile N25E121: /p/11211992-tki-mangrove-restoration/01_data/0_Workflow/7_Rivers/600/PRR_N25E121.tif
✅ Created placeholder raster: /p/11211992-tki-mangrove-restoration/01_data/0_Workflow/7_Rivers/600/PRR_N25E121.tif
📐 Raster calculator expression:
(((("PRC_N25E121@1" = 0) - ("PRR_N25E121@1" > 0) - ("PRM_N25E121@1" > (60/100))) > 0) + "GMW_N25E121_2020@1" + "LAN_N25E121@1" + "WAT_N25E121@1") > 0
✔ Saved: /p/11211992-tki-mangrove-restoration/01_data/0_Workflow/13_Mask/600/NVA_N25E121.tif
🗑️ Deleted temporal file: /p/11211992-tki-mangrove-restoration/01_data/0_Workflow/13_Mask/600/BIN_N25E121.tif
🗑️ Deleted temporal file: /p/11211992-tki-mangrove-restoration/01_data/0_Workflow/13_Mask/600/FIL_N25E121.tif

>>> Processing tile: S15W171
⚠️ Raster missing for tile S15W171: /p/11211992-tki-mangrove-restoration/01_data/0_Workflow/8_Coastline/600/PRC_S15W171.tif
✅ Created placeholder raster: /p/11211992-tki-mangrove-restoration/01_data/0_Workflow/8_Coastline/600/PRC_S15W171.tif
⚠️ Raster missing for tile S15W171: /p/11211992-tki-mangrove-restoration/01_data/0_Workflow/7_Rivers/600/PRR_S15W171.tif
✅ Created placeholder raster: /p/11211992-tki-mangrove-restoration/01_data/0_Workflow/7_Rivers/600/PRR_S15W171.tif
📐 Raster calculator expression:
(((("PRC_S15W171@1" = 0) - ("PRR_S15W171@1" > 0) - ("PRM_S15W171@1" > (60/100))) > 0) + "GMW_S15W171_2020@1" + "LAN_S15W171@1" + "WAT_S15W171@1") > 0
✔ Saved: /p/11211992-tki-mangrove-restoration/01_data/0_Workflow/13_Mask/600/NVA_S15W171.tif
🗑️ Deleted temporal file: /p/11211992-tki-mangrove-restoration/01_data/0_Workflow/13_Mask/600/BIN_S15W171.tif
🗑️ Deleted temporal file: /p/11211992-tki-mangrove-restoration/01_data/0_Workflow/13_Mask/600/FIL_S15W171.tif

>>> Processing tile: N17E054
⚠️ Raster missing for tile N17E054: /p/11211992-tki-mangrove-restoration/01_data/0_Workflow/8_Coastline/600/PRC_N17E054.tif
✅ Created placeholder raster: /p/11211992-tki-mangrove-restoration/01_data/0_Workflow/8_Coastline/600/PRC_N17E054.tif
⚠️ Raster missing for tile N17E054: /p/11211992-tki-mangrove-restoration/01_data/0_Workflow/7_Rivers/600/PRR_N17E054.tif
✅ Created placeholder raster: /p/11211992-tki-mangrove-restoration/01_data/0_Workflow/7_Rivers/600/PRR_N17E054.tif
📐 Raster calculator expression:
(((("PRC_N17E054@1" = 0) - ("PRR_N17E054@1" > 0) - ("PRM_N17E054@1" > (60/100))) > 0) + "GMW_N17E054_2020@1" + "LAN_N17E054@1" + "WAT_N17E054@1") > 0
✔ Saved: /p/11211992-tki-mangrove-restoration/01_data/0_Workflow/13_Mask/600/NVA_N17E054.tif
🗑️ Deleted temporal file: /p/11211992-tki-mangrove-restoration/01_data/0_Workflow/13_Mask/600/BIN_N17E054.tif
🗑️ Deleted temporal file: /p/11211992-tki-mangrove-restoration/01_data/0_Workflow/13_Mask/600/FIL_N17E054.tif

>>> Processing tile: S12E141
⚠️ Raster missing for tile S12E141: /p/11211992-tki-mangrove-restoration/01_data/0_Workflow/8_Coastline/600/PRC_S12E141.tif
✅ Created placeholder raster: /p/11211992-tki-mangrove-restoration/01_data/0_Workflow/8_Coastline/600/PRC_S12E141.tif
⚠️ Raster missing for tile S12E141: /p/11211992-tki-mangrove-restoration/01_data/0_Workflow/7_Rivers/600/PRR_S12E141.tif
✅ Created placeholder raster: /p/11211992-tki-mangrove-restoration/01_data/0_Workflow/7_Rivers/600/PRR_S12E141.tif
📐 Raster calculator expression:
(((("PRC_S12E141@1" = 0) - ("PRR_S12E141@1" > 0) - ("PRM_S12E141@1" > (60/100))) > 0) + "GMW_S12E141_2020@1" + "LAN_S12E141@1" + "WAT_S12E141@1") > 0
✔ Saved: /p/11211992-tki-mangrove-restoration/01_data/0_Workflow/13_Mask/600/NVA_S12E141.tif
🗑️ Deleted temporal file: /p/11211992-tki-mangrove-restoration/01_data/0_Workflow/13_Mask/600/BIN_S12E141.tif
🗑️ Deleted temporal file: /p/11211992-tki-mangrove-restoration/01_data/0_Workflow/13_Mask/600/FIL_S12E141.tif

>>> Processing tile: N25E037
⚠️ Raster missing for tile N25E037: /p/11211992-tki-mangrove-restoration/01_data/0_Workflow/8_Coastline/600/PRC_N25E037.tif
✅ Created placeholder raster: /p/11211992-tki-mangrove-restoration/01_data/0_Workflow/8_Coastline/600/PRC_N25E037.tif
⚠️ Raster missing for tile N25E037: /p/11211992-tki-mangrove-restoration/01_data/0_Workflow/7_Rivers/600/PRR_N25E037.tif
✅ Created placeholder raster: /p/11211992-tki-mangrove-restoration/01_data/0_Workflow/7_Rivers/600/PRR_N25E037.tif
📐 Raster calculator expression:
(((("PRC_N25E037@1" = 0) - ("PRR_N25E037@1" > 0) - ("PRM_N25E037@1" > (60/100))) > 0) + "GMW_N25E037_2020@1" + "LAN_N25E037@1" + "WAT_N25E037@1") > 0
✔ Saved: /p/11211992-tki-mangrove-restoration/01_data/0_Workflow/13_Mask/600/NVA_N25E037.tif
🗑️ Deleted temporal file: /p/11211992-tki-mangrove-restoration/01_data/0_Workflow/13_Mask/600/BIN_N25E037.tif
🗑️ Deleted temporal file: /p/11211992-tki-mangrove-restoration/01_data/0_Workflow/13_Mask/600/FIL_N25E037.tif

>>> Processing tile: N24E052
⚠️ Raster missing for tile N24E052: /p/11211992-tki-mangrove-restoration/01_data/0_Workflow/8_Coastline/600/PRC_N24E052.tif
✅ Created placeholder raster: /p/11211992-tki-mangrove-restoration/01_data/0_Workflow/8_Coastline/600/PRC_N24E052.tif
⚠️ Raster missing for tile N24E052: /p/11211992-tki-mangrove-restoration/01_data/0_Workflow/7_Rivers/600/PRR_N24E052.tif
✅ Created placeholder raster: /p/11211992-tki-mangrove-restoration/01_data/0_Workflow/7_Rivers/600/PRR_N24E052.tif
📐 Raster calculator expression:
(((("PRC_N24E052@1" = 0) - ("PRR_N24E052@1" > 0) - ("PRM_N24E052@1" > (60/100))) > 0) + "GMW_N24E052_2020@1" + "LAN_N24E052@1" + "WAT_N24E052@1") > 0
✔ Saved: /p/11211992-tki-mangrove-restoration/01_data/0_Workflow/13_Mask/600/NVA_N24E052.tif
🗑️ Deleted temporal file: /p/11211992-tki-mangrove-restoration/01_data/0_Workflow/13_Mask/600/BIN_N24E052.tif
🗑️ Deleted temporal file: /p/11211992-tki-mangrove-restoration/01_data/0_Workflow/13_Mask/600/FIL_N24E052.tif

>>> Processing tile: S21E118
⚠️ Raster missing for tile S21E118: /p/11211992-tki-mangrove-restoration/01_data/0_Workflow/8_Coastline/600/PRC_S21E118.tif
✅ Created placeholder raster: /p/11211992-tki-mangrove-restoration/01_data/0_Workflow/8_Coastline/600/PRC_S21E118.tif
⚠️ Raster missing for tile S21E118: /p/11211992-tki-mangrove-restoration/01_data/0_Workflow/7_Rivers/600/PRR_S21E118.tif
✅ Created placeholder raster: /p/11211992-tki-mangrove-restoration/01_data/0_Workflow/7_Rivers/600/PRR_S21E118.tif
📐 Raster calculator expression:
(((("PRC_S21E118@1" = 0) - ("PRR_S21E118@1" > 0) - ("PRM_S21E118@1" > (60/100))) > 0) + "GMW_S21E118_2020@1" + "LAN_S21E118@1" + "WAT_S21E118@1") > 0
✔ Saved: /p/11211992-tki-mangrove-restoration/01_data/0_Workflow/13_Mask/600/NVA_S21E118.tif
🗑️ Deleted temporal file: /p/11211992-tki-mangrove-restoration/01_data/0_Workflow/13_Mask/600/BIN_S21E118.tif
🗑️ Deleted temporal file: /p/11211992-tki-mangrove-restoration/01_data/0_Workflow/13_Mask/600/FIL_S21E118.tif

>>> Processing tile: N17W068
⚠️ Raster missing for tile N17W068: /p/11211992-tki-mangrove-restoration/01_data/0_Workflow/8_Coastline/600/PRC_N17W068.tif
✅ Created placeholder raster: /p/11211992-tki-mangrove-restoration/01_data/0_Workflow/8_Coastline/600/PRC_N17W068.tif
⚠️ Raster missing for tile N17W068: /p/11211992-tki-mangrove-restoration/01_data/0_Workflow/7_Rivers/600/PRR_N17W068.tif
✅ Created placeholder raster: /p/11211992-tki-mangrove-restoration/01_data/0_Workflow/7_Rivers/600/PRR_N17W068.tif
📐 Raster calculator expression:
(((("PRC_N17W068@1" = 0) - ("PRR_N17W068@1" > 0) - ("PRM_N17W068@1" > (60/100))) > 0) + "GMW_N17W068_2020@1" + "LAN_N17W068@1" + "WAT_N17W068@1") > 0
✔ Saved: /p/11211992-tki-mangrove-restoration/01_data/0_Workflow/13_Mask/600/NVA_N17W068.tif
🗑️ Deleted temporal file: /p/11211992-tki-mangrove-restoration/01_data/0_Workflow/13_Mask/600/BIN_N17W068.tif
🗑️ Deleted temporal file: /p/11211992-tki-mangrove-restoration/01_data/0_Workflow/13_Mask/600/FIL_N17W068.tif

>>> Processing tile: S12E136
⚠️ Raster missing for tile S12E136: /p/11211992-tki-mangrove-restoration/01_data/0_Workflow/8_Coastline/600/PRC_S12E136.tif
✅ Created placeholder raster: /p/11211992-tki-mangrove-restoration/01_data/0_Workflow/8_Coastline/600/PRC_S12E136.tif
⚠️ Raster missing for tile S12E136: /p/11211992-tki-mangrove-restoration/01_data/0_Workflow/7_Rivers/600/PRR_S12E136.tif
✅ Created placeholder raster: /p/11211992-tki-mangrove-restoration/01_data/0_Workflow/7_Rivers/600/PRR_S12E136.tif
📐 Raster calculator expression:
(((("PRC_S12E136@1" = 0) - ("PRR_S12E136@1" > 0) - ("PRM_S12E136@1" > (60/100))) > 0) + "GMW_S12E136_2020@1" + "LAN_S12E136@1" + "WAT_S12E136@1") > 0
✔ Saved: /p/11211992-tki-mangrove-restoration/01_data/0_Workflow/13_Mask/600/NVA_S12E136.tif
🗑️ Deleted temporal file: /p/11211992-tki-mangrove-restoration/01_data/0_Workflow/13_Mask/600/BIN_S12E136.tif
🗑️ Deleted temporal file: /p/11211992-tki-mangrove-restoration/01_data/0_Workflow/13_Mask/600/FIL_S12E136.tif

>>> Processing tile: S23E149
⚠️ Raster missing for tile S23E149: /p/11211992-tki-mangrove-restoration/01_data/0_Workflow/8_Coastline/600/PRC_S23E149.tif
✅ Created placeholder raster: /p/11211992-tki-mangrove-restoration/01_data/0_Workflow/8_Coastline/600/PRC_S23E149.tif
⚠️ Raster missing for tile S23E149: /p/11211992-tki-mangrove-restoration/01_data/0_Workflow/7_Rivers/600/PRR_S23E149.tif
✅ Created placeholder raster: /p/11211992-tki-mangrove-restoration/01_data/0_Workflow/7_Rivers/600/PRR_S23E149.tif
📐 Raster calculator expression:
(((("PRC_S23E149@1" = 0) - ("PRR_S23E149@1" > 0) - ("PRM_S23E149@1" > (60/100))) > 0) + "GMW_S23E149_2020@1" + "LAN_S23E149@1" + "WAT_S23E149@1") > 0
✔ Saved: /p/11211992-tki-mangrove-restoration/01_data/0_Workflow/13_Mask/600/NVA_S23E149.tif
🗑️ Deleted temporal file: /p/11211992-tki-mangrove-restoration/01_data/0_Workflow/13_Mask/600/BIN_S23E149.tif
🗑️ Deleted temporal file: /p/11211992-tki-mangrove-restoration/01_data/0_Workflow/13_Mask/600/FIL_S23E149.tif

>>> Processing tile: S18E145
⚠️ Raster missing for tile S18E145: /p/11211992-tki-mangrove-restoration/01_data/0_Workflow/8_Coastline/600/PRC_S18E145.tif
✅ Created placeholder raster: /p/11211992-tki-mangrove-restoration/01_data/0_Workflow/8_Coastline/600/PRC_S18E145.tif
⚠️ Raster missing for tile S18E145: /p/11211992-tki-mangrove-restoration/01_data/0_Workflow/7_Rivers/600/PRR_S18E145.tif
✅ Created placeholder raster: /p/11211992-tki-mangrove-restoration/01_data/0_Workflow/7_Rivers/600/PRR_S18E145.tif
📐 Raster calculator expression:
(((("PRC_S18E145@1" = 0) - ("PRR_S18E145@1" > 0) - ("PRM_S18E145@1" > (60/100))) > 0) + "GMW_S18E145_2020@1" + "LAN_S18E145@1" + "WAT_S18E145@1") > 0
✔ Saved: /p/11211992-tki-mangrove-restoration/01_data/0_Workflow/13_Mask/600/NVA_S18E145.tif
🗑️ Deleted temporal file: /p/11211992-tki-mangrove-restoration/01_data/0_Workflow/13_Mask/600/BIN_S18E145.tif
🗑️ Deleted temporal file: /p/11211992-tki-mangrove-restoration/01_data/0_Workflow/13_Mask/600/FIL_S18E145.tif

>>> Processing tile: N09W080
⚠️ Raster missing for tile N09W080: /p/11211992-tki-mangrove-restoration/01_data/0_Workflow/8_Coastline/600/PRC_N09W080.tif
✅ Created placeholder raster: /p/11211992-tki-mangrove-restoration/01_data/0_Workflow/8_Coastline/600/PRC_N09W080.tif
⚠️ Raster missing for tile N09W080: /p/11211992-tki-mangrove-restoration/01_data/0_Workflow/7_Rivers/600/PRR_N09W080.tif
✅ Created placeholder raster: /p/11211992-tki-mangrove-restoration/01_data/0_Workflow/7_Rivers/600/PRR_N09W080.tif
📐 Raster calculator expression:
(((("PRC_N09W080@1" = 0) - ("PRR_N09W080@1" > 0) - ("PRM_N09W080@1" > (60/100))) > 0) + "GMW_N09W080_2020@1" + "LAN_N09W080@1" + "WAT_N09W080@1") > 0
✔ Saved: /p/11211992-tki-mangrove-restoration/01_data/0_Workflow/13_Mask/600/NVA_N09W080.tif
🗑️ Deleted temporal file: /p/11211992-tki-mangrove-restoration/01_data/0_Workflow/13_Mask/600/BIN_N09W080.tif
🗑️ Deleted temporal file: /p/11211992-tki-mangrove-restoration/01_data/0_Workflow/13_Mask/600/FIL_N09W080.tif

>>> Processing tile: S13E045
⚠️ Raster missing for tile S13E045: /p/11211992-tki-mangrove-restoration/01_data/0_Workflow/8_Coastline/600/PRC_S13E045.tif
✅ Created placeholder raster: /p/11211992-tki-mangrove-restoration/01_data/0_Workflow/8_Coastline/600/PRC_S13E045.tif
⚠️ Raster missing for tile S13E045: /p/11211992-tki-mangrove-restoration/01_data/0_Workflow/7_Rivers/600/PRR_S13E045.tif
✅ Created placeholder raster: /p/11211992-tki-mangrove-restoration/01_data/0_Workflow/7_Rivers/600/PRR_S13E045.tif
📐 Raster calculator expression:
(((("PRC_S13E045@1" = 0) - ("PRR_S13E045@1" > 0) - ("PRM_S13E045@1" > (60/100))) > 0) + "GMW_S13E045_2020@1" + "LAN_S13E045@1" + "WAT_S13E045@1") > 0
✔ Saved: /p/11211992-tki-mangrove-restoration/01_data/0_Workflow/13_Mask/600/NVA_S13E045.tif
🗑️ Deleted temporal file: /p/11211992-tki-mangrove-restoration/01_data/0_Workflow/13_Mask/600/BIN_S13E045.tif
🗑️ Deleted temporal file: /p/11211992-tki-mangrove-restoration/01_data/0_Workflow/13_Mask/600/FIL_S13E045.tif

>>> Processing tile: N24E053
⚠️ Raster missing for tile N24E053: /p/11211992-tki-mangrove-restoration/01_data/0_Workflow/8_Coastline/600/PRC_N24E053.tif
✅ Created placeholder raster: /p/11211992-tki-mangrove-restoration/01_data/0_Workflow/8_Coastline/600/PRC_N24E053.tif
⚠️ Raster missing for tile N24E053: /p/11211992-tki-mangrove-restoration/01_data/0_Workflow/7_Rivers/600/PRR_N24E053.tif
✅ Created placeholder raster: /p/11211992-tki-mangrove-restoration/01_data/0_Workflow/7_Rivers/600/PRR_N24E053.tif
📐 Raster calculator expression:
(((("PRC_N24E053@1" = 0) - ("PRR_N24E053@1" > 0) - ("PRM_N24E053@1" > (60/100))) > 0) + "GMW_N24E053_2020@1" + "LAN_N24E053@1" + "WAT_N24E053@1") > 0
✔ Saved: /p/11211992-tki-mangrove-restoration/01_data/0_Workflow/13_Mask/600/NVA_N24E053.tif
🗑️ Deleted temporal file: /p/11211992-tki-mangrove-restoration/01_data/0_Workflow/13_Mask/600/BIN_N24E053.tif
🗑️ Deleted temporal file: /p/11211992-tki-mangrove-restoration/01_data/0_Workflow/13_Mask/600/FIL_N24E053.tif

>>> Processing tile: N25E036
⚠️ Raster missing for tile N25E036: /p/11211992-tki-mangrove-restoration/01_data/0_Workflow/8_Coastline/600/PRC_N25E036.tif
✅ Created placeholder raster: /p/11211992-tki-mangrove-restoration/01_data/0_Workflow/8_Coastline/600/PRC_N25E036.tif
⚠️ Raster missing for tile N25E036: /p/11211992-tki-mangrove-restoration/01_data/0_Workflow/7_Rivers/600/PRR_N25E036.tif
✅ Created placeholder raster: /p/11211992-tki-mangrove-restoration/01_data/0_Workflow/7_Rivers/600/PRR_N25E036.tif
📐 Raster calculator expression:
(((("PRC_N25E036@1" = 0) - ("PRR_N25E036@1" > 0) - ("PRM_N25E036@1" > (60/100))) > 0) + "GMW_N25E036_2020@1" + "LAN_N25E036@1" + "WAT_N25E036@1") > 0
✔ Saved: /p/11211992-tki-mangrove-restoration/01_data/0_Workflow/13_Mask/600/NVA_N25E036.tif
🗑️ Deleted temporal file: /p/11211992-tki-mangrove-restoration/01_data/0_Workflow/13_Mask/600/BIN_N25E036.tif
🗑️ Deleted temporal file: /p/11211992-tki-mangrove-restoration/01_data/0_Workflow/13_Mask/600/FIL_N25E036.tif

>>> Processing tile: N02W078
⚠️ Raster missing for tile N02W078: /p/11211992-tki-mangrove-restoration/01_data/0_Workflow/8_Coastline/600/PRC_N02W078.tif
✅ Created placeholder raster: /p/11211992-tki-mangrove-restoration/01_data/0_Workflow/8_Coastline/600/PRC_N02W078.tif
⚠️ Raster missing for tile N02W078: /p/11211992-tki-mangrove-restoration/01_data/0_Workflow/7_Rivers/600/PRR_N02W078.tif
✅ Created placeholder raster: /p/11211992-tki-mangrove-restoration/01_data/0_Workflow/7_Rivers/600/PRR_N02W078.tif
📐 Raster calculator expression:
(((("PRC_N02W078@1" = 0) - ("PRR_N02W078@1" > 0) - ("PRM_N02W078@1" > (60/100))) > 0) + "GMW_N02W078_2020@1" + "LAN_N02W078@1" + "WAT_N02W078@1") > 0
✔ Saved: /p/11211992-tki-mangrove-restoration/01_data/0_Workflow/13_Mask/600/NVA_N02W078.tif
🗑️ Deleted temporal file: /p/11211992-tki-mangrove-restoration/01_data/0_Workflow/13_Mask/600/BIN_N02W078.tif
🗑️ Deleted temporal file: /p/11211992-tki-mangrove-restoration/01_data/0_Workflow/13_Mask/600/FIL_N02W078.tif

>>> Processing tile: N07E151
⚠️ Raster missing for tile N07E151: /p/11211992-tki-mangrove-restoration/01_data/0_Workflow/8_Coastline/600/PRC_N07E151.tif
✅ Created placeholder raster: /p/11211992-tki-mangrove-restoration/01_data/0_Workflow/8_Coastline/600/PRC_N07E151.tif
⚠️ Raster missing for tile N07E151: /p/11211992-tki-mangrove-restoration/01_data/0_Workflow/7_Rivers/600/PRR_N07E151.tif
✅ Created placeholder raster: /p/11211992-tki-mangrove-restoration/01_data/0_Workflow/7_Rivers/600/PRR_N07E151.tif
📐 Raster calculator expression:
(((("PRC_N07E151@1" = 0) - ("PRR_N07E151@1" > 0) - ("PRM_N07E151@1" > (60/100))) > 0) + "GMW_N07E151_2020@1" + "LAN_N07E151@1" + "WAT_N07E151@1") > 0
✔ Saved: /p/11211992-tki-mangrove-restoration/01_data/0_Workflow/13_Mask/600/NVA_N07E151.tif
🗑️ Deleted temporal file: /p/11211992-tki-mangrove-restoration/01_data/0_Workflow/13_Mask/600/BIN_N07E151.tif
🗑️ Deleted temporal file: /p/11211992-tki-mangrove-restoration/01_data/0_Workflow/13_Mask/600/FIL_N07E151.tif

>>> Processing tile: S08E157
⚠️ Raster missing for tile S08E157: /p/11211992-tki-mangrove-restoration/01_data/0_Workflow/8_Coastline/600/PRC_S08E157.tif
✅ Created placeholder raster: /p/11211992-tki-mangrove-restoration/01_data/0_Workflow/8_Coastline/600/PRC_S08E157.tif
⚠️ Raster missing for tile S08E157: /p/11211992-tki-mangrove-restoration/01_data/0_Workflow/7_Rivers/600/PRR_S08E157.tif
✅ Created placeholder raster: /p/11211992-tki-mangrove-restoration/01_data/0_Workflow/7_Rivers/600/PRR_S08E157.tif
📐 Raster calculator expression:
(((("PRC_S08E157@1" = 0) - ("PRR_S08E157@1" > 0) - ("PRM_S08E157@1" > (60/100))) > 0) + "GMW_S08E157_2020@1" + "LAN_S08E157@1" + "WAT_S08E157@1") > 0
✔ Saved: /p/11211992-tki-mangrove-restoration/01_data/0_Workflow/13_Mask/600/NVA_S08E157.tif
🗑️ Deleted temporal file: /p/11211992-tki-mangrove-restoration/01_data/0_Workflow/13_Mask/600/BIN_S08E157.tif
🗑️ Deleted temporal file: /p/11211992-tki-mangrove-restoration/01_data/0_Workflow/13_Mask/600/FIL_S08E157.tif

>>> Processing tile: N04W010
⚠️ Raster missing for tile N04W010: /p/11211992-tki-mangrove-restoration/01_data/0_Workflow/8_Coastline/600/PRC_N04W010.tif
✅ Created placeholder raster: /p/11211992-tki-mangrove-restoration/01_data/0_Workflow/8_Coastline/600/PRC_N04W010.tif
⚠️ Raster missing for tile N04W010: /p/11211992-tki-mangrove-restoration/01_data/0_Workflow/7_Rivers/600/PRR_N04W010.tif
✅ Created placeholder raster: /p/11211992-tki-mangrove-restoration/01_data/0_Workflow/7_Rivers/600/PRR_N04W010.tif
📐 Raster calculator expression:
(((("PRC_N04W010@1" = 0) - ("PRR_N04W010@1" > 0) - ("PRM_N04W010@1" > (60/100))) > 0) + "GMW_N04W010_2020@1" + "LAN_N04W010@1" + "WAT_N04W010@1") > 0
✔ Saved: /p/11211992-tki-mangrove-restoration/01_data/0_Workflow/13_Mask/600/NVA_N04W010.tif
🗑️ Deleted temporal file: /p/11211992-tki-mangrove-restoration/01_data/0_Workflow/13_Mask/600/BIN_N04W010.tif
🗑️ Deleted temporal file: /p/11211992-tki-mangrove-restoration/01_data/0_Workflow/13_Mask/600/FIL_N04W010.tif

>>> Processing tile: N29W089
⚠️ Raster missing for tile N29W089: /p/11211992-tki-mangrove-restoration/01_data/0_Workflow/8_Coastline/600/PRC_N29W089.tif
✅ Created placeholder raster: /p/11211992-tki-mangrove-restoration/01_data/0_Workflow/8_Coastline/600/PRC_N29W089.tif
⚠️ Raster missing for tile N29W089: /p/11211992-tki-mangrove-restoration/01_data/0_Workflow/7_Rivers/600/PRR_N29W089.tif
✅ Created placeholder raster: /p/11211992-tki-mangrove-restoration/01_data/0_Workflow/7_Rivers/600/PRR_N29W089.tif
📐 Raster calculator expression:
(((("PRC_N29W089@1" = 0) - ("PRR_N29W089@1" > 0) - ("PRM_N29W089@1" > (60/100))) > 0) + "GMW_N29W089_2020@1" + "LAN_N29W089@1" + "WAT_N29W089@1") > 0
✔ Saved: /p/11211992-tki-mangrove-restoration/01_data/0_Workflow/13_Mask/600/NVA_N29W089.tif
🗑️ Deleted temporal file: /p/11211992-tki-mangrove-restoration/01_data/0_Workflow/13_Mask/600/BIN_N29W089.tif
🗑️ Deleted temporal file: /p/11211992-tki-mangrove-restoration/01_data/0_Workflow/13_Mask/600/FIL_N29W089.tif

>>> Processing tile: S32E029
⚠️ Raster missing for tile S32E029: /p/11211992-tki-mangrove-restoration/01_data/0_Workflow/8_Coastline/600/PRC_S32E029.tif
✅ Created placeholder raster: /p/11211992-tki-mangrove-restoration/01_data/0_Workflow/8_Coastline/600/PRC_S32E029.tif
⚠️ Raster missing for tile S32E029: /p/11211992-tki-mangrove-restoration/01_data/0_Workflow/7_Rivers/600/PRR_S32E029.tif
✅ Created placeholder raster: /p/11211992-tki-mangrove-restoration/01_data/0_Workflow/7_Rivers/600/PRR_S32E029.tif
📐 Raster calculator expression:
(((("PRC_S32E029@1" = 0) - ("PRR_S32E029@1" > 0) - ("PRM_S32E029@1" > (60/100))) > 0) + "GMW_S32E029_2020@1" + "LAN_S32E029@1" + "WAT_S32E029@1") > 0
✔ Saved: /p/11211992-tki-mangrove-restoration/01_data/0_Workflow/13_Mask/600/NVA_S32E029.tif
🗑️ Deleted temporal file: /p/11211992-tki-mangrove-restoration/01_data/0_Workflow/13_Mask/600/BIN_S32E029.tif
🗑️ Deleted temporal file: /p/11211992-tki-mangrove-restoration/01_data/0_Workflow/13_Mask/600/FIL_S32E029.tif

>>> Processing tile: N02W079
⚠️ Raster missing for tile N02W079: /p/11211992-tki-mangrove-restoration/01_data/0_Workflow/8_Coastline/600/PRC_N02W079.tif
✅ Created placeholder raster: /p/11211992-tki-mangrove-restoration/01_data/0_Workflow/8_Coastline/600/PRC_N02W079.tif
⚠️ Raster missing for tile N02W079: /p/11211992-tki-mangrove-restoration/01_data/0_Workflow/7_Rivers/600/PRR_N02W079.tif
✅ Created placeholder raster: /p/11211992-tki-mangrove-restoration/01_data/0_Workflow/7_Rivers/600/PRR_N02W079.tif
📐 Raster calculator expression:
(((("PRC_N02W079@1" = 0) - ("PRR_N02W079@1" > 0) - ("PRM_N02W079@1" > (60/100))) > 0) + "GMW_N02W079_2020@1" + "LAN_N02W079@1" + "WAT_N02W079@1") > 0
✔ Saved: /p/11211992-tki-mangrove-restoration/01_data/0_Workflow/13_Mask/600/NVA_N02W079.tif
🗑️ Deleted temporal file: /p/11211992-tki-mangrove-restoration/01_data/0_Workflow/13_Mask/600/BIN_N02W079.tif
🗑️ Deleted temporal file: /p/11211992-tki-mangrove-restoration/01_data/0_Workflow/13_Mask/600/FIL_N02W079.tif

>>> Processing tile: N05W002
⚠️ Raster missing for tile N05W002: /p/11211992-tki-mangrove-restoration/01_data/0_Workflow/8_Coastline/600/PRC_N05W002.tif
✅ Created placeholder raster: /p/11211992-tki-mangrove-restoration/01_data/0_Workflow/8_Coastline/600/PRC_N05W002.tif
⚠️ Raster missing for tile N05W002: /p/11211992-tki-mangrove-restoration/01_data/0_Workflow/7_Rivers/600/PRR_N05W002.tif
✅ Created placeholder raster: /p/11211992-tki-mangrove-restoration/01_data/0_Workflow/7_Rivers/600/PRR_N05W002.tif
📐 Raster calculator expression:
(((("PRC_N05W002@1" = 0) - ("PRR_N05W002@1" > 0) - ("PRM_N05W002@1" > (60/100))) > 0) + "GMW_N05W002_2020@1" + "LAN_N05W002@1" + "WAT_N05W002@1") > 0
✔ Saved: /p/11211992-tki-mangrove-restoration/01_data/0_Workflow/13_Mask/600/NVA_N05W002.tif
🗑️ Deleted temporal file: /p/11211992-tki-mangrove-restoration/01_data/0_Workflow/13_Mask/600/BIN_N05W002.tif
🗑️ Deleted temporal file: /p/11211992-tki-mangrove-restoration/01_data/0_Workflow/13_Mask/600/FIL_N05W002.tif

>>> Processing tile: S39E177
⚠️ Raster missing for tile S39E177: /p/11211992-tki-mangrove-restoration/01_data/0_Workflow/8_Coastline/600/PRC_S39E177.tif
✅ Created placeholder raster: /p/11211992-tki-mangrove-restoration/01_data/0_Workflow/8_Coastline/600/PRC_S39E177.tif
⚠️ Raster missing for tile S39E177: /p/11211992-tki-mangrove-restoration/01_data/0_Workflow/7_Rivers/600/PRR_S39E177.tif
✅ Created placeholder raster: /p/11211992-tki-mangrove-restoration/01_data/0_Workflow/7_Rivers/600/PRR_S39E177.tif
📐 Raster calculator expression:
(((("PRC_S39E177@1" = 0) - ("PRR_S39E177@1" > 0) - ("PRM_S39E177@1" > (60/100))) > 0) + "GMW_S39E177_2020@1" + "LAN_S39E177@1" + "WAT_S39E177@1") > 0
✔ Saved: /p/11211992-tki-mangrove-restoration/01_data/0_Workflow/13_Mask/600/NVA_S39E177.tif
🗑️ Deleted temporal file: /p/11211992-tki-mangrove-restoration/01_data/0_Workflow/13_Mask/600/BIN_S39E177.tif
🗑️ Deleted temporal file: /p/11211992-tki-mangrove-restoration/01_data/0_Workflow/13_Mask/600/FIL_S39E177.tif

>>> Processing tile: N25E034
⚠️ Raster missing for tile N25E034: /p/11211992-tki-mangrove-restoration/01_data/0_Workflow/8_Coastline/600/PRC_N25E034.tif
✅ Created placeholder raster: /p/11211992-tki-mangrove-restoration/01_data/0_Workflow/8_Coastline/600/PRC_N25E034.tif
⚠️ Raster missing for tile N25E034: /p/11211992-tki-mangrove-restoration/01_data/0_Workflow/7_Rivers/600/PRR_N25E034.tif
✅ Created placeholder raster: /p/11211992-tki-mangrove-restoration/01_data/0_Workflow/7_Rivers/600/PRR_N25E034.tif
📐 Raster calculator expression:
(((("PRC_N25E034@1" = 0) - ("PRR_N25E034@1" > 0) - ("PRM_N25E034@1" > (60/100))) > 0) + "GMW_N25E034_2020@1" + "LAN_N25E034@1" + "WAT_N25E034@1") > 0
✔ Saved: /p/11211992-tki-mangrove-restoration/01_data/0_Workflow/13_Mask/600/NVA_N25E034.tif
🗑️ Deleted temporal file: /p/11211992-tki-mangrove-restoration/01_data/0_Workflow/13_Mask/600/BIN_N25E034.tif
🗑️ Deleted temporal file: /p/11211992-tki-mangrove-restoration/01_data/0_Workflow/13_Mask/600/FIL_N25E034.tif

>>> Processing tile: S08E156
⚠️ Raster missing for tile S08E156: /p/11211992-tki-mangrove-restoration/01_data/0_Workflow/8_Coastline/600/PRC_S08E156.tif
✅ Created placeholder raster: /p/11211992-tki-mangrove-restoration/01_data/0_Workflow/8_Coastline/600/PRC_S08E156.tif
⚠️ Raster missing for tile S08E156: /p/11211992-tki-mangrove-restoration/01_data/0_Workflow/7_Rivers/600/PRR_S08E156.tif
✅ Created placeholder raster: /p/11211992-tki-mangrove-restoration/01_data/0_Workflow/7_Rivers/600/PRR_S08E156.tif
📐 Raster calculator expression:
(((("PRC_S08E156@1" = 0) - ("PRR_S08E156@1" > 0) - ("PRM_S08E156@1" > (60/100))) > 0) + "GMW_S08E156_2020@1" + "LAN_S08E156@1" + "WAT_S08E156@1") > 0
✔ Saved: /p/11211992-tki-mangrove-restoration/01_data/0_Workflow/13_Mask/600/NVA_S08E156.tif
🗑️ Deleted temporal file: /p/11211992-tki-mangrove-restoration/01_data/0_Workflow/13_Mask/600/BIN_S08E156.tif
🗑️ Deleted temporal file: /p/11211992-tki-mangrove-restoration/01_data/0_Workflow/13_Mask/600/FIL_S08E156.tif

>>> Processing tile: N06E005
⚠️ Raster missing for tile N06E005: /p/11211992-tki-mangrove-restoration/01_data/0_Workflow/8_Coastline/600/PRC_N06E005.tif
✅ Created placeholder raster: /p/11211992-tki-mangrove-restoration/01_data/0_Workflow/8_Coastline/600/PRC_N06E005.tif
⚠️ Raster missing for tile N06E005: /p/11211992-tki-mangrove-restoration/01_data/0_Workflow/7_Rivers/600/PRR_N06E005.tif
✅ Created placeholder raster: /p/11211992-tki-mangrove-restoration/01_data/0_Workflow/7_Rivers/600/PRR_N06E005.tif
📐 Raster calculator expression:
(((("PRC_N06E005@1" = 0) - ("PRR_N06E005@1" > 0) - ("PRM_N06E005@1" > (60/100))) > 0) + "GMW_N06E005_2020@1" + "LAN_N06E005@1" + "WAT_N06E005@1") > 0
✔ Saved: /p/11211992-tki-mangrove-restoration/01_data/0_Workflow/13_Mask/600/NVA_N06E005.tif
🗑️ Deleted temporal file: /p/11211992-tki-mangrove-restoration/01_data/0_Workflow/13_Mask/600/BIN_N06E005.tif
🗑️ Deleted temporal file: /p/11211992-tki-mangrove-restoration/01_data/0_Workflow/13_Mask/600/FIL_N06E005.tif

>>> Processing tile: S10E143
⚠️ Raster missing for tile S10E143: /p/11211992-tki-mangrove-restoration/01_data/0_Workflow/8_Coastline/600/PRC_S10E143.tif
✅ Created placeholder raster: /p/11211992-tki-mangrove-restoration/01_data/0_Workflow/8_Coastline/600/PRC_S10E143.tif
⚠️ Raster missing for tile S10E143: /p/11211992-tki-mangrove-restoration/01_data/0_Workflow/7_Rivers/600/PRR_S10E143.tif
✅ Created placeholder raster: /p/11211992-tki-mangrove-restoration/01_data/0_Workflow/7_Rivers/600/PRR_S10E143.tif
📐 Raster calculator expression:
(((("PRC_S10E143@1" = 0) - ("PRR_S10E143@1" > 0) - ("PRM_S10E143@1" > (60/100))) > 0) + "GMW_S10E143_2020@1" + "LAN_S10E143@1" + "WAT_S10E143@1") > 0
✔ Saved: /p/11211992-tki-mangrove-restoration/01_data/0_Workflow/13_Mask/600/NVA_S10E143.tif
🗑️ Deleted temporal file: /p/11211992-tki-mangrove-restoration/01_data/0_Workflow/13_Mask/600/BIN_S10E143.tif
🗑️ Deleted temporal file: /p/11211992-tki-mangrove-restoration/01_data/0_Workflow/13_Mask/600/FIL_S10E143.tif

>>> Processing tile: S08E158
⚠️ Raster missing for tile S08E158: /p/11211992-tki-mangrove-restoration/01_data/0_Workflow/8_Coastline/600/PRC_S08E158.tif
✅ Created placeholder raster: /p/11211992-tki-mangrove-restoration/01_data/0_Workflow/8_Coastline/600/PRC_S08E158.tif
⚠️ Raster missing for tile S08E158: /p/11211992-tki-mangrove-restoration/01_data/0_Workflow/7_Rivers/600/PRR_S08E158.tif
✅ Created placeholder raster: /p/11211992-tki-mangrove-restoration/01_data/0_Workflow/7_Rivers/600/PRR_S08E158.tif
📐 Raster calculator expression:
(((("PRC_S08E158@1" = 0) - ("PRR_S08E158@1" > 0) - ("PRM_S08E158@1" > (60/100))) > 0) + "GMW_S08E158_2020@1" + "LAN_S08E158@1" + "WAT_S08E158@1") > 0
✔ Saved: /p/11211992-tki-mangrove-restoration/01_data/0_Workflow/13_Mask/600/NVA_S08E158.tif
🗑️ Deleted temporal file: /p/11211992-tki-mangrove-restoration/01_data/0_Workflow/13_Mask/600/BIN_S08E158.tif
🗑️ Deleted temporal file: /p/11211992-tki-mangrove-restoration/01_data/0_Workflow/13_Mask/600/FIL_S08E158.tif

>>> Processing tile: N19W070
⚠️ Raster missing for tile N19W070: /p/11211992-tki-mangrove-restoration/01_data/0_Workflow/8_Coastline/600/PRC_N19W070.tif
✅ Created placeholder raster: /p/11211992-tki-mangrove-restoration/01_data/0_Workflow/8_Coastline/600/PRC_N19W070.tif
⚠️ Raster missing for tile N19W070: /p/11211992-tki-mangrove-restoration/01_data/0_Workflow/7_Rivers/600/PRR_N19W070.tif
✅ Created placeholder raster: /p/11211992-tki-mangrove-restoration/01_data/0_Workflow/7_Rivers/600/PRR_N19W070.tif
📐 Raster calculator expression:
(((("PRC_N19W070@1" = 0) - ("PRR_N19W070@1" > 0) - ("PRM_N19W070@1" > (60/100))) > 0) + "GMW_N19W070_2020@1" + "LAN_N19W070@1" + "WAT_N19W070@1") > 0
✔ Saved: /p/11211992-tki-mangrove-restoration/01_data/0_Workflow/13_Mask/600/NVA_N19W070.tif
🗑️ Deleted temporal file: /p/11211992-tki-mangrove-restoration/01_data/0_Workflow/13_Mask/600/BIN_N19W070.tif
🗑️ Deleted temporal file: /p/11211992-tki-mangrove-restoration/01_data/0_Workflow/13_Mask/600/FIL_N19W070.tif

>>> Processing tile: N06E073
⚠️ Raster missing for tile N06E073: /p/11211992-tki-mangrove-restoration/01_data/0_Workflow/8_Coastline/600/PRC_N06E073.tif
✅ Created placeholder raster: /p/11211992-tki-mangrove-restoration/01_data/0_Workflow/8_Coastline/600/PRC_N06E073.tif
⚠️ Raster missing for tile N06E073: /p/11211992-tki-mangrove-restoration/01_data/0_Workflow/7_Rivers/600/PRR_N06E073.tif
✅ Created placeholder raster: /p/11211992-tki-mangrove-restoration/01_data/0_Workflow/7_Rivers/600/PRR_N06E073.tif
📐 Raster calculator expression:
(((("PRC_N06E073@1" = 0) - ("PRR_N06E073@1" > 0) - ("PRM_N06E073@1" > (60/100))) > 0) + "GMW_N06E073_2020@1" + "LAN_N06E073@1" + "WAT_N06E073@1") > 0
✔ Saved: /p/11211992-tki-mangrove-restoration/01_data/0_Workflow/13_Mask/600/NVA_N06E073.tif
🗑️ Deleted temporal file: /p/11211992-tki-mangrove-restoration/01_data/0_Workflow/13_Mask/600/BIN_N06E073.tif
🗑️ Deleted temporal file: /p/11211992-tki-mangrove-restoration/01_data/0_Workflow/13_Mask/600/FIL_N06E073.tif

>>> Processing tile: N06E004
⚠️ Raster missing for tile N06E004: /p/11211992-tki-mangrove-restoration/01_data/0_Workflow/8_Coastline/600/PRC_N06E004.tif
✅ Created placeholder raster: /p/11211992-tki-mangrove-restoration/01_data/0_Workflow/8_Coastline/600/PRC_N06E004.tif
⚠️ Raster missing for tile N06E004: /p/11211992-tki-mangrove-restoration/01_data/0_Workflow/7_Rivers/600/PRR_N06E004.tif
✅ Created placeholder raster: /p/11211992-tki-mangrove-restoration/01_data/0_Workflow/7_Rivers/600/PRR_N06E004.tif
📐 Raster calculator expression:
(((("PRC_N06E004@1" = 0) - ("PRR_N06E004@1" > 0) - ("PRM_N06E004@1" > (60/100))) > 0) + "GMW_N06E004_2020@1" + "LAN_N06E004@1" + "WAT_N06E004@1") > 0
✔ Saved: /p/11211992-tki-mangrove-restoration/01_data/0_Workflow/13_Mask/600/NVA_N06E004.tif
🗑️ Deleted temporal file: /p/11211992-tki-mangrove-restoration/01_data/0_Workflow/13_Mask/600/BIN_N06E004.tif
🗑️ Deleted temporal file: /p/11211992-tki-mangrove-restoration/01_data/0_Workflow/13_Mask/600/FIL_N06E004.tif

>>> Processing tile: S28E032
⚠️ Raster missing for tile S28E032: /p/11211992-tki-mangrove-restoration/01_data/0_Workflow/8_Coastline/600/PRC_S28E032.tif
✅ Created placeholder raster: /p/11211992-tki-mangrove-restoration/01_data/0_Workflow/8_Coastline/600/PRC_S28E032.tif
⚠️ Raster missing for tile S28E032: /p/11211992-tki-mangrove-restoration/01_data/0_Workflow/7_Rivers/600/PRR_S28E032.tif
✅ Created placeholder raster: /p/11211992-tki-mangrove-restoration/01_data/0_Workflow/7_Rivers/600/PRR_S28E032.tif
📐 Raster calculator expression:
(((("PRC_S28E032@1" = 0) - ("PRR_S28E032@1" > 0) - ("PRM_S28E032@1" > (60/100))) > 0) + "GMW_S28E032_2020@1" + "LAN_S28E032@1" + "WAT_S28E032@1") > 0
✔ Saved: /p/11211992-tki-mangrove-restoration/01_data/0_Workflow/13_Mask/600/NVA_S28E032.tif
🗑️ Deleted temporal file: /p/11211992-tki-mangrove-restoration/01_data/0_Workflow/13_Mask/600/BIN_S28E032.tif
🗑️ Deleted temporal file: /p/11211992-tki-mangrove-restoration/01_data/0_Workflow/13_Mask/600/FIL_S28E032.tif

>>> Processing tile: N19W071
⚠️ Raster missing for tile N19W071: /p/11211992-tki-mangrove-restoration/01_data/0_Workflow/8_Coastline/600/PRC_N19W071.tif
✅ Created placeholder raster: /p/11211992-tki-mangrove-restoration/01_data/0_Workflow/8_Coastline/600/PRC_N19W071.tif
⚠️ Raster missing for tile N19W071: /p/11211992-tki-mangrove-restoration/01_data/0_Workflow/7_Rivers/600/PRR_N19W071.tif
✅ Created placeholder raster: /p/11211992-tki-mangrove-restoration/01_data/0_Workflow/7_Rivers/600/PRR_N19W071.tif
📐 Raster calculator expression:
(((("PRC_N19W071@1" = 0) - ("PRR_N19W071@1" > 0) - ("PRM_N19W071@1" > (60/100))) > 0) + "GMW_N19W071_2020@1" + "LAN_N19W071@1" + "WAT_N19W071@1") > 0
✔ Saved: /p/11211992-tki-mangrove-restoration/01_data/0_Workflow/13_Mask/600/NVA_N19W071.tif
🗑️ Deleted temporal file: /p/11211992-tki-mangrove-restoration/01_data/0_Workflow/13_Mask/600/BIN_N19W071.tif
🗑️ Deleted temporal file: /p/11211992-tki-mangrove-restoration/01_data/0_Workflow/13_Mask/600/FIL_N19W071.tif

>>> Processing tile: S10E142
⚠️ Raster missing for tile S10E142: /p/11211992-tki-mangrove-restoration/01_data/0_Workflow/8_Coastline/600/PRC_S10E142.tif
✅ Created placeholder raster: /p/11211992-tki-mangrove-restoration/01_data/0_Workflow/8_Coastline/600/PRC_S10E142.tif
⚠️ Raster missing for tile S10E142: /p/11211992-tki-mangrove-restoration/01_data/0_Workflow/7_Rivers/600/PRR_S10E142.tif
✅ Created placeholder raster: /p/11211992-tki-mangrove-restoration/01_data/0_Workflow/7_Rivers/600/PRR_S10E142.tif
📐 Raster calculator expression:
(((("PRC_S10E142@1" = 0) - ("PRR_S10E142@1" > 0) - ("PRM_S10E142@1" > (60/100))) > 0) + "GMW_S10E142_2020@1" + "LAN_S10E142@1" + "WAT_S10E142@1") > 0
✔ Saved: /p/11211992-tki-mangrove-restoration/01_data/0_Workflow/13_Mask/600/NVA_S10E142.tif
🗑️ Deleted temporal file: /p/11211992-tki-mangrove-restoration/01_data/0_Workflow/13_Mask/600/BIN_S10E142.tif
🗑️ Deleted temporal file: /p/11211992-tki-mangrove-restoration/01_data/0_Workflow/13_Mask/600/FIL_S10E142.tif

>>> Processing tile: N01E009
⚠️ Raster missing for tile N01E009: /p/11211992-tki-mangrove-restoration/01_data/0_Workflow/8_Coastline/600/PRC_N01E009.tif
✅ Created placeholder raster: /p/11211992-tki-mangrove-restoration/01_data/0_Workflow/8_Coastline/600/PRC_N01E009.tif
⚠️ Raster missing for tile N01E009: /p/11211992-tki-mangrove-restoration/01_data/0_Workflow/7_Rivers/600/PRR_N01E009.tif
✅ Created placeholder raster: /p/11211992-tki-mangrove-restoration/01_data/0_Workflow/7_Rivers/600/PRR_N01E009.tif
📐 Raster calculator expression:
(((("PRC_N01E009@1" = 0) - ("PRR_N01E009@1" > 0) - ("PRM_N01E009@1" > (60/100))) > 0) + "GMW_N01E009_2020@1" + "LAN_N01E009@1" + "WAT_N01E009@1") > 0
✔ Saved: /p/11211992-tki-mangrove-restoration/01_data/0_Workflow/13_Mask/600/NVA_N01E009.tif
🗑️ Deleted temporal file: /p/11211992-tki-mangrove-restoration/01_data/0_Workflow/13_Mask/600/BIN_N01E009.tif
🗑️ Deleted temporal file: /p/11211992-tki-mangrove-restoration/01_data/0_Workflow/13_Mask/600/FIL_N01E009.tif

>>> Processing tile: S08E039
⚠️ Raster missing for tile S08E039: /p/11211992-tki-mangrove-restoration/01_data/0_Workflow/8_Coastline/600/PRC_S08E039.tif
✅ Created placeholder raster: /p/11211992-tki-mangrove-restoration/01_data/0_Workflow/8_Coastline/600/PRC_S08E039.tif
⚠️ Raster missing for tile S08E039: /p/11211992-tki-mangrove-restoration/01_data/0_Workflow/7_Rivers/600/PRR_S08E039.tif
✅ Created placeholder raster: /p/11211992-tki-mangrove-restoration/01_data/0_Workflow/7_Rivers/600/PRR_S08E039.tif
📐 Raster calculator expression:
(((("PRC_S08E039@1" = 0) - ("PRR_S08E039@1" > 0) - ("PRM_S08E039@1" > (60/100))) > 0) + "GMW_S08E039_2020@1" + "LAN_S08E039@1" + "WAT_S08E039@1") > 0
✔ Saved: /p/11211992-tki-mangrove-restoration/01_data/0_Workflow/13_Mask/600/NVA_S08E039.tif
🗑️ Deleted temporal file: /p/11211992-tki-mangrove-restoration/01_data/0_Workflow/13_Mask/600/BIN_S08E039.tif
🗑️ Deleted temporal file: /p/11211992-tki-mangrove-restoration/01_data/0_Workflow/13_Mask/600/FIL_S08E039.tif

>>> Processing tile: S05E151
⚠️ Raster missing for tile S05E151: /p/11211992-tki-mangrove-restoration/01_data/0_Workflow/8_Coastline/600/PRC_S05E151.tif
✅ Created placeholder raster: /p/11211992-tki-mangrove-restoration/01_data/0_Workflow/8_Coastline/600/PRC_S05E151.tif
⚠️ Raster missing for tile S05E151: /p/11211992-tki-mangrove-restoration/01_data/0_Workflow/7_Rivers/600/PRR_S05E151.tif
✅ Created placeholder raster: /p/11211992-tki-mangrove-restoration/01_data/0_Workflow/7_Rivers/600/PRR_S05E151.tif
📐 Raster calculator expression:
Application path not initialized
QStandardPaths: runtime directory '/run/user/1038055' is not a directory, but a symbolic link to a directory permissions 0775 owned by UID 1038055 GID 1000514
Logged warning: Duplicate provider native registered

(((("PRC_S05E151@1" = 0) - ("PRR_S05E151@1" > 0) - ("PRM_S05E151@1" > (60/100))) > 0) + "GMW_S05E151_2020@1" + "LAN_S05E151@1" + "WAT_S05E151@1") > 0
✔ Saved: /p/11211992-tki-mangrove-restoration/01_data/0_Workflow/13_Mask/600/NVA_S05E151.tif
🗑️ Deleted temporal file: /p/11211992-tki-mangrove-restoration/01_data/0_Workflow/13_Mask/600/BIN_S05E151.tif
🗑️ Deleted temporal file: /p/11211992-tki-mangrove-restoration/01_data/0_Workflow/13_Mask/600/FIL_S05E151.tif

>>> Processing tile: S03W172
⚠️ Raster missing for tile S03W172: /p/11211992-tki-mangrove-restoration/01_data/0_Workflow/8_Coastline/600/PRC_S03W172.tif
✅ Created placeholder raster: /p/11211992-tki-mangrove-restoration/01_data/0_Workflow/8_Coastline/600/PRC_S03W172.tif
⚠️ Raster missing for tile S03W172: /p/11211992-tki-mangrove-restoration/01_data/0_Workflow/7_Rivers/600/PRR_S03W172.tif
✅ Created placeholder raster: /p/11211992-tki-mangrove-restoration/01_data/0_Workflow/7_Rivers/600/PRR_S03W172.tif
📐 Raster calculator expression:
(((("PRC_S03W172@1" = 0) - ("PRR_S03W172@1" > 0) - ("PRM_S03W172@1" > (60/100))) > 0) + "GMW_S03W172_2020@1" + "LAN_S03W172@1" + "WAT_S03W172@1") > 0
✔ Saved: /p/11211992-tki-mangrove-restoration/01_data/0_Workflow/13_Mask/600/NVA_S03W172.tif
🗑️ Deleted temporal file: /p/11211992-tki-mangrove-restoration/01_data/0_Workflow/13_Mask/600/BIN_S03W172.tif
🗑️ Deleted temporal file: /p/11211992-tki-mangrove-restoration/01_data/0_Workflow/13_Mask/600/FIL_S03W172.tif

>>> Processing tile: N17W066
⚠️ Raster missing for tile N17W066: /p/11211992-tki-mangrove-restoration/01_data/0_Workflow/8_Coastline/600/PRC_N17W066.tif
✅ Created placeholder raster: /p/11211992-tki-mangrove-restoration/01_data/0_Workflow/8_Coastline/600/PRC_N17W066.tif
⚠️ Raster missing for tile N17W066: /p/11211992-tki-mangrove-restoration/01_data/0_Workflow/7_Rivers/600/PRR_N17W066.tif
✅ Created placeholder raster: /p/11211992-tki-mangrove-restoration/01_data/0_Workflow/7_Rivers/600/PRR_N17W066.tif
📐 Raster calculator expression:
(((("PRC_N17W066@1" = 0) - ("PRR_N17W066@1" > 0) - ("PRM_N17W066@1" > (60/100))) > 0) + "GMW_N17W066_2020@1" + "LAN_N17W066@1" + "WAT_N17W066@1") > 0
✔ Saved: /p/11211992-tki-mangrove-restoration/01_data/0_Workflow/13_Mask/600/NVA_N17W066.tif
🗑️ Deleted temporal file: /p/11211992-tki-mangrove-restoration/01_data/0_Workflow/13_Mask/600/BIN_N17W066.tif
🗑️ Deleted temporal file: /p/11211992-tki-mangrove-restoration/01_data/0_Workflow/13_Mask/600/FIL_N17W066.tif

>>> Processing tile: S21E116
⚠️ Raster missing for tile S21E116: /p/11211992-tki-mangrove-restoration/01_data/0_Workflow/8_Coastline/600/PRC_S21E116.tif
✅ Created placeholder raster: /p/11211992-tki-mangrove-restoration/01_data/0_Workflow/8_Coastline/600/PRC_S21E116.tif
⚠️ Raster missing for tile S21E116: /p/11211992-tki-mangrove-restoration/01_data/0_Workflow/7_Rivers/600/PRR_S21E116.tif
✅ Created placeholder raster: /p/11211992-tki-mangrove-restoration/01_data/0_Workflow/7_Rivers/600/PRR_S21E116.tif
📐 Raster calculator expression:
(((("PRC_S21E116@1" = 0) - ("PRR_S21E116@1" > 0) - ("PRM_S21E116@1" > (60/100))) > 0) + "GMW_S21E116_2020@1" + "LAN_S21E116@1" + "WAT_S21E116@1") > 0
✔ Saved: /p/11211992-tki-mangrove-restoration/01_data/0_Workflow/13_Mask/600/NVA_S21E116.tif
🗑️ Deleted temporal file: /p/11211992-tki-mangrove-restoration/01_data/0_Workflow/13_Mask/600/BIN_S21E116.tif
🗑️ Deleted temporal file: /p/11211992-tki-mangrove-restoration/01_data/0_Workflow/13_Mask/600/FIL_S21E116.tif

>>> Processing tile: S15E143
⚠️ Raster missing for tile S15E143: /p/11211992-tki-mangrove-restoration/01_data/0_Workflow/8_Coastline/600/PRC_S15E143.tif
✅ Created placeholder raster: /p/11211992-tki-mangrove-restoration/01_data/0_Workflow/8_Coastline/600/PRC_S15E143.tif
⚠️ Raster missing for tile S15E143: /p/11211992-tki-mangrove-restoration/01_data/0_Workflow/7_Rivers/600/PRR_S15E143.tif
✅ Created placeholder raster: /p/11211992-tki-mangrove-restoration/01_data/0_Workflow/7_Rivers/600/PRR_S15E143.tif
📐 Raster calculator expression:
(((("PRC_S15E143@1" = 0) - ("PRR_S15E143@1" > 0) - ("PRM_S15E143@1" > (60/100))) > 0) + "GMW_S15E143_2020@1" + "LAN_S15E143@1" + "WAT_S15E143@1") > 0
✔ Saved: /p/11211992-tki-mangrove-restoration/01_data/0_Workflow/13_Mask/600/NVA_S15E143.tif
🗑️ Deleted temporal file: /p/11211992-tki-mangrove-restoration/01_data/0_Workflow/13_Mask/600/BIN_S15E143.tif
🗑️ Deleted temporal file: /p/11211992-tki-mangrove-restoration/01_data/0_Workflow/13_Mask/600/FIL_S15E143.tif

>>> Processing tile: N22E035
⚠️ Raster missing for tile N22E035: /p/11211992-tki-mangrove-restoration/01_data/0_Workflow/8_Coastline/600/PRC_N22E035.tif
✅ Created placeholder raster: /p/11211992-tki-mangrove-restoration/01_data/0_Workflow/8_Coastline/600/PRC_N22E035.tif
⚠️ Raster missing for tile N22E035: /p/11211992-tki-mangrove-restoration/01_data/0_Workflow/7_Rivers/600/PRR_N22E035.tif
✅ Created placeholder raster: /p/11211992-tki-mangrove-restoration/01_data/0_Workflow/7_Rivers/600/PRR_N22E035.tif
📐 Raster calculator expression:
(((("PRC_N22E035@1" = 0) - ("PRR_N22E035@1" > 0) - ("PRM_N22E035@1" > (60/100))) > 0) + "GMW_N22E035_2020@1" + "LAN_N22E035@1" + "WAT_N22E035@1") > 0
✔ Saved: /p/11211992-tki-mangrove-restoration/01_data/0_Workflow/13_Mask/600/NVA_N22E035.tif
🗑️ Deleted temporal file: /p/11211992-tki-mangrove-restoration/01_data/0_Workflow/13_Mask/600/BIN_N22E035.tif
🗑️ Deleted temporal file: /p/11211992-tki-mangrove-restoration/01_data/0_Workflow/13_Mask/600/FIL_N22E035.tif

>>> Processing tile: N09W063
⚠️ Raster missing for tile N09W063: /p/11211992-tki-mangrove-restoration/01_data/0_Workflow/8_Coastline/600/PRC_N09W063.tif
✅ Created placeholder raster: /p/11211992-tki-mangrove-restoration/01_data/0_Workflow/8_Coastline/600/PRC_N09W063.tif
⚠️ Raster missing for tile N09W063: /p/11211992-tki-mangrove-restoration/01_data/0_Workflow/7_Rivers/600/PRR_N09W063.tif
✅ Created placeholder raster: /p/11211992-tki-mangrove-restoration/01_data/0_Workflow/7_Rivers/600/PRR_N09W063.tif
📐 Raster calculator expression:
(((("PRC_N09W063@1" = 0) - ("PRR_N09W063@1" > 0) - ("PRM_N09W063@1" > (60/100))) > 0) + "GMW_N09W063_2020@1" + "LAN_N09W063@1" + "WAT_N09W063@1") > 0
✔ Saved: /p/11211992-tki-mangrove-restoration/01_data/0_Workflow/13_Mask/600/NVA_N09W063.tif
🗑️ Deleted temporal file: /p/11211992-tki-mangrove-restoration/01_data/0_Workflow/13_Mask/600/BIN_N09W063.tif
🗑️ Deleted temporal file: /p/11211992-tki-mangrove-restoration/01_data/0_Workflow/13_Mask/600/FIL_N09W063.tif

>>> Processing tile: N09W015
⚠️ Raster missing for tile N09W015: /p/11211992-tki-mangrove-restoration/01_data/0_Workflow/8_Coastline/600/PRC_N09W015.tif
✅ Created placeholder raster: /p/11211992-tki-mangrove-restoration/01_data/0_Workflow/8_Coastline/600/PRC_N09W015.tif
⚠️ Raster missing for tile N09W015: /p/11211992-tki-mangrove-restoration/01_data/0_Workflow/7_Rivers/600/PRR_N09W015.tif
✅ Created placeholder raster: /p/11211992-tki-mangrove-restoration/01_data/0_Workflow/7_Rivers/600/PRR_N09W015.tif
📐 Raster calculator expression:
(((("PRC_N09W015@1" = 0) - ("PRR_N09W015@1" > 0) - ("PRM_N09W015@1" > (60/100))) > 0) + "GMW_N09W015_2020@1" + "LAN_N09W015@1" + "WAT_N09W015@1") > 0
✔ Saved: /p/11211992-tki-mangrove-restoration/01_data/0_Workflow/13_Mask/600/NVA_N09W015.tif
🗑️ Deleted temporal file: /p/11211992-tki-mangrove-restoration/01_data/0_Workflow/13_Mask/600/BIN_N09W015.tif
🗑️ Deleted temporal file: /p/11211992-tki-mangrove-restoration/01_data/0_Workflow/13_Mask/600/FIL_N09W015.tif

>>> Processing tile: S22E034
⚠️ Raster missing for tile S22E034: /p/11211992-tki-mangrove-restoration/01_data/0_Workflow/8_Coastline/600/PRC_S22E034.tif
✅ Created placeholder raster: /p/11211992-tki-mangrove-restoration/01_data/0_Workflow/8_Coastline/600/PRC_S22E034.tif
⚠️ Raster missing for tile S22E034: /p/11211992-tki-mangrove-restoration/01_data/0_Workflow/7_Rivers/600/PRR_S22E034.tif
✅ Created placeholder raster: /p/11211992-tki-mangrove-restoration/01_data/0_Workflow/7_Rivers/600/PRR_S22E034.tif
📐 Raster calculator expression:
(((("PRC_S22E034@1" = 0) - ("PRR_S22E034@1" > 0) - ("PRM_S22E034@1" > (60/100))) > 0) + "GMW_S22E034_2020@1" + "LAN_S22E034@1" + "WAT_S22E034@1") > 0
✔ Saved: /p/11211992-tki-mangrove-restoration/01_data/0_Workflow/13_Mask/600/NVA_S22E034.tif
🗑️ Deleted temporal file: /p/11211992-tki-mangrove-restoration/01_data/0_Workflow/13_Mask/600/BIN_S22E034.tif
🗑️ Deleted temporal file: /p/11211992-tki-mangrove-restoration/01_data/0_Workflow/13_Mask/600/FIL_S22E034.tif

>>> Processing tile: S15E135
⚠️ Raster missing for tile S15E135: /p/11211992-tki-mangrove-restoration/01_data/0_Workflow/8_Coastline/600/PRC_S15E135.tif
✅ Created placeholder raster: /p/11211992-tki-mangrove-restoration/01_data/0_Workflow/8_Coastline/600/PRC_S15E135.tif
⚠️ Raster missing for tile S15E135: /p/11211992-tki-mangrove-restoration/01_data/0_Workflow/7_Rivers/600/PRR_S15E135.tif
✅ Created placeholder raster: /p/11211992-tki-mangrove-restoration/01_data/0_Workflow/7_Rivers/600/PRR_S15E135.tif
📐 Raster calculator expression:
(((("PRC_S15E135@1" = 0) - ("PRR_S15E135@1" > 0) - ("PRM_S15E135@1" > (60/100))) > 0) + "GMW_S15E135_2020@1" + "LAN_S15E135@1" + "WAT_S15E135@1") > 0
✔ Saved: /p/11211992-tki-mangrove-restoration/01_data/0_Workflow/13_Mask/600/NVA_S15E135.tif
🗑️ Deleted temporal file: /p/11211992-tki-mangrove-restoration/01_data/0_Workflow/13_Mask/600/BIN_S15E135.tif
🗑️ Deleted temporal file: /p/11211992-tki-mangrove-restoration/01_data/0_Workflow/13_Mask/600/FIL_S15E135.tif

>>> Processing tile: S22E043
⚠️ Raster missing for tile S22E043: /p/11211992-tki-mangrove-restoration/01_data/0_Workflow/8_Coastline/600/PRC_S22E043.tif
✅ Created placeholder raster: /p/11211992-tki-mangrove-restoration/01_data/0_Workflow/8_Coastline/600/PRC_S22E043.tif
⚠️ Raster missing for tile S22E043: /p/11211992-tki-mangrove-restoration/01_data/0_Workflow/7_Rivers/600/PRR_S22E043.tif
✅ Created placeholder raster: /p/11211992-tki-mangrove-restoration/01_data/0_Workflow/7_Rivers/600/PRR_S22E043.tif
📐 Raster calculator expression:
(((("PRC_S22E043@1" = 0) - ("PRR_S22E043@1" > 0) - ("PRM_S22E043@1" > (60/100))) > 0) + "GMW_S22E043_2020@1" + "LAN_S22E043@1" + "WAT_S22E043@1") > 0
✔ Saved: /p/11211992-tki-mangrove-restoration/01_data/0_Workflow/13_Mask/600/NVA_S22E043.tif
🗑️ Deleted temporal file: /p/11211992-tki-mangrove-restoration/01_data/0_Workflow/13_Mask/600/BIN_S22E043.tif
🗑️ Deleted temporal file: /p/11211992-tki-mangrove-restoration/01_data/0_Workflow/13_Mask/600/FIL_S22E043.tif

>>> Processing tile: S21E117
⚠️ Raster missing for tile S21E117: /p/11211992-tki-mangrove-restoration/01_data/0_Workflow/8_Coastline/600/PRC_S21E117.tif
✅ Created placeholder raster: /p/11211992-tki-mangrove-restoration/01_data/0_Workflow/8_Coastline/600/PRC_S21E117.tif
⚠️ Raster missing for tile S21E117: /p/11211992-tki-mangrove-restoration/01_data/0_Workflow/7_Rivers/600/PRR_S21E117.tif
✅ Created placeholder raster: /p/11211992-tki-mangrove-restoration/01_data/0_Workflow/7_Rivers/600/PRR_S21E117.tif
📐 Raster calculator expression:
(((("PRC_S21E117@1" = 0) - ("PRR_S21E117@1" > 0) - ("PRM_S21E117@1" > (60/100))) > 0) + "GMW_S21E117_2020@1" + "LAN_S21E117@1" + "WAT_S21E117@1") > 0
✔ Saved: /p/11211992-tki-mangrove-restoration/01_data/0_Workflow/13_Mask/600/NVA_S21E117.tif
🗑️ Deleted temporal file: /p/11211992-tki-mangrove-restoration/01_data/0_Workflow/13_Mask/600/BIN_S21E117.tif
🗑️ Deleted temporal file: /p/11211992-tki-mangrove-restoration/01_data/0_Workflow/13_Mask/600/FIL_S21E117.tif

>>> Processing tile: N17W067
⚠️ Raster missing for tile N17W067: /p/11211992-tki-mangrove-restoration/01_data/0_Workflow/8_Coastline/600/PRC_N17W067.tif
✅ Created placeholder raster: /p/11211992-tki-mangrove-restoration/01_data/0_Workflow/8_Coastline/600/PRC_N17W067.tif
⚠️ Raster missing for tile N17W067: /p/11211992-tki-mangrove-restoration/01_data/0_Workflow/7_Rivers/600/PRR_N17W067.tif
✅ Created placeholder raster: /p/11211992-tki-mangrove-restoration/01_data/0_Workflow/7_Rivers/600/PRR_N17W067.tif
📐 Raster calculator expression:
(((("PRC_N17W067@1" = 0) - ("PRR_N17W067@1" > 0) - ("PRM_N17W067@1" > (60/100))) > 0) + "GMW_N17W067_2020@1" + "LAN_N17W067@1" + "WAT_N17W067@1") > 0
✔ Saved: /p/11211992-tki-mangrove-restoration/01_data/0_Workflow/13_Mask/600/NVA_N17W067.tif
🗑️ Deleted temporal file: /p/11211992-tki-mangrove-restoration/01_data/0_Workflow/13_Mask/600/BIN_N17W067.tif
🗑️ Deleted temporal file: /p/11211992-tki-mangrove-restoration/01_data/0_Workflow/13_Mask/600/FIL_N17W067.tif

>>> Processing tile: N09W062
⚠️ Raster missing for tile N09W062: /p/11211992-tki-mangrove-restoration/01_data/0_Workflow/8_Coastline/600/PRC_N09W062.tif
✅ Created placeholder raster: /p/11211992-tki-mangrove-restoration/01_data/0_Workflow/8_Coastline/600/PRC_N09W062.tif
⚠️ Raster missing for tile N09W062: /p/11211992-tki-mangrove-restoration/01_data/0_Workflow/7_Rivers/600/PRR_N09W062.tif
✅ Created placeholder raster: /p/11211992-tki-mangrove-restoration/01_data/0_Workflow/7_Rivers/600/PRR_N09W062.tif
📐 Raster calculator expression:
(((("PRC_N09W062@1" = 0) - ("PRR_N09W062@1" > 0) - ("PRM_N09W062@1" > (60/100))) > 0) + "GMW_N09W062_2020@1" + "LAN_N09W062@1" + "WAT_N09W062@1") > 0
✔ Saved: /p/11211992-tki-mangrove-restoration/01_data/0_Workflow/13_Mask/600/NVA_N09W062.tif
🗑️ Deleted temporal file: /p/11211992-tki-mangrove-restoration/01_data/0_Workflow/13_Mask/600/BIN_N09W062.tif
🗑️ Deleted temporal file: /p/11211992-tki-mangrove-restoration/01_data/0_Workflow/13_Mask/600/FIL_N09W062.tif

>>> Processing tile: N09W014
⚠️ Raster missing for tile N09W014: /p/11211992-tki-mangrove-restoration/01_data/0_Workflow/8_Coastline/600/PRC_N09W014.tif
✅ Created placeholder raster: /p/11211992-tki-mangrove-restoration/01_data/0_Workflow/8_Coastline/600/PRC_N09W014.tif
⚠️ Raster missing for tile N09W014: /p/11211992-tki-mangrove-restoration/01_data/0_Workflow/7_Rivers/600/PRR_N09W014.tif
✅ Created placeholder raster: /p/11211992-tki-mangrove-restoration/01_data/0_Workflow/7_Rivers/600/PRR_N09W014.tif
📐 Raster calculator expression:
(((("PRC_N09W014@1" = 0) - ("PRR_N09W014@1" > 0) - ("PRM_N09W014@1" > (60/100))) > 0) + "GMW_N09W014_2020@1" + "LAN_N09W014@1" + "WAT_N09W014@1") > 0
✔ Saved: /p/11211992-tki-mangrove-restoration/01_data/0_Workflow/13_Mask/600/NVA_N09W014.tif
🗑️ Deleted temporal file: /p/11211992-tki-mangrove-restoration/01_data/0_Workflow/13_Mask/600/BIN_N09W014.tif
🗑️ Deleted temporal file: /p/11211992-tki-mangrove-restoration/01_data/0_Workflow/13_Mask/600/FIL_N09W014.tif

>>> Processing tile: N10E092
⚠️ Raster missing for tile N10E092: /p/11211992-tki-mangrove-restoration/01_data/0_Workflow/8_Coastline/600/PRC_N10E092.tif
✅ Created placeholder raster: /p/11211992-tki-mangrove-restoration/01_data/0_Workflow/8_Coastline/600/PRC_N10E092.tif
⚠️ Raster missing for tile N10E092: /p/11211992-tki-mangrove-restoration/01_data/0_Workflow/7_Rivers/600/PRR_N10E092.tif
✅ Created placeholder raster: /p/11211992-tki-mangrove-restoration/01_data/0_Workflow/7_Rivers/600/PRR_N10E092.tif
📐 Raster calculator expression:
(((("PRC_N10E092@1" = 0) - ("PRR_N10E092@1" > 0) - ("PRM_N10E092@1" > (60/100))) > 0) + "GMW_N10E092_2020@1" + "LAN_N10E092@1" + "WAT_N10E092@1") > 0
✔ Saved: /p/11211992-tki-mangrove-restoration/01_data/0_Workflow/13_Mask/600/NVA_N10E092.tif
🗑️ Deleted temporal file: /p/11211992-tki-mangrove-restoration/01_data/0_Workflow/13_Mask/600/BIN_N10E092.tif
🗑️ Deleted temporal file: /p/11211992-tki-mangrove-restoration/01_data/0_Workflow/13_Mask/600/FIL_N10E092.tif

>>> Processing tile: S22E035
⚠️ Raster missing for tile S22E035: /p/11211992-tki-mangrove-restoration/01_data/0_Workflow/8_Coastline/600/PRC_S22E035.tif
✅ Created placeholder raster: /p/11211992-tki-mangrove-restoration/01_data/0_Workflow/8_Coastline/600/PRC_S22E035.tif
⚠️ Raster missing for tile S22E035: /p/11211992-tki-mangrove-restoration/01_data/0_Workflow/7_Rivers/600/PRR_S22E035.tif
✅ Created placeholder raster: /p/11211992-tki-mangrove-restoration/01_data/0_Workflow/7_Rivers/600/PRR_S22E035.tif
📐 Raster calculator expression:
(((("PRC_S22E035@1" = 0) - ("PRR_S22E035@1" > 0) - ("PRM_S22E035@1" > (60/100))) > 0) + "GMW_S22E035_2020@1" + "LAN_S22E035@1" + "WAT_S22E035@1") > 0
✔ Saved: /p/11211992-tki-mangrove-restoration/01_data/0_Workflow/13_Mask/600/NVA_S22E035.tif
🗑️ Deleted temporal file: /p/11211992-tki-mangrove-restoration/01_data/0_Workflow/13_Mask/600/BIN_S22E035.tif
🗑️ Deleted temporal file: /p/11211992-tki-mangrove-restoration/01_data/0_Workflow/13_Mask/600/FIL_S22E035.tif

>>> Processing tile: N22W078
⚠️ Raster missing for tile N22W078: /p/11211992-tki-mangrove-restoration/01_data/0_Workflow/8_Coastline/600/PRC_N22W078.tif
✅ Created placeholder raster: /p/11211992-tki-mangrove-restoration/01_data/0_Workflow/8_Coastline/600/PRC_N22W078.tif
⚠️ Raster missing for tile N22W078: /p/11211992-tki-mangrove-restoration/01_data/0_Workflow/7_Rivers/600/PRR_N22W078.tif
✅ Created placeholder raster: /p/11211992-tki-mangrove-restoration/01_data/0_Workflow/7_Rivers/600/PRR_N22W078.tif
📐 Raster calculator expression:
(((("PRC_N22W078@1" = 0) - ("PRR_N22W078@1" > 0) - ("PRM_N22W078@1" > (60/100))) > 0) + "GMW_N22W078_2020@1" + "LAN_N22W078@1" + "WAT_N22W078@1") > 0
✔ Saved: /p/11211992-tki-mangrove-restoration/01_data/0_Workflow/13_Mask/600/NVA_N22W078.tif
🗑️ Deleted temporal file: /p/11211992-tki-mangrove-restoration/01_data/0_Workflow/13_Mask/600/BIN_N22W078.tif
🗑️ Deleted temporal file: /p/11211992-tki-mangrove-restoration/01_data/0_Workflow/13_Mask/600/FIL_N22W078.tif

>>> Processing tile: N12W062
⚠️ Raster missing for tile N12W062: /p/11211992-tki-mangrove-restoration/01_data/0_Workflow/8_Coastline/600/PRC_N12W062.tif
✅ Created placeholder raster: /p/11211992-tki-mangrove-restoration/01_data/0_Workflow/8_Coastline/600/PRC_N12W062.tif
⚠️ Raster missing for tile N12W062: /p/11211992-tki-mangrove-restoration/01_data/0_Workflow/7_Rivers/600/PRR_N12W062.tif
✅ Created placeholder raster: /p/11211992-tki-mangrove-restoration/01_data/0_Workflow/7_Rivers/600/PRR_N12W062.tif
📐 Raster calculator expression:
(((("PRC_N12W062@1" = 0) - ("PRR_N12W062@1" > 0) - ("PRM_N12W062@1" > (60/100))) > 0) + "GMW_N12W062_2020@1" + "LAN_N12W062@1" + "WAT_N12W062@1") > 0
✔ Saved: /p/11211992-tki-mangrove-restoration/01_data/0_Workflow/13_Mask/600/NVA_N12W062.tif
🗑️ Deleted temporal file: /p/11211992-tki-mangrove-restoration/01_data/0_Workflow/13_Mask/600/BIN_N12W062.tif
🗑️ Deleted temporal file: /p/11211992-tki-mangrove-restoration/01_data/0_Workflow/13_Mask/600/FIL_N12W062.tif

>>> Processing tile: S21E166
⚠️ Raster missing for tile S21E166: /p/11211992-tki-mangrove-restoration/01_data/0_Workflow/8_Coastline/600/PRC_S21E166.tif
✅ Created placeholder raster: /p/11211992-tki-mangrove-restoration/01_data/0_Workflow/8_Coastline/600/PRC_S21E166.tif
⚠️ Raster missing for tile S21E166: /p/11211992-tki-mangrove-restoration/01_data/0_Workflow/7_Rivers/600/PRR_S21E166.tif
✅ Created placeholder raster: /p/11211992-tki-mangrove-restoration/01_data/0_Workflow/7_Rivers/600/PRR_S21E166.tif
📐 Raster calculator expression:
(((("PRC_S21E166@1" = 0) - ("PRR_S21E166@1" > 0) - ("PRM_S21E166@1" > (60/100))) > 0) + "GMW_S21E166_2020@1" + "LAN_S21E166@1" + "WAT_S21E166@1") > 0
✔ Saved: /p/11211992-tki-mangrove-restoration/01_data/0_Workflow/13_Mask/600/NVA_S21E166.tif
🗑️ Deleted temporal file: /p/11211992-tki-mangrove-restoration/01_data/0_Workflow/13_Mask/600/BIN_S21E166.tif
🗑️ Deleted temporal file: /p/11211992-tki-mangrove-restoration/01_data/0_Workflow/13_Mask/600/FIL_S21E166.tif

>>> Processing tile: S15E145
⚠️ Raster missing for tile S15E145: /p/11211992-tki-mangrove-restoration/01_data/0_Workflow/8_Coastline/600/PRC_S15E145.tif
✅ Created placeholder raster: /p/11211992-tki-mangrove-restoration/01_data/0_Workflow/8_Coastline/600/PRC_S15E145.tif
⚠️ Raster missing for tile S15E145: /p/11211992-tki-mangrove-restoration/01_data/0_Workflow/7_Rivers/600/PRR_S15E145.tif
✅ Created placeholder raster: /p/11211992-tki-mangrove-restoration/01_data/0_Workflow/7_Rivers/600/PRR_S15E145.tif
📐 Raster calculator expression:
(((("PRC_S15E145@1" = 0) - ("PRR_S15E145@1" > 0) - ("PRM_S15E145@1" > (60/100))) > 0) + "GMW_S15E145_2020@1" + "LAN_S15E145@1" + "WAT_S15E145@1") > 0
✔ Saved: /p/11211992-tki-mangrove-restoration/01_data/0_Workflow/13_Mask/600/NVA_S15E145.tif
🗑️ Deleted temporal file: /p/11211992-tki-mangrove-restoration/01_data/0_Workflow/13_Mask/600/BIN_S15E145.tif
🗑️ Deleted temporal file: /p/11211992-tki-mangrove-restoration/01_data/0_Workflow/13_Mask/600/FIL_S15E145.tif

>>> Processing tile: N09E138
⚠️ Raster missing for tile N09E138: /p/11211992-tki-mangrove-restoration/01_data/0_Workflow/8_Coastline/600/PRC_N09E138.tif
✅ Created placeholder raster: /p/11211992-tki-mangrove-restoration/01_data/0_Workflow/8_Coastline/600/PRC_N09E138.tif
⚠️ Raster missing for tile N09E138: /p/11211992-tki-mangrove-restoration/01_data/0_Workflow/7_Rivers/600/PRR_N09E138.tif
✅ Created placeholder raster: /p/11211992-tki-mangrove-restoration/01_data/0_Workflow/7_Rivers/600/PRR_N09E138.tif
📐 Raster calculator expression:
(((("PRC_N09E138@1" = 0) - ("PRR_N09E138@1" > 0) - ("PRM_N09E138@1" > (60/100))) > 0) + "GMW_N09E138_2020@1" + "LAN_N09E138@1" + "WAT_N09E138@1") > 0
✔ Saved: /p/11211992-tki-mangrove-restoration/01_data/0_Workflow/13_Mask/600/NVA_N09E138.tif
🗑️ Deleted temporal file: /p/11211992-tki-mangrove-restoration/01_data/0_Workflow/13_Mask/600/BIN_N09E138.tif
🗑️ Deleted temporal file: /p/11211992-tki-mangrove-restoration/01_data/0_Workflow/13_Mask/600/FIL_N09E138.tif

>>> Processing tile: N22W079
⚠️ Raster missing for tile N22W079: /p/11211992-tki-mangrove-restoration/01_data/0_Workflow/8_Coastline/600/PRC_N22W079.tif
✅ Created placeholder raster: /p/11211992-tki-mangrove-restoration/01_data/0_Workflow/8_Coastline/600/PRC_N22W079.tif
⚠️ Raster missing for tile N22W079: /p/11211992-tki-mangrove-restoration/01_data/0_Workflow/7_Rivers/600/PRR_N22W079.tif
✅ Created placeholder raster: /p/11211992-tki-mangrove-restoration/01_data/0_Workflow/7_Rivers/600/PRR_N22W079.tif
📐 Raster calculator expression:
(((("PRC_N22W079@1" = 0) - ("PRR_N22W079@1" > 0) - ("PRM_N22W079@1" > (60/100))) > 0) + "GMW_N22W079_2020@1" + "LAN_N22W079@1" + "WAT_N22W079@1") > 0
✔ Saved: /p/11211992-tki-mangrove-restoration/01_data/0_Workflow/13_Mask/600/NVA_N22W079.tif
🗑️ Deleted temporal file: /p/11211992-tki-mangrove-restoration/01_data/0_Workflow/13_Mask/600/BIN_N22W079.tif
🗑️ Deleted temporal file: /p/11211992-tki-mangrove-restoration/01_data/0_Workflow/13_Mask/600/FIL_N22W079.tif

>>> Processing tile: S10E146
⚠️ Raster missing for tile S10E146: /p/11211992-tki-mangrove-restoration/01_data/0_Workflow/8_Coastline/600/PRC_S10E146.tif
✅ Created placeholder raster: /p/11211992-tki-mangrove-restoration/01_data/0_Workflow/8_Coastline/600/PRC_S10E146.tif
⚠️ Raster missing for tile S10E146: /p/11211992-tki-mangrove-restoration/01_data/0_Workflow/7_Rivers/600/PRR_S10E146.tif
✅ Created placeholder raster: /p/11211992-tki-mangrove-restoration/01_data/0_Workflow/7_Rivers/600/PRR_S10E146.tif
📐 Raster calculator expression:
(((("PRC_S10E146@1" = 0) - ("PRR_S10E146@1" > 0) - ("PRM_S10E146@1" > (60/100))) > 0) + "GMW_S10E146_2020@1" + "LAN_S10E146@1" + "WAT_S10E146@1") > 0
✔ Saved: /p/11211992-tki-mangrove-restoration/01_data/0_Workflow/13_Mask/600/NVA_S10E146.tif
🗑️ Deleted temporal file: /p/11211992-tki-mangrove-restoration/01_data/0_Workflow/13_Mask/600/BIN_S10E146.tif
🗑️ Deleted temporal file: /p/11211992-tki-mangrove-restoration/01_data/0_Workflow/13_Mask/600/FIL_S10E146.tif

>>> Processing tile: N14E040
⚠️ Raster missing for tile N14E040: /p/11211992-tki-mangrove-restoration/01_data/0_Workflow/8_Coastline/600/PRC_N14E040.tif
✅ Created placeholder raster: /p/11211992-tki-mangrove-restoration/01_data/0_Workflow/8_Coastline/600/PRC_N14E040.tif
⚠️ Raster missing for tile N14E040: /p/11211992-tki-mangrove-restoration/01_data/0_Workflow/7_Rivers/600/PRR_N14E040.tif
✅ Created placeholder raster: /p/11211992-tki-mangrove-restoration/01_data/0_Workflow/7_Rivers/600/PRR_N14E040.tif
📐 Raster calculator expression:
(((("PRC_N14E040@1" = 0) - ("PRR_N14E040@1" > 0) - ("PRM_N14E040@1" > (60/100))) > 0) + "GMW_N14E040_2020@1" + "LAN_N14E040@1" + "WAT_N14E040@1") > 0
✔ Saved: /p/11211992-tki-mangrove-restoration/01_data/0_Workflow/13_Mask/600/NVA_N14E040.tif
🗑️ Deleted temporal file: /p/11211992-tki-mangrove-restoration/01_data/0_Workflow/13_Mask/600/BIN_N14E040.tif
🗑️ Deleted temporal file: /p/11211992-tki-mangrove-restoration/01_data/0_Workflow/13_Mask/600/FIL_N14E040.tif

>>> Processing tile: S15E144
⚠️ Raster missing for tile S15E144: /p/11211992-tki-mangrove-restoration/01_data/0_Workflow/8_Coastline/600/PRC_S15E144.tif
✅ Created placeholder raster: /p/11211992-tki-mangrove-restoration/01_data/0_Workflow/8_Coastline/600/PRC_S15E144.tif
⚠️ Raster missing for tile S15E144: /p/11211992-tki-mangrove-restoration/01_data/0_Workflow/7_Rivers/600/PRR_S15E144.tif
✅ Created placeholder raster: /p/11211992-tki-mangrove-restoration/01_data/0_Workflow/7_Rivers/600/PRR_S15E144.tif
📐 Raster calculator expression:
(((("PRC_S15E144@1" = 0) - ("PRR_S15E144@1" > 0) - ("PRM_S15E144@1" > (60/100))) > 0) + "GMW_S15E144_2020@1" + "LAN_S15E144@1" + "WAT_S15E144@1") > 0
✔ Saved: /p/11211992-tki-mangrove-restoration/01_data/0_Workflow/13_Mask/600/NVA_S15E144.tif
🗑️ Deleted temporal file: /p/11211992-tki-mangrove-restoration/01_data/0_Workflow/13_Mask/600/BIN_S15E144.tif
🗑️ Deleted temporal file: /p/11211992-tki-mangrove-restoration/01_data/0_Workflow/13_Mask/600/FIL_S15E144.tif

>>> Processing tile: N12W015
⚠️ Raster missing for tile N12W015: /p/11211992-tki-mangrove-restoration/01_data/0_Workflow/8_Coastline/600/PRC_N12W015.tif
✅ Created placeholder raster: /p/11211992-tki-mangrove-restoration/01_data/0_Workflow/8_Coastline/600/PRC_N12W015.tif
⚠️ Raster missing for tile N12W015: /p/11211992-tki-mangrove-restoration/01_data/0_Workflow/7_Rivers/600/PRR_N12W015.tif
✅ Created placeholder raster: /p/11211992-tki-mangrove-restoration/01_data/0_Workflow/7_Rivers/600/PRR_N12W015.tif
📐 Raster calculator expression:
(((("PRC_N12W015@1" = 0) - ("PRR_N12W015@1" > 0) - ("PRM_N12W015@1" > (60/100))) > 0) + "GMW_N12W015_2020@1" + "LAN_N12W015@1" + "WAT_N12W015@1") > 0
✔ Saved: /p/11211992-tki-mangrove-restoration/01_data/0_Workflow/13_Mask/600/NVA_N12W015.tif
🗑️ Deleted temporal file: /p/11211992-tki-mangrove-restoration/01_data/0_Workflow/13_Mask/600/BIN_N12W015.tif
🗑️ Deleted temporal file: /p/11211992-tki-mangrove-restoration/01_data/0_Workflow/13_Mask/600/FIL_N12W015.tif

>>> Processing tile: S19E177
⚠️ Raster missing for tile S19E177: /p/11211992-tki-mangrove-restoration/01_data/0_Workflow/8_Coastline/600/PRC_S19E177.tif
✅ Created placeholder raster: /p/11211992-tki-mangrove-restoration/01_data/0_Workflow/8_Coastline/600/PRC_S19E177.tif
⚠️ Raster missing for tile S19E177: /p/11211992-tki-mangrove-restoration/01_data/0_Workflow/7_Rivers/600/PRR_S19E177.tif
✅ Created placeholder raster: /p/11211992-tki-mangrove-restoration/01_data/0_Workflow/7_Rivers/600/PRR_S19E177.tif
📐 Raster calculator expression:
(((("PRC_S19E177@1" = 0) - ("PRR_S19E177@1" > 0) - ("PRM_S19E177@1" > (60/100))) > 0) + "GMW_S19E177_2020@1" + "LAN_S19E177@1" + "WAT_S19E177@1") > 0
✔ Saved: /p/11211992-tki-mangrove-restoration/01_data/0_Workflow/13_Mask/600/NVA_S19E177.tif
🗑️ Deleted temporal file: /p/11211992-tki-mangrove-restoration/01_data/0_Workflow/13_Mask/600/BIN_S19E177.tif
🗑️ Deleted temporal file: /p/11211992-tki-mangrove-restoration/01_data/0_Workflow/13_Mask/600/FIL_S19E177.tif

>>> Processing tile: N19W076
⚠️ Raster missing for tile N19W076: /p/11211992-tki-mangrove-restoration/01_data/0_Workflow/8_Coastline/600/PRC_N19W076.tif
✅ Created placeholder raster: /p/11211992-tki-mangrove-restoration/01_data/0_Workflow/8_Coastline/600/PRC_N19W076.tif
⚠️ Raster missing for tile N19W076: /p/11211992-tki-mangrove-restoration/01_data/0_Workflow/7_Rivers/600/PRR_N19W076.tif
✅ Created placeholder raster: /p/11211992-tki-mangrove-restoration/01_data/0_Workflow/7_Rivers/600/PRR_N19W076.tif
📐 Raster calculator expression:
(((("PRC_N19W076@1" = 0) - ("PRR_N19W076@1" > 0) - ("PRM_N19W076@1" > (60/100))) > 0) + "GMW_N19W076_2020@1" + "LAN_N19W076@1" + "WAT_N19W076@1") > 0
✔ Saved: /p/11211992-tki-mangrove-restoration/01_data/0_Workflow/13_Mask/600/NVA_N19W076.tif
🗑️ Deleted temporal file: /p/11211992-tki-mangrove-restoration/01_data/0_Workflow/13_Mask/600/BIN_N19W076.tif
🗑️ Deleted temporal file: /p/11211992-tki-mangrove-restoration/01_data/0_Workflow/13_Mask/600/FIL_N19W076.tif

>>> Processing tile: S33E152
⚠️ Raster missing for tile S33E152: /p/11211992-tki-mangrove-restoration/01_data/0_Workflow/8_Coastline/600/PRC_S33E152.tif
✅ Created placeholder raster: /p/11211992-tki-mangrove-restoration/01_data/0_Workflow/8_Coastline/600/PRC_S33E152.tif
⚠️ Raster missing for tile S33E152: /p/11211992-tki-mangrove-restoration/01_data/0_Workflow/7_Rivers/600/PRR_S33E152.tif
✅ Created placeholder raster: /p/11211992-tki-mangrove-restoration/01_data/0_Workflow/7_Rivers/600/PRR_S33E152.tif
📐 Raster calculator expression:
(((("PRC_S33E152@1" = 0) - ("PRR_S33E152@1" > 0) - ("PRM_S33E152@1" > (60/100))) > 0) + "GMW_S33E152_2020@1" + "LAN_S33E152@1" + "WAT_S33E152@1") > 0
✔ Saved: /p/11211992-tki-mangrove-restoration/01_data/0_Workflow/13_Mask/600/NVA_S33E152.tif
🗑️ Deleted temporal file: /p/11211992-tki-mangrove-restoration/01_data/0_Workflow/13_Mask/600/BIN_S33E152.tif
🗑️ Deleted temporal file: /p/11211992-tki-mangrove-restoration/01_data/0_Workflow/13_Mask/600/FIL_S33E152.tif

>>> Processing tile: N29W081
⚠️ Raster missing for tile N29W081: /p/11211992-tki-mangrove-restoration/01_data/0_Workflow/8_Coastline/600/PRC_N29W081.tif
✅ Created placeholder raster: /p/11211992-tki-mangrove-restoration/01_data/0_Workflow/8_Coastline/600/PRC_N29W081.tif
⚠️ Raster missing for tile N29W081: /p/11211992-tki-mangrove-restoration/01_data/0_Workflow/7_Rivers/600/PRR_N29W081.tif
✅ Created placeholder raster: /p/11211992-tki-mangrove-restoration/01_data/0_Workflow/7_Rivers/600/PRR_N29W081.tif
📐 Raster calculator expression:
(((("PRC_N29W081@1" = 0) - ("PRR_N29W081@1" > 0) - ("PRM_N29W081@1" > (60/100))) > 0) + "GMW_N29W081_2020@1" + "LAN_N29W081@1" + "WAT_N29W081@1") > 0
✔ Saved: /p/11211992-tki-mangrove-restoration/01_data/0_Workflow/13_Mask/600/NVA_N29W081.tif
🗑️ Deleted temporal file: /p/11211992-tki-mangrove-restoration/01_data/0_Workflow/13_Mask/600/BIN_N29W081.tif
🗑️ Deleted temporal file: /p/11211992-tki-mangrove-restoration/01_data/0_Workflow/13_Mask/600/FIL_N29W081.tif

>>> Processing tile: N07E158
⚠️ Raster missing for tile N07E158: /p/11211992-tki-mangrove-restoration/01_data/0_Workflow/8_Coastline/600/PRC_N07E158.tif
✅ Created placeholder raster: /p/11211992-tki-mangrove-restoration/01_data/0_Workflow/8_Coastline/600/PRC_N07E158.tif
⚠️ Raster missing for tile N07E158: /p/11211992-tki-mangrove-restoration/01_data/0_Workflow/7_Rivers/600/PRR_N07E158.tif
✅ Created placeholder raster: /p/11211992-tki-mangrove-restoration/01_data/0_Workflow/7_Rivers/600/PRR_N07E158.tif
📐 Raster calculator expression:
(((("PRC_N07E158@1" = 0) - ("PRR_N07E158@1" > 0) - ("PRM_N07E158@1" > (60/100))) > 0) + "GMW_N07E158_2020@1" + "LAN_N07E158@1" + "WAT_N07E158@1") > 0
✔ Saved: /p/11211992-tki-mangrove-restoration/01_data/0_Workflow/13_Mask/600/NVA_N07E158.tif
🗑️ Deleted temporal file: /p/11211992-tki-mangrove-restoration/01_data/0_Workflow/13_Mask/600/BIN_N07E158.tif
🗑️ Deleted temporal file: /p/11211992-tki-mangrove-restoration/01_data/0_Workflow/13_Mask/600/FIL_N07E158.tif

>>> Processing tile: N06E002
⚠️ Raster missing for tile N06E002: /p/11211992-tki-mangrove-restoration/01_data/0_Workflow/8_Coastline/600/PRC_N06E002.tif
✅ Created placeholder raster: /p/11211992-tki-mangrove-restoration/01_data/0_Workflow/8_Coastline/600/PRC_N06E002.tif
⚠️ Raster missing for tile N06E002: /p/11211992-tki-mangrove-restoration/01_data/0_Workflow/7_Rivers/600/PRR_N06E002.tif
✅ Created placeholder raster: /p/11211992-tki-mangrove-restoration/01_data/0_Workflow/7_Rivers/600/PRR_N06E002.tif
📐 Raster calculator expression:
(((("PRC_N06E002@1" = 0) - ("PRR_N06E002@1" > 0) - ("PRM_N06E002@1" > (60/100))) > 0) + "GMW_N06E002_2020@1" + "LAN_N06E002@1" + "WAT_N06E002@1") > 0
✔ Saved: /p/11211992-tki-mangrove-restoration/01_data/0_Workflow/13_Mask/600/NVA_N06E002.tif
🗑️ Deleted temporal file: /p/11211992-tki-mangrove-restoration/01_data/0_Workflow/13_Mask/600/BIN_N06E002.tif
🗑️ Deleted temporal file: /p/11211992-tki-mangrove-restoration/01_data/0_Workflow/13_Mask/600/FIL_N06E002.tif
Processing finished. Log saved to /p/11211992-tki-mangrove-restoration/01_data/0_Workflow/13_Mask/600/NVA.csv
🗑️ Deleted .xml file: /p/11211992-tki-mangrove-restoration/01_data/0_Workflow/13_Mask/600/FIL_N06E073.tif.aux.xml
🗑️ Deleted .xml file: /p/11211992-tki-mangrove-restoration/01_data/0_Workflow/13_Mask/600/FIL_S10E143.tif.aux.xml
🗑️ Deleted .xml file: /p/11211992-tki-mangrove-restoration/01_data/0_Workflow/13_Mask/600/FIL_N05W011.tif.aux.xml
🗑️ Deleted .xml file: /p/11211992-tki-mangrove-restoration/01_data/0_Workflow/13_Mask/600/FIL_N12W062.tif.aux.xml
🗑️ Deleted .xml file: /p/11211992-tki-mangrove-restoration/01_data/0_Workflow/13_Mask/600/FIL_N17E041.tif.aux.xml
🗑️ Deleted .xml file: /p/11211992-tki-mangrove-restoration/01_data/0_Workflow/13_Mask/600/FIL_N29W081.tif.aux.xml
🗑️ Deleted .xml file: /p/11211992-tki-mangrove-restoration/01_data/0_Workflow/13_Mask/600/FIL_N22E059.tif.aux.xml
🗑️ Deleted .xml file: /p/11211992-tki-mangrove-restoration/01_data/0_Workflow/13_Mask/600/FIL_S05E055.tif.aux.xml
🗑️ Deleted .xml file: /p/11211992-tki-mangrove-restoration/01_data/0_Workflow/13_Mask/600/FIL_S30E030.tif.aux.xml
🗑️ Deleted .xml file: /p/11211992-tki-mangrove-restoration/01_data/0_Workflow/13_Mask/600/FIL_S33E029.tif.aux.xml
🗑️ Deleted .xml file: /p/11211992-tki-mangrove-restoration/01_data/0_Workflow/13_Mask/600/FIL_N19W078.tif.aux.xml
🗑️ Deleted .xml file: /p/11211992-tki-mangrove-restoration/01_data/0_Workflow/13_Mask/600/FIL_N04W003.tif.aux.xml
🗑️ Deleted .xml file: /p/11211992-tki-mangrove-restoration/01_data/0_Workflow/13_Mask/600/FIL_N17W068.tif.aux.xml
🗑️ Deleted .xml file: /p/11211992-tki-mangrove-restoration/01_data/0_Workflow/13_Mask/600/FIL_S22E034.tif.aux.xml
🗑️ Deleted .xml file: /p/11211992-tki-mangrove-restoration/01_data/0_Workflow/13_Mask/600/FIL_S18W179.tif.aux.xml
🗑️ Deleted .xml file: /p/11211992-tki-mangrove-restoration/01_data/0_Workflow/13_Mask/600/FIL_N17W067.tif.aux.xml
🗑️ Deleted .xml file: /p/11211992-tki-mangrove-restoration/01_data/0_Workflow/13_Mask/600/FIL_N24E038.tif.aux.xml
🗑️ Deleted .xml file: /p/11211992-tki-mangrove-restoration/01_data/0_Workflow/13_Mask/600/FIL_N24E037.tif.aux.xml
🗑️ Deleted .xml file: /p/11211992-tki-mangrove-restoration/01_data/0_Workflow/13_Mask/600/FIL_N18W156.tif.aux.xml
🗑️ Deleted .xml file: /p/11211992-tki-mangrove-restoration/01_data/0_Workflow/13_Mask/600/FIL_S01E042.tif.aux.xml
🗑️ Deleted .xml file: /p/11211992-tki-mangrove-restoration/01_data/0_Workflow/13_Mask/600/FIL_N09W077.tif.aux.xml
🗑️ Deleted .xml file: /p/11211992-tki-mangrove-restoration/01_data/0_Workflow/13_Mask/600/FIL_N09W015.tif.aux.xml
🗑️ Deleted .xml file: /p/11211992-tki-mangrove-restoration/01_data/0_Workflow/13_Mask/600/FIL_N14W061.tif.aux.xml
🗑️ Deleted .xml file: /p/11211992-tki-mangrove-restoration/01_data/0_Workflow/13_Mask/600/FIL_S11E161.tif.aux.xml
🗑️ Deleted .xml file: /p/11211992-tki-mangrove-restoration/01_data/0_Workflow/13_Mask/600/FIL_S02E147.tif.aux.xml
🗑️ Deleted .xml file: /p/11211992-tki-mangrove-restoration/01_data/0_Workflow/13_Mask/600/FIL_N12W070.tif.aux.xml
🗑️ Deleted .xml file: /p/11211992-tki-mangrove-restoration/01_data/0_Workflow/13_Mask/600/FIL_S32E029.tif.aux.xml
🗑️ Deleted .xml file: /p/11211992-tki-mangrove-restoration/01_data/0_Workflow/13_Mask/600/FIL_S18W180.tif.aux.xml
🗑️ Deleted .xml file: /p/11211992-tki-mangrove-restoration/01_data/0_Workflow/13_Mask/600/FIL_S10E151.tif.aux.xml
🗑️ Deleted .xml file: /p/11211992-tki-mangrove-restoration/01_data/0_Workflow/13_Mask/600/FIL_S05E144.tif.aux.xml
🗑️ Deleted .xml file: /p/11211992-tki-mangrove-restoration/01_data/0_Workflow/13_Mask/600/FIL_S33E137.tif.aux.xml
🗑️ Deleted .xml file: /p/11211992-tki-mangrove-restoration/01_data/0_Workflow/13_Mask/600/FIL_N01E173.tif.aux.xml
🗑️ Deleted .xml file: /p/11211992-tki-mangrove-restoration/01_data/0_Workflow/13_Mask/600/FIL_S03E147.tif.aux.xml
🗑️ Deleted .xml file: /p/11211992-tki-mangrove-restoration/01_data/0_Workflow/13_Mask/600/FIL_S22E148.tif.aux.xml
🗑️ Deleted .xml file: /p/11211992-tki-mangrove-restoration/01_data/0_Workflow/13_Mask/600/FIL_S01W092.tif.aux.xml
🗑️ Deleted .xml file: /p/11211992-tki-mangrove-restoration/01_data/0_Workflow/13_Mask/600/FIL_N25E037.tif.aux.xml
🗑️ Deleted .xml file: /p/11211992-tki-mangrove-restoration/01_data/0_Workflow/13_Mask/600/FIL_N19W081.tif.aux.xml
🗑️ Deleted .xml file: /p/11211992-tki-mangrove-restoration/01_data/0_Workflow/13_Mask/600/FIL_S15E126.tif.aux.xml
🗑️ Deleted .xml file: /p/11211992-tki-mangrove-restoration/01_data/0_Workflow/13_Mask/600/FIL_S15E048.tif.aux.xml
🗑️ Deleted .xml file: /p/11211992-tki-mangrove-restoration/01_data/0_Workflow/13_Mask/600/FIL_S15E047.tif.aux.xml
🗑️ Deleted .xml file: /p/11211992-tki-mangrove-restoration/01_data/0_Workflow/13_Mask/600/FIL_S15E129.tif.aux.xml
🗑️ Deleted .xml file: /p/11211992-tki-mangrove-restoration/01_data/0_Workflow/13_Mask/600/FIL_N24E035.tif.aux.xml
🗑️ Deleted .xml file: /p/11211992-tki-mangrove-restoration/01_data/0_Workflow/13_Mask/600/FIL_N25E055.tif.aux.xml
🗑️ Deleted .xml file: /p/11211992-tki-mangrove-restoration/01_data/0_Workflow/13_Mask/600/FIL_N27W083.tif.aux.xml
🗑️ Deleted .xml file: /p/11211992-tki-mangrove-restoration/01_data/0_Workflow/13_Mask/600/FIL_S15E144.tif.aux.xml
🗑️ Deleted .xml file: /p/11211992-tki-mangrove-restoration/01_data/0_Workflow/13_Mask/600/FIL_N00E006.tif.aux.xml
🗑️ Deleted .xml file: /p/11211992-tki-mangrove-restoration/01_data/0_Workflow/13_Mask/600/FIL_N00E009.tif.aux.xml
🗑️ Deleted .xml file: /p/11211992-tki-mangrove-restoration/01_data/0_Workflow/13_Mask/600/FIL_N06E093.tif.aux.xml
🗑️ Deleted .xml file: /p/11211992-tki-mangrove-restoration/01_data/0_Workflow/13_Mask/600/FIL_S02W092.tif.aux.xml
🗑️ Deleted .xml file: /p/11211992-tki-mangrove-restoration/01_data/0_Workflow/13_Mask/600/FIL_S03E151.tif.aux.xml
🗑️ Deleted .xml file: /p/11211992-tki-mangrove-restoration/01_data/0_Workflow/13_Mask/600/FIL_N14W017.tif.aux.xml
🗑️ Deleted .xml file: /p/11211992-tki-mangrove-restoration/01_data/0_Workflow/13_Mask/600/FIL_N09W063.tif.aux.xml
🗑️ Deleted .xml file: /p/11211992-tki-mangrove-restoration/01_data/0_Workflow/13_Mask/600/FIL_N14W018.tif.aux.xml
🗑️ Deleted .xml file: /p/11211992-tki-mangrove-restoration/01_data/0_Workflow/13_Mask/600/FIL_S35E150.tif.aux.xml
🗑️ Deleted .xml file: /p/11211992-tki-mangrove-restoration/01_data/0_Workflow/13_Mask/600/FIL_S19E179.tif.aux.xml
🗑️ Deleted .xml file: /p/11211992-tki-mangrove-restoration/01_data/0_Workflow/13_Mask/600/FIL_N11E092.tif.aux.xml
🗑️ Deleted .xml file: /p/11211992-tki-mangrove-restoration/01_data/0_Workflow/13_Mask/600/FIL_N09W073.tif.aux.xml
🗑️ Deleted .xml file: /p/11211992-tki-mangrove-restoration/01_data/0_Workflow/13_Mask/600/FIL_N07E134.tif.aux.xml
🗑️ Deleted .xml file: /p/11211992-tki-mangrove-restoration/01_data/0_Workflow/13_Mask/600/FIL_S08E144.tif.aux.xml
🗑️ Deleted .xml file: /p/11211992-tki-mangrove-restoration/01_data/0_Workflow/13_Mask/600/FIL_N24E120.tif.aux.xml
🗑️ Deleted .xml file: /p/11211992-tki-mangrove-restoration/01_data/0_Workflow/13_Mask/600/FIL_N02W079.tif.aux.xml
🗑️ Deleted .xml file: /p/11211992-tki-mangrove-restoration/01_data/0_Workflow/13_Mask/600/FIL_N22W080.tif.aux.xml
🗑️ Deleted .xml file: /p/11211992-tki-mangrove-restoration/01_data/0_Workflow/13_Mask/600/FIL_S12E131.tif.aux.xml
🗑️ Deleted .xml file: /p/11211992-tki-mangrove-restoration/01_data/0_Workflow/13_Mask/600/FIL_S12E153.tif.aux.xml
🗑️ Deleted .xml file: /p/11211992-tki-mangrove-restoration/01_data/0_Workflow/13_Mask/600/FIL_N05W005.tif.aux.xml
🗑️ Deleted .xml file: /p/11211992-tki-mangrove-restoration/01_data/0_Workflow/13_Mask/600/FIL_S17E179.tif.aux.xml
🗑️ Deleted .xml file: /p/11211992-tki-mangrove-restoration/01_data/0_Workflow/13_Mask/600/FIL_N06E005.tif.aux.xml
🗑️ Deleted .xml file: /p/11211992-tki-mangrove-restoration/01_data/0_Workflow/13_Mask/600/FIL_N17E038.tif.aux.xml
🗑️ Deleted .xml file: /p/11211992-tki-mangrove-restoration/01_data/0_Workflow/13_Mask/600/FIL_S10E039.tif.aux.xml
🗑️ Deleted .xml file: /p/11211992-tki-mangrove-restoration/01_data/0_Workflow/13_Mask/600/FIL_S13E141.tif.aux.xml
🗑️ Deleted .xml file: /p/11211992-tki-mangrove-restoration/01_data/0_Workflow/13_Mask/600/FIL_S09E179.tif.aux.xml
🗑️ Deleted .xml file: /p/11211992-tki-mangrove-restoration/01_data/0_Workflow/13_Mask/600/FIL_S02E042.tif.aux.xml
🗑️ Deleted .xml file: /p/11211992-tki-mangrove-restoration/01_data/0_Workflow/13_Mask/600/FIL_N22W079.tif.aux.xml
🗑️ Deleted .xml file: /p/11211992-tki-mangrove-restoration/01_data/0_Workflow/13_Mask/600/FIL_N27E055.tif.aux.xml
🗑️ Deleted .xml file: /p/11211992-tki-mangrove-restoration/01_data/0_Workflow/13_Mask/600/FIL_N10E092.tif.aux.xml
🗑️ Deleted .xml file: /p/11211992-tki-mangrove-restoration/01_data/0_Workflow/13_Mask/600/FIL_N12E042.tif.aux.xml
🗑️ Deleted .xml file: /p/11211992-tki-mangrove-restoration/01_data/0_Workflow/13_Mask/600/FIL_S08E156.tif.aux.xml
🗑️ Deleted .xml file: /p/11211992-tki-mangrove-restoration/01_data/0_Workflow/13_Mask/600/FIL_N24E053.tif.aux.xml
🗑️ Deleted .xml file: /p/11211992-tki-mangrove-restoration/01_data/0_Workflow/13_Mask/600/FIL_N15W017.tif.aux.xml
🗑️ Deleted .xml file: /p/11211992-tki-mangrove-restoration/01_data/0_Workflow/13_Mask/600/FIL_N01E009.tif.aux.xml
🗑️ Deleted .xml file: /p/11211992-tki-mangrove-restoration/01_data/0_Workflow/13_Mask/600/FIL_S12E141.tif.aux.xml
🗑️ Deleted .xml file: /p/11211992-tki-mangrove-restoration/01_data/0_Workflow/13_Mask/600/FIL_S29E114.tif.aux.xml
🗑️ Deleted .xml file: /p/11211992-tki-mangrove-restoration/01_data/0_Workflow/13_Mask/600/FIL_N19W071.tif.aux.xml
🗑️ Deleted .xml file: /p/11211992-tki-mangrove-restoration/01_data/0_Workflow/13_Mask/600/FIL_S21E117.tif.aux.xml
🗑️ Deleted .xml file: /p/11211992-tki-mangrove-restoration/01_data/0_Workflow/13_Mask/600/FIL_S21E118.tif.aux.xml
🗑️ Deleted .xml file: /p/11211992-tki-mangrove-restoration/01_data/0_Workflow/13_Mask/600/FIL_S18E037.tif.aux.xml
🗑️ Deleted .xml file: /p/11211992-tki-mangrove-restoration/01_data/0_Workflow/13_Mask/600/FIL_S13E131.tif.aux.xml
🗑️ Deleted .xml file: /p/11211992-tki-mangrove-restoration/01_data/0_Workflow/13_Mask/600/FIL_S10E046.tif.aux.xml
🗑️ Deleted .xml file: /p/11211992-tki-mangrove-restoration/01_data/0_Workflow/13_Mask/600/FIL_S18E038.tif.aux.xml
🗑️ Deleted .xml file: /p/11211992-tki-mangrove-restoration/01_data/0_Workflow/13_Mask/600/FIL_S10E159.tif.aux.xml
🗑️ Deleted .xml file: /p/11211992-tki-mangrove-restoration/01_data/0_Workflow/13_Mask/600/FIL_N15E040.tif.aux.xml
🗑️ Deleted .xml file: /p/11211992-tki-mangrove-restoration/01_data/0_Workflow/13_Mask/600/FIL_S18E049.tif.aux.xml
🗑️ Deleted .xml file: /p/11211992-tki-mangrove-restoration/01_data/0_Workflow/13_Mask/600/FIL_S25E151.tif.aux.xml
🗑️ Deleted .xml file: /p/11211992-tki-mangrove-restoration/01_data/0_Workflow/13_Mask/600/FIL_N04W009.tif.aux.xml
🗑️ Deleted .xml file: /p/11211992-tki-mangrove-restoration/01_data/0_Workflow/13_Mask/600/FIL_N12W015.tif.aux.xml
🗑️ Deleted .xml file: /p/11211992-tki-mangrove-restoration/01_data/0_Workflow/13_Mask/600/FIL_S21E166.tif.aux.xml
🗑️ Deleted .xml file: /p/11211992-tki-mangrove-restoration/01_data/0_Workflow/13_Mask/600/FIL_S13E043.tif.aux.xml
🗑️ Deleted .xml file: /p/11211992-tki-mangrove-restoration/01_data/0_Workflow/13_Mask/600/FIL_S18E145.tif.aux.xml
🗑️ Deleted .xml file: /p/11211992-tki-mangrove-restoration/01_data/0_Workflow/13_Mask/600/FIL_N17E054.tif.aux.xml
🗑️ Deleted .xml file: /p/11211992-tki-mangrove-restoration/01_data/0_Workflow/13_Mask/600/FIL_S17E177.tif.aux.xml
🗑️ Deleted .xml file: /p/11211992-tki-mangrove-restoration/01_data/0_Workflow/13_Mask/600/FIL_N05W004.tif.aux.xml
🗑️ Deleted .xml file: /p/11211992-tki-mangrove-restoration/01_data/0_Workflow/13_Mask/600/FIL_S17E178.tif.aux.xml
🗑️ Deleted .xml file: /p/11211992-tki-mangrove-restoration/01_data/0_Workflow/13_Mask/600/FIL_N06E004.tif.aux.xml
🗑️ Deleted .xml file: /p/11211992-tki-mangrove-restoration/01_data/0_Workflow/13_Mask/600/FIL_S12E152.tif.aux.xml
🗑️ Deleted .xml file: /p/11211992-tki-mangrove-restoration/01_data/0_Workflow/13_Mask/600/FIL_N32W065.tif.aux.xml
🗑️ Deleted .xml file: /p/11211992-tki-mangrove-restoration/01_data/0_Workflow/13_Mask/600/FIL_N09W086.tif.aux.xml
🗑️ Deleted .xml file: /p/11211992-tki-mangrove-restoration/01_data/0_Workflow/13_Mask/600/FIL_S10E146.tif.aux.xml
🗑️ Deleted .xml file: /p/11211992-tki-mangrove-restoration/01_data/0_Workflow/13_Mask/600/FIL_S12E130.tif.aux.xml
🗑️ Deleted .xml file: /p/11211992-tki-mangrove-restoration/01_data/0_Workflow/13_Mask/600/FIL_N22W081.tif.aux.xml
🗑️ Deleted .xml file: /p/11211992-tki-mangrove-restoration/01_data/0_Workflow/13_Mask/600/FIL_S05W082.tif.aux.xml
🗑️ Deleted .xml file: /p/11211992-tki-mangrove-restoration/01_data/0_Workflow/13_Mask/600/FIL_S33E152.tif.aux.xml
🗑️ Deleted .xml file: /p/11211992-tki-mangrove-restoration/01_data/0_Workflow/13_Mask/600/FIL_S17W151.tif.aux.xml
🗑️ Deleted .xml file: /p/11211992-tki-mangrove-restoration/01_data/0_Workflow/13_Mask/600/FIL_S08E145.tif.aux.xml
🗑️ Deleted .xml file: /p/11211992-tki-mangrove-restoration/01_data/0_Workflow/13_Mask/600/FIL_N02W078.tif.aux.xml
🗑️ Deleted .xml file: /p/11211992-tki-mangrove-restoration/01_data/0_Workflow/13_Mask/600/FIL_N17W072.tif.aux.xml
🗑️ Deleted .xml file: /p/11211992-tki-mangrove-restoration/01_data/0_Workflow/13_Mask/600/FIL_N07E158.tif.aux.xml
🗑️ Deleted .xml file: /p/11211992-tki-mangrove-restoration/01_data/0_Workflow/13_Mask/600/FIL_N24W082.tif.aux.xml
🗑️ Deleted .xml file: /p/11211992-tki-mangrove-restoration/01_data/0_Workflow/13_Mask/600/FIL_S19E177.tif.aux.xml
🗑️ Deleted .xml file: /p/11211992-tki-mangrove-restoration/01_data/0_Workflow/13_Mask/600/FIL_S22E043.tif.aux.xml
🗑️ Deleted .xml file: /p/11211992-tki-mangrove-restoration/01_data/0_Workflow/13_Mask/600/FIL_S35E151.tif.aux.xml
🗑️ Deleted .xml file: /p/11211992-tki-mangrove-restoration/01_data/0_Workflow/13_Mask/600/FIL_S19E178.tif.aux.xml
🗑️ Deleted .xml file: /p/11211992-tki-mangrove-restoration/01_data/0_Workflow/13_Mask/600/FIL_S15E143.tif.aux.xml
🗑️ Deleted .xml file: /p/11211992-tki-mangrove-restoration/01_data/0_Workflow/13_Mask/600/FIL_N09W062.tif.aux.xml
🗑️ Deleted .xml file: /p/11211992-tki-mangrove-restoration/01_data/0_Workflow/13_Mask/600/FIL_S15E040.tif.aux.xml
🗑️ Deleted .xml file: /p/11211992-tki-mangrove-restoration/01_data/0_Workflow/13_Mask/600/FIL_N27E049.tif.aux.xml
🗑️ Deleted .xml file: /p/11211992-tki-mangrove-restoration/01_data/0_Workflow/13_Mask/600/FIL_S10E126.tif.aux.xml
🗑️ Deleted .xml file: /p/11211992-tki-mangrove-restoration/01_data/0_Workflow/13_Mask/600/FIL_S10E047.tif.aux.xml
🗑️ Deleted .xml file: /p/11211992-tki-mangrove-restoration/01_data/0_Workflow/13_Mask/600/FIL_S13E130.tif.aux.xml
🗑️ Deleted .xml file: /p/11211992-tki-mangrove-restoration/01_data/0_Workflow/13_Mask/600/FIL_N29W089.tif.aux.xml
🗑️ Deleted .xml file: /p/11211992-tki-mangrove-restoration/01_data/0_Workflow/13_Mask/600/FIL_S32E152.tif.aux.xml
🗑️ Deleted .xml file: /p/11211992-tki-mangrove-restoration/01_data/0_Workflow/13_Mask/600/FIL_N07W060.tif.aux.xml
🗑️ Deleted .xml file: /p/11211992-tki-mangrove-restoration/01_data/0_Workflow/13_Mask/600/FIL_S21E119.tif.aux.xml
🗑️ Deleted .xml file: /p/11211992-tki-mangrove-restoration/01_data/0_Workflow/13_Mask/600/FIL_S21E116.tif.aux.xml
🗑️ Deleted .xml file: /p/11211992-tki-mangrove-restoration/01_data/0_Workflow/13_Mask/600/FIL_S05E151.tif.aux.xml
🗑️ Deleted .xml file: /p/11211992-tki-mangrove-restoration/01_data/0_Workflow/13_Mask/600/FIL_N09E138.tif.aux.xml
🗑️ Deleted .xml file: /p/11211992-tki-mangrove-restoration/01_data/0_Workflow/13_Mask/600/FIL_S12E043.tif.aux.xml
🗑️ Deleted .xml file: /p/11211992-tki-mangrove-restoration/01_data/0_Workflow/13_Mask/600/FIL_N19W070.tif.aux.xml
🗑️ Deleted .xml file: /p/11211992-tki-mangrove-restoration/01_data/0_Workflow/13_Mask/600/FIL_N14E040.tif.aux.xml
🗑️ Deleted .xml file: /p/11211992-tki-mangrove-restoration/01_data/0_Workflow/13_Mask/600/FIL_S03E152.tif.aux.xml
🗑️ Deleted .xml file: /p/11211992-tki-mangrove-restoration/01_data/0_Workflow/13_Mask/600/FIL_S08E158.tif.aux.xml
🗑️ Deleted .xml file: /p/11211992-tki-mangrove-restoration/01_data/0_Workflow/13_Mask/600/FIL_S08E157.tif.aux.xml
🗑️ Deleted .xml file: /p/11211992-tki-mangrove-restoration/01_data/0_Workflow/13_Mask/600/FIL_S08E039.tif.aux.xml
🗑️ Deleted .xml file: /p/11211992-tki-mangrove-restoration/01_data/0_Workflow/13_Mask/600/FIL_N12E043.tif.aux.xml
🗑️ Deleted .xml file: /p/11211992-tki-mangrove-restoration/01_data/0_Workflow/13_Mask/600/FIL_N24E052.tif.aux.xml
🗑️ Deleted .xml file: /p/11211992-tki-mangrove-restoration/01_data/0_Workflow/13_Mask/600/FIL_N25W082.tif.aux.xml
🗑️ Deleted .xml file: /p/11211992-tki-mangrove-restoration/01_data/0_Workflow/13_Mask/600/FIL_N22W078.tif.aux.xml
🗑️ Deleted .xml file: /p/11211992-tki-mangrove-restoration/01_data/0_Workflow/13_Mask/600/FIL_S11E166.tif.aux.xml
🗑️ Deleted .xml file: /p/11211992-tki-mangrove-restoration/01_data/0_Workflow/13_Mask/600/FIL_S23E043.tif.aux.xml
🗑️ Deleted .xml file: /p/11211992-tki-mangrove-restoration/01_data/0_Workflow/13_Mask/600/FIL_S39E177.tif.aux.xml
🗑️ Deleted .xml file: /p/11211992-tki-mangrove-restoration/01_data/0_Workflow/13_Mask/600/FIL_N25E121.tif.aux.xml
🗑️ Deleted .xml file: /p/11211992-tki-mangrove-restoration/01_data/0_Workflow/13_Mask/600/FIL_N09W014.tif.aux.xml
🗑️ Deleted .xml file: /p/11211992-tki-mangrove-restoration/01_data/0_Workflow/13_Mask/600/FIL_S01W091.tif.aux.xml
🗑️ Deleted .xml file: /p/11211992-tki-mangrove-restoration/01_data/0_Workflow/13_Mask/600/FIL_S02E146.tif.aux.xml
🗑️ Deleted .xml file: /p/11211992-tki-mangrove-restoration/01_data/0_Workflow/13_Mask/600/FIL_S15E135.tif.aux.xml
🗑️ Deleted .xml file: /p/11211992-tki-mangrove-restoration/01_data/0_Workflow/13_Mask/600/FIL_S02E149.tif.aux.xml
🗑️ Deleted .xml file: /p/11211992-tki-mangrove-restoration/01_data/0_Workflow/13_Mask/600/FIL_N09W076.tif.aux.xml
🗑️ Deleted .xml file: /p/11211992-tki-mangrove-restoration/01_data/0_Workflow/13_Mask/600/FIL_S23E149.tif.aux.xml
🗑️ Deleted .xml file: /p/11211992-tki-mangrove-restoration/01_data/0_Workflow/13_Mask/600/FIL_N09W079.tif.aux.xml
🗑️ Deleted .xml file: /p/11211992-tki-mangrove-restoration/01_data/0_Workflow/13_Mask/600/FIL_S27E113.tif.aux.xml
🗑️ Deleted .xml file: /p/11211992-tki-mangrove-restoration/01_data/0_Workflow/13_Mask/600/FIL_N07W082.tif.aux.xml
🗑️ Deleted .xml file: /p/11211992-tki-mangrove-restoration/01_data/0_Workflow/13_Mask/600/FIL_S28E032.tif.aux.xml
🗑️ Deleted .xml file: /p/11211992-tki-mangrove-restoration/01_data/0_Workflow/13_Mask/600/FIL_N25E034.tif.aux.xml
🗑️ Deleted .xml file: /p/11211992-tki-mangrove-restoration/01_data/0_Workflow/13_Mask/600/FIL_N17W066.tif.aux.xml
🗑️ Deleted .xml file: /p/11211992-tki-mangrove-restoration/01_data/0_Workflow/13_Mask/600/FIL_S22E035.tif.aux.xml
🗑️ Deleted .xml file: /p/11211992-tki-mangrove-restoration/01_data/0_Workflow/13_Mask/600/FIL_N24E054.tif.aux.xml
🗑️ Deleted .xml file: /p/11211992-tki-mangrove-restoration/01_data/0_Workflow/13_Mask/600/FIL_S33E027.tif.aux.xml
🗑️ Deleted .xml file: /p/11211992-tki-mangrove-restoration/01_data/0_Workflow/13_Mask/600/FIL_N22E035.tif.aux.xml
🗑️ Deleted .xml file: /p/11211992-tki-mangrove-restoration/01_data/0_Workflow/13_Mask/600/FIL_S15W171.tif.aux.xml
🗑️ Deleted .xml file: /p/11211992-tki-mangrove-restoration/01_data/0_Workflow/13_Mask/600/FIL_N19W076.tif.aux.xml
🗑️ Deleted .xml file: /p/11211992-tki-mangrove-restoration/01_data/0_Workflow/13_Mask/600/FIL_S33E028.tif.aux.xml
🗑️ Deleted .xml file: /p/11211992-tki-mangrove-restoration/01_data/0_Workflow/13_Mask/600/FIL_S30E031.tif.aux.xml
🗑️ Deleted .xml file: /p/11211992-tki-mangrove-restoration/01_data/0_Workflow/13_Mask/600/FIL_S05E039.tif.aux.xml
🗑️ Deleted .xml file: /p/11211992-tki-mangrove-restoration/01_data/0_Workflow/13_Mask/600/FIL_N05W010.tif.aux.xml
🗑️ Deleted .xml file: /p/11211992-tki-mangrove-restoration/01_data/0_Workflow/13_Mask/600/FIL_N15E039.tif.aux.xml
🗑️ Deleted .xml file: /p/11211992-tki-mangrove-restoration/01_data/0_Workflow/13_Mask/600/FIL_S03W172.tif.aux.xml
🗑️ Deleted .xml file: /p/11211992-tki-mangrove-restoration/01_data/0_Workflow/13_Mask/600/FIL_S10E142.tif.aux.xml
🗑️ Deleted .xml file: /p/11211992-tki-mangrove-restoration/01_data/0_Workflow/13_Mask/600/FIL_S23E035.tif.aux.xml
🗑️ Deleted .xml file: /p/11211992-tki-mangrove-restoration/01_data/0_Workflow/13_Mask/600/FIL_S15E145.tif.aux.xml
🗑️ Deleted .xml file: /p/11211992-tki-mangrove-restoration/01_data/0_Workflow/13_Mask/600/FIL_S11E013.tif.aux.xml
🗑️ Deleted .xml file: /p/11211992-tki-mangrove-restoration/01_data/0_Workflow/13_Mask/600/FIL_N25E036.tif.aux.xml
🗑️ Deleted .xml file: /p/11211992-tki-mangrove-restoration/01_data/0_Workflow/13_Mask/600/FIL_S15E128.tif.aux.xml
🗑️ Deleted .xml file: /p/11211992-tki-mangrove-restoration/01_data/0_Workflow/13_Mask/600/FIL_S15E127.tif.aux.xml
🗑️ Deleted .xml file: /p/11211992-tki-mangrove-restoration/01_data/0_Workflow/13_Mask/600/FIL_S22E149.tif.aux.xml
🗑️ Deleted .xml file: /p/11211992-tki-mangrove-restoration/01_data/0_Workflow/13_Mask/600/FIL_S26E113.tif.aux.xml
🗑️ Deleted .xml file: /p/11211992-tki-mangrove-restoration/01_data/0_Workflow/13_Mask/600/FIL_S08E143.tif.aux.xml
🗑️ Deleted .xml file: /p/11211992-tki-mangrove-restoration/01_data/0_Workflow/13_Mask/600/FIL_N23E067.tif.aux.xml
🗑️ Deleted .xml file: /p/11211992-tki-mangrove-restoration/01_data/0_Workflow/13_Mask/600/FIL_N07E151.tif.aux.xml
🗑️ Deleted .xml file: /p/11211992-tki-mangrove-restoration/01_data/0_Workflow/13_Mask/600/FIL_S03E146.tif.aux.xml
🗑️ Deleted .xml file: /p/11211992-tki-mangrove-restoration/01_data/0_Workflow/13_Mask/600/FIL_N09W080.tif.aux.xml
🗑️ Deleted .xml file: /p/11211992-tki-mangrove-restoration/01_data/0_Workflow/13_Mask/600/FIL_S12E154.tif.aux.xml
🗑️ Deleted .xml file: /p/11211992-tki-mangrove-restoration/01_data/0_Workflow/13_Mask/600/FIL_N04W010.tif.aux.xml
🗑️ Deleted .xml file: /p/11211992-tki-mangrove-restoration/01_data/0_Workflow/13_Mask/600/FIL_S12E136.tif.aux.xml
🗑️ Deleted .xml file: /p/11211992-tki-mangrove-restoration/01_data/0_Workflow/13_Mask/600/FIL_S05E145.tif.aux.xml
🗑️ Deleted .xml file: /p/11211992-tki-mangrove-restoration/01_data/0_Workflow/13_Mask/600/FIL_S10E150.tif.aux.xml
🗑️ Deleted .xml file: /p/11211992-tki-mangrove-restoration/01_data/0_Workflow/13_Mask/600/FIL_N12W071.tif.aux.xml
🗑️ Deleted .xml file: /p/11211992-tki-mangrove-restoration/01_data/0_Workflow/13_Mask/600/FIL_N05W002.tif.aux.xml
🗑️ Deleted .xml file: /p/11211992-tki-mangrove-restoration/01_data/0_Workflow/13_Mask/600/FIL_N06E002.tif.aux.xml
🗑️ Deleted .xml file: /p/11211992-tki-mangrove-restoration/01_data/0_Workflow/13_Mask/600/FIL_N29W092.tif.aux.xml
🗑️ Deleted .xml file: /p/11211992-tki-mangrove-restoration/01_data/0_Workflow/13_Mask/600/FIL_S13E045.tif.aux.xml
🗑️ Deleted .xml file: /p/11211992-tki-mangrove-restoration/01_data/0_Workflow/13_Mask/600/FIL_S22W160.tif.aux.xml
>>> Processing time: 11_process_no_valid_areas.py: 771.98 seconds



>>> Initializing QGIS
QGIS initialized successfully.
Processing native algorithms initialized successfully.

>>> Processing tile: S01E042
📐 Raster calculator expression:
if("NVA_S01E042@1" = 0, ("PON_S01E042@1" * 100 + "ACC_S01E042@1" * 100 + "HIS_S01E042@1" * 100 + "PRM_S01E042@1" * 100 + max("PRR_S01E042@1", "PRC_S01E042@1") * 100 + "SUB_S01E042@1" * 100) / 600, 0)
✔ Saved: /p/11211992-tki-mangrove-restoration/01_data/0_Workflow/14_Mangrove_potential/600/MPM_S01E042.tif
🗑️ Deleted temporal file: /p/11211992-tki-mangrove-restoration/01_data/0_Workflow/14_Mangrove_potential/600/BIN_S01E042.tif
🗑️ Deleted temporal file: /p/11211992-tki-mangrove-restoration/01_data/0_Workflow/14_Mangrove_potential/600/FIL_S01E042.tif

>>> Processing tile: S32E152
📐 Raster calculator expression:
if("NVA_S32E152@1" = 0, ("PON_S32E152@1" * 100 + "ACC_S32E152@1" * 100 + "HIS_S32E152@1" * 100 + "PRM_S32E152@1" * 100 + max("PRR_S32E152@1", "PRC_S32E152@1") * 100 + "SUB_S32E152@1" * 100) / 600, 0)
✔ Saved: /p/11211992-tki-mangrove-restoration/01_data/0_Workflow/14_Mangrove_potential/600/MPM_S32E152.tif
🗑️ Deleted temporal file: /p/11211992-tki-mangrove-restoration/01_data/0_Workflow/14_Mangrove_potential/600/BIN_S32E152.tif
🗑️ Deleted temporal file: /p/11211992-tki-mangrove-restoration/01_data/0_Workflow/14_Mangrove_potential/600/FIL_S32E152.tif

>>> Processing tile: S33E137
📐 Raster calculator expression:
if("NVA_S33E137@1" = 0, ("PON_S33E137@1" * 100 + "ACC_S33E137@1" * 100 + "HIS_S33E137@1" * 100 + "PRM_S33E137@1" * 100 + max("PRR_S33E137@1", "PRC_S33E137@1") * 100 + "SUB_S33E137@1" * 100) / 600, 0)
✔ Saved: /p/11211992-tki-mangrove-restoration/01_data/0_Workflow/14_Mangrove_potential/600/MPM_S33E137.tif
🗑️ Deleted temporal file: /p/11211992-tki-mangrove-restoration/01_data/0_Workflow/14_Mangrove_potential/600/BIN_S33E137.tif
🗑️ Deleted temporal file: /p/11211992-tki-mangrove-restoration/01_data/0_Workflow/14_Mangrove_potential/600/FIL_S33E137.tif

>>> Processing tile: N29W092
📐 Raster calculator expression:
if("NVA_N29W092@1" = 0, ("PON_N29W092@1" * 100 + "ACC_N29W092@1" * 100 + "HIS_N29W092@1" * 100 + "PRM_N29W092@1" * 100 + max("PRR_N29W092@1", "PRC_N29W092@1") * 100 + "SUB_N29W092@1" * 100) / 600, 0)
✔ Saved: /p/11211992-tki-mangrove-restoration/01_data/0_Workflow/14_Mangrove_potential/600/MPM_N29W092.tif
🗑️ Deleted temporal file: /p/11211992-tki-mangrove-restoration/01_data/0_Workflow/14_Mangrove_potential/600/BIN_N29W092.tif
🗑️ Deleted temporal file: /p/11211992-tki-mangrove-restoration/01_data/0_Workflow/14_Mangrove_potential/600/FIL_N29W092.tif

>>> Processing tile: S05E145
📐 Raster calculator expression:
if("NVA_S05E145@1" = 0, ("PON_S05E145@1" * 100 + "ACC_S05E145@1" * 100 + "HIS_S05E145@1" * 100 + "PRM_S05E145@1" * 100 + max("PRR_S05E145@1", "PRC_S05E145@1") * 100 + "SUB_S05E145@1" * 100) / 600, 0)
✔ Saved: /p/11211992-tki-mangrove-restoration/01_data/0_Workflow/14_Mangrove_potential/600/MPM_S05E145.tif
🗑️ Deleted temporal file: /p/11211992-tki-mangrove-restoration/01_data/0_Workflow/14_Mangrove_potential/600/BIN_S05E145.tif
🗑️ Deleted temporal file: /p/11211992-tki-mangrove-restoration/01_data/0_Workflow/14_Mangrove_potential/600/FIL_S05E145.tif

>>> Processing tile: N07W060
📐 Raster calculator expression:
if("NVA_N07W060@1" = 0, ("PON_N07W060@1" * 100 + "ACC_N07W060@1" * 100 + "HIS_N07W060@1" * 100 + "PRM_N07W060@1" * 100 + max("PRR_N07W060@1", "PRC_N07W060@1") * 100 + "SUB_N07W060@1" * 100) / 600, 0)
✔ Saved: /p/11211992-tki-mangrove-restoration/01_data/0_Workflow/14_Mangrove_potential/600/MPM_N07W060.tif
🗑️ Deleted temporal file: /p/11211992-tki-mangrove-restoration/01_data/0_Workflow/14_Mangrove_potential/600/BIN_N07W060.tif
🗑️ Deleted temporal file: /p/11211992-tki-mangrove-restoration/01_data/0_Workflow/14_Mangrove_potential/600/FIL_N07W060.tif

>>> Processing tile: S01W092
📐 Raster calculator expression:
if("NVA_S01W092@1" = 0, ("PON_S01W092@1" * 100 + "ACC_S01W092@1" * 100 + "HIS_S01W092@1" * 100 + "PRM_S01W092@1" * 100 + max("PRR_S01W092@1", "PRC_S01W092@1") * 100 + "SUB_S01W092@1" * 100) / 600, 0)
✔ Saved: /p/11211992-tki-mangrove-restoration/01_data/0_Workflow/14_Mangrove_potential/600/MPM_S01W092.tif
🗑️ Deleted temporal file: /p/11211992-tki-mangrove-restoration/01_data/0_Workflow/14_Mangrove_potential/600/BIN_S01W092.tif
🗑️ Deleted temporal file: /p/11211992-tki-mangrove-restoration/01_data/0_Workflow/14_Mangrove_potential/600/FIL_S01W092.tif

>>> Processing tile: S02E149
📐 Raster calculator expression:
if("NVA_S02E149@1" = 0, ("PON_S02E149@1" * 100 + "ACC_S02E149@1" * 100 + "HIS_S02E149@1" * 100 + "PRM_S02E149@1" * 100 + max("PRR_S02E149@1", "PRC_S02E149@1") * 100 + "SUB_S02E149@1" * 100) / 600, 0)
✔ Saved: /p/11211992-tki-mangrove-restoration/01_data/0_Workflow/14_Mangrove_potential/600/MPM_S02E149.tif
🗑️ Deleted temporal file: /p/11211992-tki-mangrove-restoration/01_data/0_Workflow/14_Mangrove_potential/600/BIN_S02E149.tif
🗑️ Deleted temporal file: /p/11211992-tki-mangrove-restoration/01_data/0_Workflow/14_Mangrove_potential/600/FIL_S02E149.tif

>>> Processing tile: S05E144
📐 Raster calculator expression:
if("NVA_S05E144@1" = 0, ("PON_S05E144@1" * 100 + "ACC_S05E144@1" * 100 + "HIS_S05E144@1" * 100 + "PRM_S05E144@1" * 100 + max("PRR_S05E144@1", "PRC_S05E144@1") * 100 + "SUB_S05E144@1" * 100) / 600, 0)
✔ Saved: /p/11211992-tki-mangrove-restoration/01_data/0_Workflow/14_Mangrove_potential/600/MPM_S05E144.tif
🗑️ Deleted temporal file: /p/11211992-tki-mangrove-restoration/01_data/0_Workflow/14_Mangrove_potential/600/BIN_S05E144.tif
🗑️ Deleted temporal file: /p/11211992-tki-mangrove-restoration/01_data/0_Workflow/14_Mangrove_potential/600/FIL_S05E144.tif

>>> Processing tile: S05W082
📐 Raster calculator expression:
if("NVA_S05W082@1" = 0, ("PON_S05W082@1" * 100 + "ACC_S05W082@1" * 100 + "HIS_S05W082@1" * 100 + "PRM_S05W082@1" * 100 + max("PRR_S05W082@1", "PRC_S05W082@1") * 100 + "SUB_S05W082@1" * 100) / 600, 0)
✔ Saved: /p/11211992-tki-mangrove-restoration/01_data/0_Workflow/14_Mangrove_potential/600/MPM_S05W082.tif
🗑️ Deleted temporal file: /p/11211992-tki-mangrove-restoration/01_data/0_Workflow/14_Mangrove_potential/600/BIN_S05W082.tif
🗑️ Deleted temporal file: /p/11211992-tki-mangrove-restoration/01_data/0_Workflow/14_Mangrove_potential/600/FIL_S05W082.tif

>>> Processing tile: N09W076
📐 Raster calculator expression:
if("NVA_N09W076@1" = 0, ("PON_N09W076@1" * 100 + "ACC_N09W076@1" * 100 + "HIS_N09W076@1" * 100 + "PRM_N09W076@1" * 100 + max("PRR_N09W076@1", "PRC_N09W076@1") * 100 + "SUB_N09W076@1" * 100) / 600, 0)
✔ Saved: /p/11211992-tki-mangrove-restoration/01_data/0_Workflow/14_Mangrove_potential/600/MPM_N09W076.tif
🗑️ Deleted temporal file: /p/11211992-tki-mangrove-restoration/01_data/0_Workflow/14_Mangrove_potential/600/BIN_N09W076.tif
🗑️ Deleted temporal file: /p/11211992-tki-mangrove-restoration/01_data/0_Workflow/14_Mangrove_potential/600/FIL_N09W076.tif

>>> Processing tile: N12W071
📐 Raster calculator expression:
if("NVA_N12W071@1" = 0, ("PON_N12W071@1" * 100 + "ACC_N12W071@1" * 100 + "HIS_N12W071@1" * 100 + "PRM_N12W071@1" * 100 + max("PRR_N12W071@1", "PRC_N12W071@1") * 100 + "SUB_N12W071@1" * 100) / 600, 0)
✔ Saved: /p/11211992-tki-mangrove-restoration/01_data/0_Workflow/14_Mangrove_potential/600/MPM_N12W071.tif
🗑️ Deleted temporal file: /p/11211992-tki-mangrove-restoration/01_data/0_Workflow/14_Mangrove_potential/600/BIN_N12W071.tif
🗑️ Deleted temporal file: /p/11211992-tki-mangrove-restoration/01_data/0_Workflow/14_Mangrove_potential/600/FIL_N12W071.tif

>>> Processing tile: N17E038
📐 Raster calculator expression:
if("NVA_N17E038@1" = 0, ("PON_N17E038@1" * 100 + "ACC_N17E038@1" * 100 + "HIS_N17E038@1" * 100 + "PRM_N17E038@1" * 100 + max("PRR_N17E038@1", "PRC_N17E038@1") * 100 + "SUB_N17E038@1" * 100) / 600, 0)
✔ Saved: /p/11211992-tki-mangrove-restoration/01_data/0_Workflow/14_Mangrove_potential/600/MPM_N17E038.tif
🗑️ Deleted temporal file: /p/11211992-tki-mangrove-restoration/01_data/0_Workflow/14_Mangrove_potential/600/BIN_N17E038.tif
🗑️ Deleted temporal file: /p/11211992-tki-mangrove-restoration/01_data/0_Workflow/14_Mangrove_potential/600/FIL_N17E038.tif

>>> Processing tile: S15E040
📐 Raster calculator expression:
if("NVA_S15E040@1" = 0, ("PON_S15E040@1" * 100 + "ACC_S15E040@1" * 100 + "HIS_S15E040@1" * 100 + "PRM_S15E040@1" * 100 + max("PRR_S15E040@1", "PRC_S15E040@1") * 100 + "SUB_S15E040@1" * 100) / 600, 0)
✔ Saved: /p/11211992-tki-mangrove-restoration/01_data/0_Workflow/14_Mangrove_potential/600/MPM_S15E040.tif
🗑️ Deleted temporal file: /p/11211992-tki-mangrove-restoration/01_data/0_Workflow/14_Mangrove_potential/600/BIN_S15E040.tif
🗑️ Deleted temporal file: /p/11211992-tki-mangrove-restoration/01_data/0_Workflow/14_Mangrove_potential/600/FIL_S15E040.tif

>>> Processing tile: N27E055
📐 Raster calculator expression:
if("NVA_N27E055@1" = 0, ("PON_N27E055@1" * 100 + "ACC_N27E055@1" * 100 + "HIS_N27E055@1" * 100 + "PRM_N27E055@1" * 100 + max("PRR_N27E055@1", "PRC_N27E055@1") * 100 + "SUB_N27E055@1" * 100) / 600, 0)
✔ Saved: /p/11211992-tki-mangrove-restoration/01_data/0_Workflow/14_Mangrove_potential/600/MPM_N27E055.tif
🗑️ Deleted temporal file: /p/11211992-tki-mangrove-restoration/01_data/0_Workflow/14_Mangrove_potential/600/BIN_N27E055.tif
🗑️ Deleted temporal file: /p/11211992-tki-mangrove-restoration/01_data/0_Workflow/14_Mangrove_potential/600/FIL_N27E055.tif

>>> Processing tile: N09W077
📐 Raster calculator expression:
if("NVA_N09W077@1" = 0, ("PON_N09W077@1" * 100 + "ACC_N09W077@1" * 100 + "HIS_N09W077@1" * 100 + "PRM_N09W077@1" * 100 + max("PRR_N09W077@1", "PRC_N09W077@1") * 100 + "SUB_N09W077@1" * 100) / 600, 0)
✔ Saved: /p/11211992-tki-mangrove-restoration/01_data/0_Workflow/14_Mangrove_potential/600/MPM_N09W077.tif
🗑️ Deleted temporal file: /p/11211992-tki-mangrove-restoration/01_data/0_Workflow/14_Mangrove_potential/600/BIN_N09W077.tif
🗑️ Deleted temporal file: /p/11211992-tki-mangrove-restoration/01_data/0_Workflow/14_Mangrove_potential/600/FIL_N09W077.tif

>>> Processing tile: N14W018
📐 Raster calculator expression:
if("NVA_N14W018@1" = 0, ("PON_N14W018@1" * 100 + "ACC_N14W018@1" * 100 + "HIS_N14W018@1" * 100 + "PRM_N14W018@1" * 100 + max("PRR_N14W018@1", "PRC_N14W018@1") * 100 + "SUB_N14W018@1" * 100) / 600, 0)
✔ Saved: /p/11211992-tki-mangrove-restoration/01_data/0_Workflow/14_Mangrove_potential/600/MPM_N14W018.tif
🗑️ Deleted temporal file: /p/11211992-tki-mangrove-restoration/01_data/0_Workflow/14_Mangrove_potential/600/BIN_N14W018.tif
🗑️ Deleted temporal file: /p/11211992-tki-mangrove-restoration/01_data/0_Workflow/14_Mangrove_potential/600/FIL_N14W018.tif

>>> Processing tile: N17W072
📐 Raster calculator expression:
if("NVA_N17W072@1" = 0, ("PON_N17W072@1" * 100 + "ACC_N17W072@1" * 100 + "HIS_N17W072@1" * 100 + "PRM_N17W072@1" * 100 + max("PRR_N17W072@1", "PRC_N17W072@1") * 100 + "SUB_N17W072@1" * 100) / 600, 0)
✔ Saved: /p/11211992-tki-mangrove-restoration/01_data/0_Workflow/14_Mangrove_potential/600/MPM_N17W072.tif
🗑️ Deleted temporal file: /p/11211992-tki-mangrove-restoration/01_data/0_Workflow/14_Mangrove_potential/600/BIN_N17W072.tif
🗑️ Deleted temporal file: /p/11211992-tki-mangrove-restoration/01_data/0_Workflow/14_Mangrove_potential/600/FIL_N17W072.tif

>>> Processing tile: N15E040
📐 Raster calculator expression:
if("NVA_N15E040@1" = 0, ("PON_N15E040@1" * 100 + "ACC_N15E040@1" * 100 + "HIS_N15E040@1" * 100 + "PRM_N15E040@1" * 100 + max("PRR_N15E040@1", "PRC_N15E040@1") * 100 + "SUB_N15E040@1" * 100) / 600, 0)
✔ Saved: /p/11211992-tki-mangrove-restoration/01_data/0_Workflow/14_Mangrove_potential/600/MPM_N15E040.tif
🗑️ Deleted temporal file: /p/11211992-tki-mangrove-restoration/01_data/0_Workflow/14_Mangrove_potential/600/BIN_N15E040.tif
🗑️ Deleted temporal file: /p/11211992-tki-mangrove-restoration/01_data/0_Workflow/14_Mangrove_potential/600/FIL_N15E040.tif

>>> Processing tile: N04W009
📐 Raster calculator expression:
if("NVA_N04W009@1" = 0, ("PON_N04W009@1" * 100 + "ACC_N04W009@1" * 100 + "HIS_N04W009@1" * 100 + "PRM_N04W009@1" * 100 + max("PRR_N04W009@1", "PRC_N04W009@1") * 100 + "SUB_N04W009@1" * 100) / 600, 0)
✔ Saved: /p/11211992-tki-mangrove-restoration/01_data/0_Workflow/14_Mangrove_potential/600/MPM_N04W009.tif
🗑️ Deleted temporal file: /p/11211992-tki-mangrove-restoration/01_data/0_Workflow/14_Mangrove_potential/600/BIN_N04W009.tif
🗑️ Deleted temporal file: /p/11211992-tki-mangrove-restoration/01_data/0_Workflow/14_Mangrove_potential/600/FIL_N04W009.tif

>>> Processing tile: N12W070
📐 Raster calculator expression:
if("NVA_N12W070@1" = 0, ("PON_N12W070@1" * 100 + "ACC_N12W070@1" * 100 + "HIS_N12W070@1" * 100 + "PRM_N12W070@1" * 100 + max("PRR_N12W070@1", "PRC_N12W070@1") * 100 + "SUB_N12W070@1" * 100) / 600, 0)
✔ Saved: /p/11211992-tki-mangrove-restoration/01_data/0_Workflow/14_Mangrove_potential/600/MPM_N12W070.tif
🗑️ Deleted temporal file: /p/11211992-tki-mangrove-restoration/01_data/0_Workflow/14_Mangrove_potential/600/BIN_N12W070.tif
🗑️ Deleted temporal file: /p/11211992-tki-mangrove-restoration/01_data/0_Workflow/14_Mangrove_potential/600/FIL_N12W070.tif

>>> Processing tile: S18E049
📐 Raster calculator expression:
if("NVA_S18E049@1" = 0, ("PON_S18E049@1" * 100 + "ACC_S18E049@1" * 100 + "HIS_S18E049@1" * 100 + "PRM_S18E049@1" * 100 + max("PRR_S18E049@1", "PRC_S18E049@1") * 100 + "SUB_S18E049@1" * 100) / 600, 0)
✔ Saved: /p/11211992-tki-mangrove-restoration/01_data/0_Workflow/14_Mangrove_potential/600/MPM_S18E049.tif
🗑️ Deleted temporal file: /p/11211992-tki-mangrove-restoration/01_data/0_Workflow/14_Mangrove_potential/600/BIN_S18E049.tif
🗑️ Deleted temporal file: /p/11211992-tki-mangrove-restoration/01_data/0_Workflow/14_Mangrove_potential/600/FIL_S18E049.tif

>>> Processing tile: S01W091
📐 Raster calculator expression:
if("NVA_S01W091@1" = 0, ("PON_S01W091@1" * 100 + "ACC_S01W091@1" * 100 + "HIS_S01W091@1" * 100 + "PRM_S01W091@1" * 100 + max("PRR_S01W091@1", "PRC_S01W091@1") * 100 + "SUB_S01W091@1" * 100) / 600, 0)
✔ Saved: /p/11211992-tki-mangrove-restoration/01_data/0_Workflow/14_Mangrove_potential/600/MPM_S01W091.tif
🗑️ Deleted temporal file: /p/11211992-tki-mangrove-restoration/01_data/0_Workflow/14_Mangrove_potential/600/BIN_S01W091.tif
🗑️ Deleted temporal file: /p/11211992-tki-mangrove-restoration/01_data/0_Workflow/14_Mangrove_potential/600/FIL_S01W091.tif

>>> Processing tile: S15E126
📐 Raster calculator expression:
if("NVA_S15E126@1" = 0, ("PON_S15E126@1" * 100 + "ACC_S15E126@1" * 100 + "HIS_S15E126@1" * 100 + "PRM_S15E126@1" * 100 + max("PRR_S15E126@1", "PRC_S15E126@1") * 100 + "SUB_S15E126@1" * 100) / 600, 0)
✔ Saved: /p/11211992-tki-mangrove-restoration/01_data/0_Workflow/14_Mangrove_potential/600/MPM_S15E126.tif
🗑️ Deleted temporal file: /p/11211992-tki-mangrove-restoration/01_data/0_Workflow/14_Mangrove_potential/600/BIN_S15E126.tif
🗑️ Deleted temporal file: /p/11211992-tki-mangrove-restoration/01_data/0_Workflow/14_Mangrove_potential/600/FIL_S15E126.tif

>>> Processing tile: S17E177
📐 Raster calculator expression:
if("NVA_S17E177@1" = 0, ("PON_S17E177@1" * 100 + "ACC_S17E177@1" * 100 + "HIS_S17E177@1" * 100 + "PRM_S17E177@1" * 100 + max("PRR_S17E177@1", "PRC_S17E177@1") * 100 + "SUB_S17E177@1" * 100) / 600, 0)
✔ Saved: /p/11211992-tki-mangrove-restoration/01_data/0_Workflow/14_Mangrove_potential/600/MPM_S17E177.tif
🗑️ Deleted temporal file: /p/11211992-tki-mangrove-restoration/01_data/0_Workflow/14_Mangrove_potential/600/BIN_S17E177.tif
🗑️ Deleted temporal file: /p/11211992-tki-mangrove-restoration/01_data/0_Workflow/14_Mangrove_potential/600/FIL_S17E177.tif

>>> Processing tile: N22W080
📐 Raster calculator expression:
if("NVA_N22W080@1" = 0, ("PON_N22W080@1" * 100 + "ACC_N22W080@1" * 100 + "HIS_N22W080@1" * 100 + "PRM_N22W080@1" * 100 + max("PRR_N22W080@1", "PRC_N22W080@1") * 100 + "SUB_N22W080@1" * 100) / 600, 0)
✔ Saved: /p/11211992-tki-mangrove-restoration/01_data/0_Workflow/14_Mangrove_potential/600/MPM_N22W080.tif
🗑️ Deleted temporal file: /p/11211992-tki-mangrove-restoration/01_data/0_Workflow/14_Mangrove_potential/600/BIN_N22W080.tif
🗑️ Deleted temporal file: /p/11211992-tki-mangrove-restoration/01_data/0_Workflow/14_Mangrove_potential/600/FIL_N22W080.tif

>>> Processing tile: S18E038
📐 Raster calculator expression:
if("NVA_S18E038@1" = 0, ("PON_S18E038@1" * 100 + "ACC_S18E038@1" * 100 + "HIS_S18E038@1" * 100 + "PRM_S18E038@1" * 100 + max("PRR_S18E038@1", "PRC_S18E038@1") * 100 + "SUB_S18E038@1" * 100) / 600, 0)
✔ Saved: /p/11211992-tki-mangrove-restoration/01_data/0_Workflow/14_Mangrove_potential/600/MPM_S18E038.tif
🗑️ Deleted temporal file: /p/11211992-tki-mangrove-restoration/01_data/0_Workflow/14_Mangrove_potential/600/BIN_S18E038.tif
🗑️ Deleted temporal file: /p/11211992-tki-mangrove-restoration/01_data/0_Workflow/14_Mangrove_potential/600/FIL_S18E038.tif

>>> Processing tile: N24E038
📐 Raster calculator expression:
if("NVA_N24E038@1" = 0, ("PON_N24E038@1" * 100 + "ACC_N24E038@1" * 100 + "HIS_N24E038@1" * 100 + "PRM_N24E038@1" * 100 + max("PRR_N24E038@1", "PRC_N24E038@1") * 100 + "SUB_N24E038@1" * 100) / 600, 0)
✔ Saved: /p/11211992-tki-mangrove-restoration/01_data/0_Workflow/14_Mangrove_potential/600/MPM_N24E038.tif
🗑️ Deleted temporal file: /p/11211992-tki-mangrove-restoration/01_data/0_Workflow/14_Mangrove_potential/600/BIN_N24E038.tif
🗑️ Deleted temporal file: /p/11211992-tki-mangrove-restoration/01_data/0_Workflow/14_Mangrove_potential/600/FIL_N24E038.tif

>>> Processing tile: S23E043
📐 Raster calculator expression:
if("NVA_S23E043@1" = 0, ("PON_S23E043@1" * 100 + "ACC_S23E043@1" * 100 + "HIS_S23E043@1" * 100 + "PRM_S23E043@1" * 100 + max("PRR_S23E043@1", "PRC_S23E043@1") * 100 + "SUB_S23E043@1" * 100) / 600, 0)
✔ Saved: /p/11211992-tki-mangrove-restoration/01_data/0_Workflow/14_Mangrove_potential/600/MPM_S23E043.tif
🗑️ Deleted temporal file: /p/11211992-tki-mangrove-restoration/01_data/0_Workflow/14_Mangrove_potential/600/BIN_S23E043.tif
🗑️ Deleted temporal file: /p/11211992-tki-mangrove-restoration/01_data/0_Workflow/14_Mangrove_potential/600/FIL_S23E043.tif

>>> Processing tile: S15E127
📐 Raster calculator expression:
if("NVA_S15E127@1" = 0, ("PON_S15E127@1" * 100 + "ACC_S15E127@1" * 100 + "HIS_S15E127@1" * 100 + "PRM_S15E127@1" * 100 + max("PRR_S15E127@1", "PRC_S15E127@1") * 100 + "SUB_S15E127@1" * 100) / 600, 0)
✔ Saved: /p/11211992-tki-mangrove-restoration/01_data/0_Workflow/14_Mangrove_potential/600/MPM_S15E127.tif
🗑️ Deleted temporal file: /p/11211992-tki-mangrove-restoration/01_data/0_Workflow/14_Mangrove_potential/600/BIN_S15E127.tif
🗑️ Deleted temporal file: /p/11211992-tki-mangrove-restoration/01_data/0_Workflow/14_Mangrove_potential/600/FIL_S15E127.tif

>>> Processing tile: N27W083
📐 Raster calculator expression:
if("NVA_N27W083@1" = 0, ("PON_N27W083@1" * 100 + "ACC_N27W083@1" * 100 + "HIS_N27W083@1" * 100 + "PRM_N27W083@1" * 100 + max("PRR_N27W083@1", "PRC_N27W083@1") * 100 + "SUB_N27W083@1" * 100) / 600, 0)
✔ Saved: /p/11211992-tki-mangrove-restoration/01_data/0_Workflow/14_Mangrove_potential/600/MPM_N27W083.tif
🗑️ Deleted temporal file: /p/11211992-tki-mangrove-restoration/01_data/0_Workflow/14_Mangrove_potential/600/BIN_N27W083.tif
🗑️ Deleted temporal file: /p/11211992-tki-mangrove-restoration/01_data/0_Workflow/14_Mangrove_potential/600/FIL_N27W083.tif

>>> Processing tile: S15E047
📐 Raster calculator expression:
if("NVA_S15E047@1" = 0, ("PON_S15E047@1" * 100 + "ACC_S15E047@1" * 100 + "HIS_S15E047@1" * 100 + "PRM_S15E047@1" * 100 + max("PRR_S15E047@1", "PRC_S15E047@1") * 100 + "SUB_S15E047@1" * 100) / 600, 0)
✔ Saved: /p/11211992-tki-mangrove-restoration/01_data/0_Workflow/14_Mangrove_potential/600/MPM_S15E047.tif
🗑️ Deleted temporal file: /p/11211992-tki-mangrove-restoration/01_data/0_Workflow/14_Mangrove_potential/600/BIN_S15E047.tif
🗑️ Deleted temporal file: /p/11211992-tki-mangrove-restoration/01_data/0_Workflow/14_Mangrove_potential/600/FIL_S15E047.tif

>>> Processing tile: N22W081
📐 Raster calculator expression:
if("NVA_N22W081@1" = 0, ("PON_N22W081@1" * 100 + "ACC_N22W081@1" * 100 + "HIS_N22W081@1" * 100 + "PRM_N22W081@1" * 100 + max("PRR_N22W081@1", "PRC_N22W081@1") * 100 + "SUB_N22W081@1" * 100) / 600, 0)
✔ Saved: /p/11211992-tki-mangrove-restoration/01_data/0_Workflow/14_Mangrove_potential/600/MPM_N22W081.tif
🗑️ Deleted temporal file: /p/11211992-tki-mangrove-restoration/01_data/0_Workflow/14_Mangrove_potential/600/BIN_N22W081.tif
🗑️ Deleted temporal file: /p/11211992-tki-mangrove-restoration/01_data/0_Workflow/14_Mangrove_potential/600/FIL_N22W081.tif

>>> Processing tile: N11E092
📐 Raster calculator expression:
if("NVA_N11E092@1" = 0, ("PON_N11E092@1" * 100 + "ACC_N11E092@1" * 100 + "HIS_N11E092@1" * 100 + "PRM_N11E092@1" * 100 + max("PRR_N11E092@1", "PRC_N11E092@1") * 100 + "SUB_N11E092@1" * 100) / 600, 0)
✔ Saved: /p/11211992-tki-mangrove-restoration/01_data/0_Workflow/14_Mangrove_potential/600/MPM_N11E092.tif
🗑️ Deleted temporal file: /p/11211992-tki-mangrove-restoration/01_data/0_Workflow/14_Mangrove_potential/600/BIN_N11E092.tif
🗑️ Deleted temporal file: /p/11211992-tki-mangrove-restoration/01_data/0_Workflow/14_Mangrove_potential/600/FIL_N11E092.tif

>>> Processing tile: S23E035
📐 Raster calculator expression:
if("NVA_S23E035@1" = 0, ("PON_S23E035@1" * 100 + "ACC_S23E035@1" * 100 + "HIS_S23E035@1" * 100 + "PRM_S23E035@1" * 100 + max("PRR_S23E035@1", "PRC_S23E035@1") * 100 + "SUB_S23E035@1" * 100) / 600, 0)
✔ Saved: /p/11211992-tki-mangrove-restoration/01_data/0_Workflow/14_Mangrove_potential/600/MPM_S23E035.tif
🗑️ Deleted temporal file: /p/11211992-tki-mangrove-restoration/01_data/0_Workflow/14_Mangrove_potential/600/BIN_S23E035.tif
🗑️ Deleted temporal file: /p/11211992-tki-mangrove-restoration/01_data/0_Workflow/14_Mangrove_potential/600/FIL_S23E035.tif

>>> Processing tile: S33E027
📐 Raster calculator expression:
if("NVA_S33E027@1" = 0, ("PON_S33E027@1" * 100 + "ACC_S33E027@1" * 100 + "HIS_S33E027@1" * 100 + "PRM_S33E027@1" * 100 + max("PRR_S33E027@1", "PRC_S33E027@1") * 100 + "SUB_S33E027@1" * 100) / 600, 0)
✔ Saved: /p/11211992-tki-mangrove-restoration/01_data/0_Workflow/14_Mangrove_potential/600/MPM_S33E027.tif
🗑️ Deleted temporal file: /p/11211992-tki-mangrove-restoration/01_data/0_Workflow/14_Mangrove_potential/600/BIN_S33E027.tif
🗑️ Deleted temporal file: /p/11211992-tki-mangrove-restoration/01_data/0_Workflow/14_Mangrove_potential/600/FIL_S33E027.tif

>>> Processing tile: S10E150
📐 Raster calculator expression:
if("NVA_S10E150@1" = 0, ("PON_S10E150@1" * 100 + "ACC_S10E150@1" * 100 + "HIS_S10E150@1" * 100 + "PRM_S10E150@1" * 100 + max("PRR_S10E150@1", "PRC_S10E150@1") * 100 + "SUB_S10E150@1" * 100) / 600, 0)
✔ Saved: /p/11211992-tki-mangrove-restoration/01_data/0_Workflow/14_Mangrove_potential/600/MPM_S10E150.tif
🗑️ Deleted temporal file: /p/11211992-tki-mangrove-restoration/01_data/0_Workflow/14_Mangrove_potential/600/BIN_S10E150.tif
🗑️ Deleted temporal file: /p/11211992-tki-mangrove-restoration/01_data/0_Workflow/14_Mangrove_potential/600/FIL_S10E150.tif

>>> Processing tile: S10E126
📐 Raster calculator expression:
if("NVA_S10E126@1" = 0, ("PON_S10E126@1" * 100 + "ACC_S10E126@1" * 100 + "HIS_S10E126@1" * 100 + "PRM_S10E126@1" * 100 + max("PRR_S10E126@1", "PRC_S10E126@1") * 100 + "SUB_S10E126@1" * 100) / 600, 0)
✔ Saved: /p/11211992-tki-mangrove-restoration/01_data/0_Workflow/14_Mangrove_potential/600/MPM_S10E126.tif
🗑️ Deleted temporal file: /p/11211992-tki-mangrove-restoration/01_data/0_Workflow/14_Mangrove_potential/600/BIN_S10E126.tif
🗑️ Deleted temporal file: /p/11211992-tki-mangrove-restoration/01_data/0_Workflow/14_Mangrove_potential/600/FIL_S10E126.tif

>>> Processing tile: S05E055
📐 Raster calculator expression:
if("NVA_S05E055@1" = 0, ("PON_S05E055@1" * 100 + "ACC_S05E055@1" * 100 + "HIS_S05E055@1" * 100 + "PRM_S05E055@1" * 100 + max("PRR_S05E055@1", "PRC_S05E055@1") * 100 + "SUB_S05E055@1" * 100) / 600, 0)
✔ Saved: /p/11211992-tki-mangrove-restoration/01_data/0_Workflow/14_Mangrove_potential/600/MPM_S05E055.tif
🗑️ Deleted temporal file: /p/11211992-tki-mangrove-restoration/01_data/0_Workflow/14_Mangrove_potential/600/BIN_S05E055.tif
🗑️ Deleted temporal file: /p/11211992-tki-mangrove-restoration/01_data/0_Workflow/14_Mangrove_potential/600/FIL_S05E055.tif

>>> Processing tile: S10E046
📐 Raster calculator expression:
if("NVA_S10E046@1" = 0, ("PON_S10E046@1" * 100 + "ACC_S10E046@1" * 100 + "HIS_S10E046@1" * 100 + "PRM_S10E046@1" * 100 + max("PRR_S10E046@1", "PRC_S10E046@1") * 100 + "SUB_S10E046@1" * 100) / 600, 0)
✔ Saved: /p/11211992-tki-mangrove-restoration/01_data/0_Workflow/14_Mangrove_potential/600/MPM_S10E046.tif
🗑️ Deleted temporal file: /p/11211992-tki-mangrove-restoration/01_data/0_Workflow/14_Mangrove_potential/600/BIN_S10E046.tif
🗑️ Deleted temporal file: /p/11211992-tki-mangrove-restoration/01_data/0_Workflow/14_Mangrove_potential/600/FIL_S10E046.tif

>>> Processing tile: S10E151
📐 Raster calculator expression:
if("NVA_S10E151@1" = 0, ("PON_S10E151@1" * 100 + "ACC_S10E151@1" * 100 + "HIS_S10E151@1" * 100 + "PRM_S10E151@1" * 100 + max("PRR_S10E151@1", "PRC_S10E151@1") * 100 + "SUB_S10E151@1" * 100) / 600, 0)
✔ Saved: /p/11211992-tki-mangrove-restoration/01_data/0_Workflow/14_Mangrove_potential/600/MPM_S10E151.tif
🗑️ Deleted temporal file: /p/11211992-tki-mangrove-restoration/01_data/0_Workflow/14_Mangrove_potential/600/BIN_S10E151.tif
🗑️ Deleted temporal file: /p/11211992-tki-mangrove-restoration/01_data/0_Workflow/14_Mangrove_potential/600/FIL_S10E151.tif

>>> Processing tile: N00E009
📐 Raster calculator expression:
if("NVA_N00E009@1" = 0, ("PON_N00E009@1" * 100 + "ACC_N00E009@1" * 100 + "HIS_N00E009@1" * 100 + "PRM_N00E009@1" * 100 + max("PRR_N00E009@1", "PRC_N00E009@1") * 100 + "SUB_N00E009@1" * 100) / 600, 0)
✔ Saved: /p/11211992-tki-mangrove-restoration/01_data/0_Workflow/14_Mangrove_potential/600/MPM_N00E009.tif
🗑️ Deleted temporal file: /p/11211992-tki-mangrove-restoration/01_data/0_Workflow/14_Mangrove_potential/600/BIN_N00E009.tif
🗑️ Deleted temporal file: /p/11211992-tki-mangrove-restoration/01_data/0_Workflow/14_Mangrove_potential/600/FIL_N00E009.tif

>>> Processing tile: S10E047
📐 Raster calculator expression:
if("NVA_S10E047@1" = 0, ("PON_S10E047@1" * 100 + "ACC_S10E047@1" * 100 + "HIS_S10E047@1" * 100 + "PRM_S10E047@1" * 100 + max("PRR_S10E047@1", "PRC_S10E047@1") * 100 + "SUB_S10E047@1" * 100) / 600, 0)
✔ Saved: /p/11211992-tki-mangrove-restoration/01_data/0_Workflow/14_Mangrove_potential/600/MPM_S10E047.tif
🗑️ Deleted temporal file: /p/11211992-tki-mangrove-restoration/01_data/0_Workflow/14_Mangrove_potential/600/BIN_S10E047.tif
🗑️ Deleted temporal file: /p/11211992-tki-mangrove-restoration/01_data/0_Workflow/14_Mangrove_potential/600/FIL_S10E047.tif

>>> Processing tile: N09W073
📐 Raster calculator expression:
if("NVA_N09W073@1" = 0, ("PON_N09W073@1" * 100 + "ACC_N09W073@1" * 100 + "HIS_N09W073@1" * 100 + "PRM_N09W073@1" * 100 + max("PRR_N09W073@1", "PRC_N09W073@1") * 100 + "SUB_N09W073@1" * 100) / 600, 0)
✔ Saved: /p/11211992-tki-mangrove-restoration/01_data/0_Workflow/14_Mangrove_potential/600/MPM_N09W073.tif
🗑️ Deleted temporal file: /p/11211992-tki-mangrove-restoration/01_data/0_Workflow/14_Mangrove_potential/600/BIN_N09W073.tif
🗑️ Deleted temporal file: /p/11211992-tki-mangrove-restoration/01_data/0_Workflow/14_Mangrove_potential/600/FIL_N09W073.tif

>>> Processing tile: S33E028
📐 Raster calculator expression:
if("NVA_S33E028@1" = 0, ("PON_S33E028@1" * 100 + "ACC_S33E028@1" * 100 + "HIS_S33E028@1" * 100 + "PRM_S33E028@1" * 100 + max("PRR_S33E028@1", "PRC_S33E028@1") * 100 + "SUB_S33E028@1" * 100) / 600, 0)
✔ Saved: /p/11211992-tki-mangrove-restoration/01_data/0_Workflow/14_Mangrove_potential/600/MPM_S33E028.tif
🗑️ Deleted temporal file: /p/11211992-tki-mangrove-restoration/01_data/0_Workflow/14_Mangrove_potential/600/BIN_S33E028.tif
🗑️ Deleted temporal file: /p/11211992-tki-mangrove-restoration/01_data/0_Workflow/14_Mangrove_potential/600/FIL_S33E028.tif

>>> Processing tile: N07E134
📐 Raster calculator expression:
if("NVA_N07E134@1" = 0, ("PON_N07E134@1" * 100 + "ACC_N07E134@1" * 100 + "HIS_N07E134@1" * 100 + "PRM_N07E134@1" * 100 + max("PRR_N07E134@1", "PRC_N07E134@1") * 100 + "SUB_N07E134@1" * 100) / 600, 0)
✔ Saved: /p/11211992-tki-mangrove-restoration/01_data/0_Workflow/14_Mangrove_potential/600/MPM_N07E134.tif
🗑️ Deleted temporal file: /p/11211992-tki-mangrove-restoration/01_data/0_Workflow/14_Mangrove_potential/600/BIN_N07E134.tif
🗑️ Deleted temporal file: /p/11211992-tki-mangrove-restoration/01_data/0_Workflow/14_Mangrove_potential/600/FIL_N07E134.tif

>>> Processing tile: N04W003
📐 Raster calculator expression:
if("NVA_N04W003@1" = 0, ("PON_N04W003@1" * 100 + "ACC_N04W003@1" * 100 + "HIS_N04W003@1" * 100 + "PRM_N04W003@1" * 100 + max("PRR_N04W003@1", "PRC_N04W003@1") * 100 + "SUB_N04W003@1" * 100) / 600, 0)
✔ Saved: /p/11211992-tki-mangrove-restoration/01_data/0_Workflow/14_Mangrove_potential/600/MPM_N04W003.tif
🗑️ Deleted temporal file: /p/11211992-tki-mangrove-restoration/01_data/0_Workflow/14_Mangrove_potential/600/BIN_N04W003.tif
🗑️ Deleted temporal file: /p/11211992-tki-mangrove-restoration/01_data/0_Workflow/14_Mangrove_potential/600/FIL_N04W003.tif

>>> Processing tile: S08E144
📐 Raster calculator expression:
if("NVA_S08E144@1" = 0, ("PON_S08E144@1" * 100 + "ACC_S08E144@1" * 100 + "HIS_S08E144@1" * 100 + "PRM_S08E144@1" * 100 + max("PRR_S08E144@1", "PRC_S08E144@1") * 100 + "SUB_S08E144@1" * 100) / 600, 0)
✔ Saved: /p/11211992-tki-mangrove-restoration/01_data/0_Workflow/14_Mangrove_potential/600/MPM_S08E144.tif
🗑️ Deleted temporal file: /p/11211992-tki-mangrove-restoration/01_data/0_Workflow/14_Mangrove_potential/600/BIN_S08E144.tif
🗑️ Deleted temporal file: /p/11211992-tki-mangrove-restoration/01_data/0_Workflow/14_Mangrove_potential/600/FIL_S08E144.tif

>>> Processing tile: S03E152
📐 Raster calculator expression:
if("NVA_S03E152@1" = 0, ("PON_S03E152@1" * 100 + "ACC_S03E152@1" * 100 + "HIS_S03E152@1" * 100 + "PRM_S03E152@1" * 100 + max("PRR_S03E152@1", "PRC_S03E152@1") * 100 + "SUB_S03E152@1" * 100) / 600, 0)
✔ Saved: /p/11211992-tki-mangrove-restoration/01_data/0_Workflow/14_Mangrove_potential/600/MPM_S03E152.tif
🗑️ Deleted temporal file: /p/11211992-tki-mangrove-restoration/01_data/0_Workflow/14_Mangrove_potential/600/BIN_S03E152.tif
🗑️ Deleted temporal file: /p/11211992-tki-mangrove-restoration/01_data/0_Workflow/14_Mangrove_potential/600/FIL_S03E152.tif

>>> Processing tile: N05W010
📐 Raster calculator expression:
if("NVA_N05W010@1" = 0, ("PON_N05W010@1" * 100 + "ACC_N05W010@1" * 100 + "HIS_N05W010@1" * 100 + "PRM_N05W010@1" * 100 + max("PRR_N05W010@1", "PRC_N05W010@1") * 100 + "SUB_N05W010@1" * 100) / 600, 0)
✔ Saved: /p/11211992-tki-mangrove-restoration/01_data/0_Workflow/14_Mangrove_potential/600/MPM_N05W010.tif
🗑️ Deleted temporal file: /p/11211992-tki-mangrove-restoration/01_data/0_Workflow/14_Mangrove_potential/600/BIN_N05W010.tif
🗑️ Deleted temporal file: /p/11211992-tki-mangrove-restoration/01_data/0_Workflow/14_Mangrove_potential/600/FIL_N05W010.tif

>>> Processing tile: N24E035
📐 Raster calculator expression:
if("NVA_N24E035@1" = 0, ("PON_N24E035@1" * 100 + "ACC_N24E035@1" * 100 + "HIS_N24E035@1" * 100 + "PRM_N24E035@1" * 100 + max("PRR_N24E035@1", "PRC_N24E035@1") * 100 + "SUB_N24E035@1" * 100) / 600, 0)
✔ Saved: /p/11211992-tki-mangrove-restoration/01_data/0_Workflow/14_Mangrove_potential/600/MPM_N24E035.tif
🗑️ Deleted temporal file: /p/11211992-tki-mangrove-restoration/01_data/0_Workflow/14_Mangrove_potential/600/BIN_N24E035.tif
🗑️ Deleted temporal file: /p/11211992-tki-mangrove-restoration/01_data/0_Workflow/14_Mangrove_potential/600/FIL_N24E035.tif

>>> Processing tile: N19W081
📐 Raster calculator expression:
if("NVA_N19W081@1" = 0, ("PON_N19W081@1" * 100 + "ACC_N19W081@1" * 100 + "HIS_N19W081@1" * 100 + "PRM_N19W081@1" * 100 + max("PRR_N19W081@1", "PRC_N19W081@1") * 100 + "SUB_N19W081@1" * 100) / 600, 0)
✔ Saved: /p/11211992-tki-mangrove-restoration/01_data/0_Workflow/14_Mangrove_potential/600/MPM_N19W081.tif
🗑️ Deleted temporal file: /p/11211992-tki-mangrove-restoration/01_data/0_Workflow/14_Mangrove_potential/600/BIN_N19W081.tif
🗑️ Deleted temporal file: /p/11211992-tki-mangrove-restoration/01_data/0_Workflow/14_Mangrove_potential/600/FIL_N19W081.tif

>>> Processing tile: S33E029
📐 Raster calculator expression:
if("NVA_S33E029@1" = 0, ("PON_S33E029@1" * 100 + "ACC_S33E029@1" * 100 + "HIS_S33E029@1" * 100 + "PRM_S33E029@1" * 100 + max("PRR_S33E029@1", "PRC_S33E029@1") * 100 + "SUB_S33E029@1" * 100) / 600, 0)
✔ Saved: /p/11211992-tki-mangrove-restoration/01_data/0_Workflow/14_Mangrove_potential/600/MPM_S33E029.tif
🗑️ Deleted temporal file: /p/11211992-tki-mangrove-restoration/01_data/0_Workflow/14_Mangrove_potential/600/BIN_S33E029.tif
🗑️ Deleted temporal file: /p/11211992-tki-mangrove-restoration/01_data/0_Workflow/14_Mangrove_potential/600/FIL_S33E029.tif

>>> Processing tile: N23E067
📐 Raster calculator expression:
if("NVA_N23E067@1" = 0, ("PON_N23E067@1" * 100 + "ACC_N23E067@1" * 100 + "HIS_N23E067@1" * 100 + "PRM_N23E067@1" * 100 + max("PRR_N23E067@1", "PRC_N23E067@1") * 100 + "SUB_N23E067@1" * 100) / 600, 0)
✔ Saved: /p/11211992-tki-mangrove-restoration/01_data/0_Workflow/14_Mangrove_potential/600/MPM_N23E067.tif
🗑️ Deleted temporal file: /p/11211992-tki-mangrove-restoration/01_data/0_Workflow/14_Mangrove_potential/600/BIN_N23E067.tif
🗑️ Deleted temporal file: /p/11211992-tki-mangrove-restoration/01_data/0_Workflow/14_Mangrove_potential/600/FIL_N23E067.tif

>>> Processing tile: S08E145
📐 Raster calculator expression:
if("NVA_S08E145@1" = 0, ("PON_S08E145@1" * 100 + "ACC_S08E145@1" * 100 + "HIS_S08E145@1" * 100 + "PRM_S08E145@1" * 100 + max("PRR_S08E145@1", "PRC_S08E145@1") * 100 + "SUB_S08E145@1" * 100) / 600, 0)
✔ Saved: /p/11211992-tki-mangrove-restoration/01_data/0_Workflow/14_Mangrove_potential/600/MPM_S08E145.tif
🗑️ Deleted temporal file: /p/11211992-tki-mangrove-restoration/01_data/0_Workflow/14_Mangrove_potential/600/BIN_S08E145.tif
🗑️ Deleted temporal file: /p/11211992-tki-mangrove-restoration/01_data/0_Workflow/14_Mangrove_potential/600/FIL_S08E145.tif

>>> Processing tile: N05W011
📐 Raster calculator expression:
if("NVA_N05W011@1" = 0, ("PON_N05W011@1" * 100 + "ACC_N05W011@1" * 100 + "HIS_N05W011@1" * 100 + "PRM_N05W011@1" * 100 + max("PRR_N05W011@1", "PRC_N05W011@1") * 100 + "SUB_N05W011@1" * 100) / 600, 0)
✔ Saved: /p/11211992-tki-mangrove-restoration/01_data/0_Workflow/14_Mangrove_potential/600/MPM_N05W011.tif
🗑️ Deleted temporal file: /p/11211992-tki-mangrove-restoration/01_data/0_Workflow/14_Mangrove_potential/600/BIN_N05W011.tif
🗑️ Deleted temporal file: /p/11211992-tki-mangrove-restoration/01_data/0_Workflow/14_Mangrove_potential/600/FIL_N05W011.tif

>>> Processing tile: N00E006
📐 Raster calculator expression:
if("NVA_N00E006@1" = 0, ("PON_N00E006@1" * 100 + "ACC_N00E006@1" * 100 + "HIS_N00E006@1" * 100 + "PRM_N00E006@1" * 100 + max("PRR_N00E006@1", "PRC_N00E006@1") * 100 + "SUB_N00E006@1" * 100) / 600, 0)
✔ Saved: /p/11211992-tki-mangrove-restoration/01_data/0_Workflow/14_Mangrove_potential/600/MPM_N00E006.tif
🗑️ Deleted temporal file: /p/11211992-tki-mangrove-restoration/01_data/0_Workflow/14_Mangrove_potential/600/BIN_N00E006.tif
🗑️ Deleted temporal file: /p/11211992-tki-mangrove-restoration/01_data/0_Workflow/14_Mangrove_potential/600/FIL_N00E006.tif

>>> Processing tile: S11E166
📐 Raster calculator expression:
if("NVA_S11E166@1" = 0, ("PON_S11E166@1" * 100 + "ACC_S11E166@1" * 100 + "HIS_S11E166@1" * 100 + "PRM_S11E166@1" * 100 + max("PRR_S11E166@1", "PRC_S11E166@1") * 100 + "SUB_S11E166@1" * 100) / 600, 0)
✔ Saved: /p/11211992-tki-mangrove-restoration/01_data/0_Workflow/14_Mangrove_potential/600/MPM_S11E166.tif
🗑️ Deleted temporal file: /p/11211992-tki-mangrove-restoration/01_data/0_Workflow/14_Mangrove_potential/600/BIN_S11E166.tif
🗑️ Deleted temporal file: /p/11211992-tki-mangrove-restoration/01_data/0_Workflow/14_Mangrove_potential/600/FIL_S11E166.tif

>>> Processing tile: S15E129
📐 Raster calculator expression:
if("NVA_S15E129@1" = 0, ("PON_S15E129@1" * 100 + "ACC_S15E129@1" * 100 + "HIS_S15E129@1" * 100 + "PRM_S15E129@1" * 100 + max("PRR_S15E129@1", "PRC_S15E129@1") * 100 + "SUB_S15E129@1" * 100) / 600, 0)
✔ Saved: /p/11211992-tki-mangrove-restoration/01_data/0_Workflow/14_Mangrove_potential/600/MPM_S15E129.tif
🗑️ Deleted temporal file: /p/11211992-tki-mangrove-restoration/01_data/0_Workflow/14_Mangrove_potential/600/BIN_S15E129.tif
🗑️ Deleted temporal file: /p/11211992-tki-mangrove-restoration/01_data/0_Workflow/14_Mangrove_potential/600/FIL_S15E129.tif

>>> Processing tile: N25W082
📐 Raster calculator expression:
if("NVA_N25W082@1" = 0, ("PON_N25W082@1" * 100 + "ACC_N25W082@1" * 100 + "HIS_N25W082@1" * 100 + "PRM_N25W082@1" * 100 + max("PRR_N25W082@1", "PRC_N25W082@1") * 100 + "SUB_N25W082@1" * 100) / 600, 0)
✔ Saved: /p/11211992-tki-mangrove-restoration/01_data/0_Workflow/14_Mangrove_potential/600/MPM_N25W082.tif
🗑️ Deleted temporal file: /p/11211992-tki-mangrove-restoration/01_data/0_Workflow/14_Mangrove_potential/600/BIN_N25W082.tif
🗑️ Deleted temporal file: /p/11211992-tki-mangrove-restoration/01_data/0_Workflow/14_Mangrove_potential/600/FIL_N25W082.tif

>>> Processing tile: S22E148
📐 Raster calculator expression:
if("NVA_S22E148@1" = 0, ("PON_S22E148@1" * 100 + "ACC_S22E148@1" * 100 + "HIS_S22E148@1" * 100 + "PRM_S22E148@1" * 100 + max("PRR_S22E148@1", "PRC_S22E148@1") * 100 + "SUB_S22E148@1" * 100) / 600, 0)
✔ Saved: /p/11211992-tki-mangrove-restoration/01_data/0_Workflow/14_Mangrove_potential/600/MPM_S22E148.tif
🗑️ Deleted temporal file: /p/11211992-tki-mangrove-restoration/01_data/0_Workflow/14_Mangrove_potential/600/BIN_S22E148.tif
🗑️ Deleted temporal file: /p/11211992-tki-mangrove-restoration/01_data/0_Workflow/14_Mangrove_potential/600/FIL_S22E148.tif

>>> Processing tile: S12E152
📐 Raster calculator expression:
if("NVA_S12E152@1" = 0, ("PON_S12E152@1" * 100 + "ACC_S12E152@1" * 100 + "HIS_S12E152@1" * 100 + "PRM_S12E152@1" * 100 + max("PRR_S12E152@1", "PRC_S12E152@1") * 100 + "SUB_S12E152@1" * 100) / 600, 0)
✔ Saved: /p/11211992-tki-mangrove-restoration/01_data/0_Workflow/14_Mangrove_potential/600/MPM_S12E152.tif
🗑️ Deleted temporal file: /p/11211992-tki-mangrove-restoration/01_data/0_Workflow/14_Mangrove_potential/600/BIN_S12E152.tif
🗑️ Deleted temporal file: /p/11211992-tki-mangrove-restoration/01_data/0_Workflow/14_Mangrove_potential/600/FIL_S12E152.tif

>>> Processing tile: S17E178
📐 Raster calculator expression:
if("NVA_S17E178@1" = 0, ("PON_S17E178@1" * 100 + "ACC_S17E178@1" * 100 + "HIS_S17E178@1" * 100 + "PRM_S17E178@1" * 100 + max("PRR_S17E178@1", "PRC_S17E178@1") * 100 + "SUB_S17E178@1" * 100) / 600, 0)
✔ Saved: /p/11211992-tki-mangrove-restoration/01_data/0_Workflow/14_Mangrove_potential/600/MPM_S17E178.tif
🗑️ Deleted temporal file: /p/11211992-tki-mangrove-restoration/01_data/0_Workflow/14_Mangrove_potential/600/BIN_S17E178.tif
🗑️ Deleted temporal file: /p/11211992-tki-mangrove-restoration/01_data/0_Workflow/14_Mangrove_potential/600/FIL_S17E178.tif

>>> Processing tile: S13E141
📐 Raster calculator expression:
if("NVA_S13E141@1" = 0, ("PON_S13E141@1" * 100 + "ACC_S13E141@1" * 100 + "HIS_S13E141@1" * 100 + "PRM_S13E141@1" * 100 + max("PRR_S13E141@1", "PRC_S13E141@1") * 100 + "SUB_S13E141@1" * 100) / 600, 0)
✔ Saved: /p/11211992-tki-mangrove-restoration/01_data/0_Workflow/14_Mangrove_potential/600/MPM_S13E141.tif
🗑️ Deleted temporal file: /p/11211992-tki-mangrove-restoration/01_data/0_Workflow/14_Mangrove_potential/600/BIN_S13E141.tif
🗑️ Deleted temporal file: /p/11211992-tki-mangrove-restoration/01_data/0_Workflow/14_Mangrove_potential/600/FIL_S13E141.tif

>>> Processing tile: S18E037
📐 Raster calculator expression:
if("NVA_S18E037@1" = 0, ("PON_S18E037@1" * 100 + "ACC_S18E037@1" * 100 + "HIS_S18E037@1" * 100 + "PRM_S18E037@1" * 100 + max("PRR_S18E037@1", "PRC_S18E037@1") * 100 + "SUB_S18E037@1" * 100) / 600, 0)
✔ Saved: /p/11211992-tki-mangrove-restoration/01_data/0_Workflow/14_Mangrove_potential/600/MPM_S18E037.tif
🗑️ Deleted temporal file: /p/11211992-tki-mangrove-restoration/01_data/0_Workflow/14_Mangrove_potential/600/BIN_S18E037.tif
🗑️ Deleted temporal file: /p/11211992-tki-mangrove-restoration/01_data/0_Workflow/14_Mangrove_potential/600/FIL_S18E037.tif

>>> Processing tile: N24E037
📐 Raster calculator expression:
if("NVA_N24E037@1" = 0, ("PON_N24E037@1" * 100 + "ACC_N24E037@1" * 100 + "HIS_N24E037@1" * 100 + "PRM_N24E037@1" * 100 + max("PRR_N24E037@1", "PRC_N24E037@1") * 100 + "SUB_N24E037@1" * 100) / 600, 0)
✔ Saved: /p/11211992-tki-mangrove-restoration/01_data/0_Workflow/14_Mangrove_potential/600/MPM_N24E037.tif
🗑️ Deleted temporal file: /p/11211992-tki-mangrove-restoration/01_data/0_Workflow/14_Mangrove_potential/600/BIN_N24E037.tif
🗑️ Deleted temporal file: /p/11211992-tki-mangrove-restoration/01_data/0_Workflow/14_Mangrove_potential/600/FIL_N24E037.tif

>>> Processing tile: S15E128
📐 Raster calculator expression:
if("NVA_S15E128@1" = 0, ("PON_S15E128@1" * 100 + "ACC_S15E128@1" * 100 + "HIS_S15E128@1" * 100 + "PRM_S15E128@1" * 100 + max("PRR_S15E128@1", "PRC_S15E128@1") * 100 + "SUB_S15E128@1" * 100) / 600, 0)
✔ Saved: /p/11211992-tki-mangrove-restoration/01_data/0_Workflow/14_Mangrove_potential/600/MPM_S15E128.tif
🗑️ Deleted temporal file: /p/11211992-tki-mangrove-restoration/01_data/0_Workflow/14_Mangrove_potential/600/BIN_S15E128.tif
🗑️ Deleted temporal file: /p/11211992-tki-mangrove-restoration/01_data/0_Workflow/14_Mangrove_potential/600/FIL_S15E128.tif

>>> Processing tile: S03E151
📐 Raster calculator expression:
if("NVA_S03E151@1" = 0, ("PON_S03E151@1" * 100 + "ACC_S03E151@1" * 100 + "HIS_S03E151@1" * 100 + "PRM_S03E151@1" * 100 + max("PRR_S03E151@1", "PRC_S03E151@1") * 100 + "SUB_S03E151@1" * 100) / 600, 0)
✔ Saved: /p/11211992-tki-mangrove-restoration/01_data/0_Workflow/14_Mangrove_potential/600/MPM_S03E151.tif
🗑️ Deleted temporal file: /p/11211992-tki-mangrove-restoration/01_data/0_Workflow/14_Mangrove_potential/600/BIN_S03E151.tif
🗑️ Deleted temporal file: /p/11211992-tki-mangrove-restoration/01_data/0_Workflow/14_Mangrove_potential/600/FIL_S03E151.tif

>>> Processing tile: S17E179
📐 Raster calculator expression:
if("NVA_S17E179@1" = 0, ("PON_S17E179@1" * 100 + "ACC_S17E179@1" * 100 + "HIS_S17E179@1" * 100 + "PRM_S17E179@1" * 100 + max("PRR_S17E179@1", "PRC_S17E179@1") * 100 + "SUB_S17E179@1" * 100) / 600, 0)
✔ Saved: /p/11211992-tki-mangrove-restoration/01_data/0_Workflow/14_Mangrove_potential/600/MPM_S17E179.tif
🗑️ Deleted temporal file: /p/11211992-tki-mangrove-restoration/01_data/0_Workflow/14_Mangrove_potential/600/BIN_S17E179.tif
🗑️ Deleted temporal file: /p/11211992-tki-mangrove-restoration/01_data/0_Workflow/14_Mangrove_potential/600/FIL_S17E179.tif

>>> Processing tile: S22E149
📐 Raster calculator expression:
if("NVA_S22E149@1" = 0, ("PON_S22E149@1" * 100 + "ACC_S22E149@1" * 100 + "HIS_S22E149@1" * 100 + "PRM_S22E149@1" * 100 + max("PRR_S22E149@1", "PRC_S22E149@1") * 100 + "SUB_S22E149@1" * 100) / 600, 0)
✔ Saved: /p/11211992-tki-mangrove-restoration/01_data/0_Workflow/14_Mangrove_potential/600/MPM_S22E149.tif
🗑️ Deleted temporal file: /p/11211992-tki-mangrove-restoration/01_data/0_Workflow/14_Mangrove_potential/600/BIN_S22E149.tif
🗑️ Deleted temporal file: /p/11211992-tki-mangrove-restoration/01_data/0_Workflow/14_Mangrove_potential/600/FIL_S22E149.tif

>>> Processing tile: S12E153
📐 Raster calculator expression:
if("NVA_S12E153@1" = 0, ("PON_S12E153@1" * 100 + "ACC_S12E153@1" * 100 + "HIS_S12E153@1" * 100 + "PRM_S12E153@1" * 100 + max("PRR_S12E153@1", "PRC_S12E153@1") * 100 + "SUB_S12E153@1" * 100) / 600, 0)
✔ Saved: /p/11211992-tki-mangrove-restoration/01_data/0_Workflow/14_Mangrove_potential/600/MPM_S12E153.tif
🗑️ Deleted temporal file: /p/11211992-tki-mangrove-restoration/01_data/0_Workflow/14_Mangrove_potential/600/BIN_S12E153.tif
🗑️ Deleted temporal file: /p/11211992-tki-mangrove-restoration/01_data/0_Workflow/14_Mangrove_potential/600/FIL_S12E153.tif

>>> Processing tile: S15E048
📐 Raster calculator expression:
if("NVA_S15E048@1" = 0, ("PON_S15E048@1" * 100 + "ACC_S15E048@1" * 100 + "HIS_S15E048@1" * 100 + "PRM_S15E048@1" * 100 + max("PRR_S15E048@1", "PRC_S15E048@1") * 100 + "SUB_S15E048@1" * 100) / 600, 0)
✔ Saved: /p/11211992-tki-mangrove-restoration/01_data/0_Workflow/14_Mangrove_potential/600/MPM_S15E048.tif
🗑️ Deleted temporal file: /p/11211992-tki-mangrove-restoration/01_data/0_Workflow/14_Mangrove_potential/600/BIN_S15E048.tif
🗑️ Deleted temporal file: /p/11211992-tki-mangrove-restoration/01_data/0_Workflow/14_Mangrove_potential/600/FIL_S15E048.tif

>>> Processing tile: N24E120
📐 Raster calculator expression:
if("NVA_N24E120@1" = 0, ("PON_N24E120@1" * 100 + "ACC_N24E120@1" * 100 + "HIS_N24E120@1" * 100 + "PRM_N24E120@1" * 100 + max("PRR_N24E120@1", "PRC_N24E120@1") * 100 + "SUB_N24E120@1" * 100) / 600, 0)
✔ Saved: /p/11211992-tki-mangrove-restoration/01_data/0_Workflow/14_Mangrove_potential/600/MPM_N24E120.tif
🗑️ Deleted temporal file: /p/11211992-tki-mangrove-restoration/01_data/0_Workflow/14_Mangrove_potential/600/BIN_N24E120.tif
🗑️ Deleted temporal file: /p/11211992-tki-mangrove-restoration/01_data/0_Workflow/14_Mangrove_potential/600/FIL_N24E120.tif

>>> Processing tile: N17E041
📐 Raster calculator expression:
if("NVA_N17E041@1" = 0, ("PON_N17E041@1" * 100 + "ACC_N17E041@1" * 100 + "HIS_N17E041@1" * 100 + "PRM_N17E041@1" * 100 + max("PRR_N17E041@1", "PRC_N17E041@1") * 100 + "SUB_N17E041@1" * 100) / 600, 0)
✔ Saved: /p/11211992-tki-mangrove-restoration/01_data/0_Workflow/14_Mangrove_potential/600/MPM_N17E041.tif
🗑️ Deleted temporal file: /p/11211992-tki-mangrove-restoration/01_data/0_Workflow/14_Mangrove_potential/600/BIN_N17E041.tif
🗑️ Deleted temporal file: /p/11211992-tki-mangrove-restoration/01_data/0_Workflow/14_Mangrove_potential/600/FIL_N17E041.tif

>>> Processing tile: N09W079
📐 Raster calculator expression:
if("NVA_N09W079@1" = 0, ("PON_N09W079@1" * 100 + "ACC_N09W079@1" * 100 + "HIS_N09W079@1" * 100 + "PRM_N09W079@1" * 100 + max("PRR_N09W079@1", "PRC_N09W079@1") * 100 + "SUB_N09W079@1" * 100) / 600, 0)
✔ Saved: /p/11211992-tki-mangrove-restoration/01_data/0_Workflow/14_Mangrove_potential/600/MPM_N09W079.tif
🗑️ Deleted temporal file: /p/11211992-tki-mangrove-restoration/01_data/0_Workflow/14_Mangrove_potential/600/BIN_N09W079.tif
🗑️ Deleted temporal file: /p/11211992-tki-mangrove-restoration/01_data/0_Workflow/14_Mangrove_potential/600/FIL_N09W079.tif

>>> Processing tile: S30E030
📐 Raster calculator expression:
if("NVA_S30E030@1" = 0, ("PON_S30E030@1" * 100 + "ACC_S30E030@1" * 100 + "HIS_S30E030@1" * 100 + "PRM_S30E030@1" * 100 + max("PRR_S30E030@1", "PRC_S30E030@1") * 100 + "SUB_S30E030@1" * 100) / 600, 0)
✔ Saved: /p/11211992-tki-mangrove-restoration/01_data/0_Workflow/14_Mangrove_potential/600/MPM_S30E030.tif
🗑️ Deleted temporal file: /p/11211992-tki-mangrove-restoration/01_data/0_Workflow/14_Mangrove_potential/600/BIN_S30E030.tif
🗑️ Deleted temporal file: /p/11211992-tki-mangrove-restoration/01_data/0_Workflow/14_Mangrove_potential/600/FIL_S30E030.tif

>>> Processing tile: S13E131
📐 Raster calculator expression:
if("NVA_S13E131@1" = 0, ("PON_S13E131@1" * 100 + "ACC_S13E131@1" * 100 + "HIS_S13E131@1" * 100 + "PRM_S13E131@1" * 100 + max("PRR_S13E131@1", "PRC_S13E131@1") * 100 + "SUB_S13E131@1" * 100) / 600, 0)
✔ Saved: /p/11211992-tki-mangrove-restoration/01_data/0_Workflow/14_Mangrove_potential/600/MPM_S13E131.tif
🗑️ Deleted temporal file: /p/11211992-tki-mangrove-restoration/01_data/0_Workflow/14_Mangrove_potential/600/BIN_S13E131.tif
🗑️ Deleted temporal file: /p/11211992-tki-mangrove-restoration/01_data/0_Workflow/14_Mangrove_potential/600/FIL_S13E131.tif

>>> Processing tile: S12E154
📐 Raster calculator expression:
if("NVA_S12E154@1" = 0, ("PON_S12E154@1" * 100 + "ACC_S12E154@1" * 100 + "HIS_S12E154@1" * 100 + "PRM_S12E154@1" * 100 + max("PRR_S12E154@1", "PRC_S12E154@1") * 100 + "SUB_S12E154@1" * 100) / 600, 0)
✔ Saved: /p/11211992-tki-mangrove-restoration/01_data/0_Workflow/14_Mangrove_potential/600/MPM_S12E154.tif
🗑️ Deleted temporal file: /p/11211992-tki-mangrove-restoration/01_data/0_Workflow/14_Mangrove_potential/600/BIN_S12E154.tif
🗑️ Deleted temporal file: /p/11211992-tki-mangrove-restoration/01_data/0_Workflow/14_Mangrove_potential/600/FIL_S12E154.tif

>>> Processing tile: N12E043
📐 Raster calculator expression:
if("NVA_N12E043@1" = 0, ("PON_N12E043@1" * 100 + "ACC_N12E043@1" * 100 + "HIS_N12E043@1" * 100 + "PRM_N12E043@1" * 100 + max("PRR_N12E043@1", "PRC_N12E043@1") * 100 + "SUB_N12E043@1" * 100) / 600, 0)
✔ Saved: /p/11211992-tki-mangrove-restoration/01_data/0_Workflow/14_Mangrove_potential/600/MPM_N12E043.tif
🗑️ Deleted temporal file: /p/11211992-tki-mangrove-restoration/01_data/0_Workflow/14_Mangrove_potential/600/BIN_N12E043.tif
🗑️ Deleted temporal file: /p/11211992-tki-mangrove-restoration/01_data/0_Workflow/14_Mangrove_potential/600/FIL_N12E043.tif

>>> Processing tile: N22E059
📐 Raster calculator expression:
if("NVA_N22E059@1" = 0, ("PON_N22E059@1" * 100 + "ACC_N22E059@1" * 100 + "HIS_N22E059@1" * 100 + "PRM_N22E059@1" * 100 + max("PRR_N22E059@1", "PRC_N22E059@1") * 100 + "SUB_N22E059@1" * 100) / 600, 0)
✔ Saved: /p/11211992-tki-mangrove-restoration/01_data/0_Workflow/14_Mangrove_potential/600/MPM_N22E059.tif
🗑️ Deleted temporal file: /p/11211992-tki-mangrove-restoration/01_data/0_Workflow/14_Mangrove_potential/600/BIN_N22E059.tif
🗑️ Deleted temporal file: /p/11211992-tki-mangrove-restoration/01_data/0_Workflow/14_Mangrove_potential/600/FIL_N22E059.tif

>>> Processing tile: N14W017
📐 Raster calculator expression:
if("NVA_N14W017@1" = 0, ("PON_N14W017@1" * 100 + "ACC_N14W017@1" * 100 + "HIS_N14W017@1" * 100 + "PRM_N14W017@1" * 100 + max("PRR_N14W017@1", "PRC_N14W017@1") * 100 + "SUB_N14W017@1" * 100) / 600, 0)
✔ Saved: /p/11211992-tki-mangrove-restoration/01_data/0_Workflow/14_Mangrove_potential/600/MPM_N14W017.tif
🗑️ Deleted temporal file: /p/11211992-tki-mangrove-restoration/01_data/0_Workflow/14_Mangrove_potential/600/BIN_N14W017.tif
🗑️ Deleted temporal file: /p/11211992-tki-mangrove-restoration/01_data/0_Workflow/14_Mangrove_potential/600/FIL_N14W017.tif

>>> Processing tile: S27E113
📐 Raster calculator expression:
if("NVA_S27E113@1" = 0, ("PON_S27E113@1" * 100 + "ACC_S27E113@1" * 100 + "HIS_S27E113@1" * 100 + "PRM_S27E113@1" * 100 + max("PRR_S27E113@1", "PRC_S27E113@1") * 100 + "SUB_S27E113@1" * 100) / 600, 0)
✔ Saved: /p/11211992-tki-mangrove-restoration/01_data/0_Workflow/14_Mangrove_potential/600/MPM_S27E113.tif
🗑️ Deleted temporal file: /p/11211992-tki-mangrove-restoration/01_data/0_Workflow/14_Mangrove_potential/600/BIN_S27E113.tif
🗑️ Deleted temporal file: /p/11211992-tki-mangrove-restoration/01_data/0_Workflow/14_Mangrove_potential/600/FIL_S27E113.tif

>>> Processing tile: N25E055
📐 Raster calculator expression:
if("NVA_N25E055@1" = 0, ("PON_N25E055@1" * 100 + "ACC_N25E055@1" * 100 + "HIS_N25E055@1" * 100 + "PRM_N25E055@1" * 100 + max("PRR_N25E055@1", "PRC_N25E055@1") * 100 + "SUB_N25E055@1" * 100) / 600, 0)
✔ Saved: /p/11211992-tki-mangrove-restoration/01_data/0_Workflow/14_Mangrove_potential/600/MPM_N25E055.tif
🗑️ Deleted temporal file: /p/11211992-tki-mangrove-restoration/01_data/0_Workflow/14_Mangrove_potential/600/BIN_N25E055.tif
🗑️ Deleted temporal file: /p/11211992-tki-mangrove-restoration/01_data/0_Workflow/14_Mangrove_potential/600/FIL_N25E055.tif

>>> Processing tile: S12E043
📐 Raster calculator expression:
if("NVA_S12E043@1" = 0, ("PON_S12E043@1" * 100 + "ACC_S12E043@1" * 100 + "HIS_S12E043@1" * 100 + "PRM_S12E043@1" * 100 + max("PRR_S12E043@1", "PRC_S12E043@1") * 100 + "SUB_S12E043@1" * 100) / 600, 0)
✔ Saved: /p/11211992-tki-mangrove-restoration/01_data/0_Workflow/14_Mangrove_potential/600/MPM_S12E043.tif
🗑️ Deleted temporal file: /p/11211992-tki-mangrove-restoration/01_data/0_Workflow/14_Mangrove_potential/600/BIN_S12E043.tif
🗑️ Deleted temporal file: /p/11211992-tki-mangrove-restoration/01_data/0_Workflow/14_Mangrove_potential/600/FIL_S12E043.tif

>>> Processing tile: S30E031
📐 Raster calculator expression:
if("NVA_S30E031@1" = 0, ("PON_S30E031@1" * 100 + "ACC_S30E031@1" * 100 + "HIS_S30E031@1" * 100 + "PRM_S30E031@1" * 100 + max("PRR_S30E031@1", "PRC_S30E031@1") * 100 + "SUB_S30E031@1" * 100) / 600, 0)
✔ Saved: /p/11211992-tki-mangrove-restoration/01_data/0_Workflow/14_Mangrove_potential/600/MPM_S30E031.tif
🗑️ Deleted temporal file: /p/11211992-tki-mangrove-restoration/01_data/0_Workflow/14_Mangrove_potential/600/BIN_S30E031.tif
🗑️ Deleted temporal file: /p/11211992-tki-mangrove-restoration/01_data/0_Workflow/14_Mangrove_potential/600/FIL_S30E031.tif

>>> Processing tile: N15E039
📐 Raster calculator expression:
if("NVA_N15E039@1" = 0, ("PON_N15E039@1" * 100 + "ACC_N15E039@1" * 100 + "HIS_N15E039@1" * 100 + "PRM_N15E039@1" * 100 + max("PRR_N15E039@1", "PRC_N15E039@1") * 100 + "SUB_N15E039@1" * 100) / 600, 0)
✔ Saved: /p/11211992-tki-mangrove-restoration/01_data/0_Workflow/14_Mangrove_potential/600/MPM_N15E039.tif
🗑️ Deleted temporal file: /p/11211992-tki-mangrove-restoration/01_data/0_Workflow/14_Mangrove_potential/600/BIN_N15E039.tif
🗑️ Deleted temporal file: /p/11211992-tki-mangrove-restoration/01_data/0_Workflow/14_Mangrove_potential/600/FIL_N15E039.tif

>>> Processing tile: S11E161
📐 Raster calculator expression:
if("NVA_S11E161@1" = 0, ("PON_S11E161@1" * 100 + "ACC_S11E161@1" * 100 + "HIS_S11E161@1" * 100 + "PRM_S11E161@1" * 100 + max("PRR_S11E161@1", "PRC_S11E161@1") * 100 + "SUB_S11E161@1" * 100) / 600, 0)
✔ Saved: /p/11211992-tki-mangrove-restoration/01_data/0_Workflow/14_Mangrove_potential/600/MPM_S11E161.tif
🗑️ Deleted temporal file: /p/11211992-tki-mangrove-restoration/01_data/0_Workflow/14_Mangrove_potential/600/BIN_S11E161.tif
🗑️ Deleted temporal file: /p/11211992-tki-mangrove-restoration/01_data/0_Workflow/14_Mangrove_potential/600/FIL_S11E161.tif

>>> Processing tile: N14W061
📐 Raster calculator expression:
if("NVA_N14W061@1" = 0, ("PON_N14W061@1" * 100 + "ACC_N14W061@1" * 100 + "HIS_N14W061@1" * 100 + "PRM_N14W061@1" * 100 + max("PRR_N14W061@1", "PRC_N14W061@1") * 100 + "SUB_N14W061@1" * 100) / 600, 0)
✔ Saved: /p/11211992-tki-mangrove-restoration/01_data/0_Workflow/14_Mangrove_potential/600/MPM_N14W061.tif
🗑️ Deleted temporal file: /p/11211992-tki-mangrove-restoration/01_data/0_Workflow/14_Mangrove_potential/600/BIN_N14W061.tif
🗑️ Deleted temporal file: /p/11211992-tki-mangrove-restoration/01_data/0_Workflow/14_Mangrove_potential/600/FIL_N14W061.tif

>>> Processing tile: N12E042
📐 Raster calculator expression:
if("NVA_N12E042@1" = 0, ("PON_N12E042@1" * 100 + "ACC_N12E042@1" * 100 + "HIS_N12E042@1" * 100 + "PRM_N12E042@1" * 100 + max("PRR_N12E042@1", "PRC_N12E042@1") * 100 + "SUB_N12E042@1" * 100) / 600, 0)
✔ Saved: /p/11211992-tki-mangrove-restoration/01_data/0_Workflow/14_Mangrove_potential/600/MPM_N12E042.tif
🗑️ Deleted temporal file: /p/11211992-tki-mangrove-restoration/01_data/0_Workflow/14_Mangrove_potential/600/BIN_N12E042.tif
🗑️ Deleted temporal file: /p/11211992-tki-mangrove-restoration/01_data/0_Workflow/14_Mangrove_potential/600/FIL_N12E042.tif

>>> Processing tile: S18W180
📐 Raster calculator expression:
if("NVA_S18W180@1" = 0, ("PON_S18W180@1" * 100 + "ACC_S18W180@1" * 100 + "HIS_S18W180@1" * 100 + "PRM_S18W180@1" * 100 + max("PRR_S18W180@1", "PRC_S18W180@1") * 100 + "SUB_S18W180@1" * 100) / 600, 0)
✔ Saved: /p/11211992-tki-mangrove-restoration/01_data/0_Workflow/14_Mangrove_potential/600/MPM_S18W180.tif
🗑️ Deleted temporal file: /p/11211992-tki-mangrove-restoration/01_data/0_Workflow/14_Mangrove_potential/600/BIN_S18W180.tif
🗑️ Deleted temporal file: /p/11211992-tki-mangrove-restoration/01_data/0_Workflow/14_Mangrove_potential/600/FIL_S18W180.tif

>>> Processing tile: S13E130
📐 Raster calculator expression:
if("NVA_S13E130@1" = 0, ("PON_S13E130@1" * 100 + "ACC_S13E130@1" * 100 + "HIS_S13E130@1" * 100 + "PRM_S13E130@1" * 100 + max("PRR_S13E130@1", "PRC_S13E130@1") * 100 + "SUB_S13E130@1" * 100) / 600, 0)
✔ Saved: /p/11211992-tki-mangrove-restoration/01_data/0_Workflow/14_Mangrove_potential/600/MPM_S13E130.tif
🗑️ Deleted temporal file: /p/11211992-tki-mangrove-restoration/01_data/0_Workflow/14_Mangrove_potential/600/BIN_S13E130.tif
🗑️ Deleted temporal file: /p/11211992-tki-mangrove-restoration/01_data/0_Workflow/14_Mangrove_potential/600/FIL_S13E130.tif

>>> Processing tile: S02E147
📐 Raster calculator expression:
if("NVA_S02E147@1" = 0, ("PON_S02E147@1" * 100 + "ACC_S02E147@1" * 100 + "HIS_S02E147@1" * 100 + "PRM_S02E147@1" * 100 + max("PRR_S02E147@1", "PRC_S02E147@1") * 100 + "SUB_S02E147@1" * 100) / 600, 0)
✔ Saved: /p/11211992-tki-mangrove-restoration/01_data/0_Workflow/14_Mangrove_potential/600/MPM_S02E147.tif
🗑️ Deleted temporal file: /p/11211992-tki-mangrove-restoration/01_data/0_Workflow/14_Mangrove_potential/600/BIN_S02E147.tif
🗑️ Deleted temporal file: /p/11211992-tki-mangrove-restoration/01_data/0_Workflow/14_Mangrove_potential/600/FIL_S02E147.tif

>>> Processing tile: N07W082
📐 Raster calculator expression:
if("NVA_N07W082@1" = 0, ("PON_N07W082@1" * 100 + "ACC_N07W082@1" * 100 + "HIS_N07W082@1" * 100 + "PRM_N07W082@1" * 100 + max("PRR_N07W082@1", "PRC_N07W082@1") * 100 + "SUB_N07W082@1" * 100) / 600, 0)
✔ Saved: /p/11211992-tki-mangrove-restoration/01_data/0_Workflow/14_Mangrove_potential/600/MPM_N07W082.tif
🗑️ Deleted temporal file: /p/11211992-tki-mangrove-restoration/01_data/0_Workflow/14_Mangrove_potential/600/BIN_N07W082.tif
🗑️ Deleted temporal file: /p/11211992-tki-mangrove-restoration/01_data/0_Workflow/14_Mangrove_potential/600/FIL_N07W082.tif

>>> Processing tile: S35E150
📐 Raster calculator expression:
if("NVA_S35E150@1" = 0, ("PON_S35E150@1" * 100 + "ACC_S35E150@1" * 100 + "HIS_S35E150@1" * 100 + "PRM_S35E150@1" * 100 + max("PRR_S35E150@1", "PRC_S35E150@1") * 100 + "SUB_S35E150@1" * 100) / 600, 0)
✔ Saved: /p/11211992-tki-mangrove-restoration/01_data/0_Workflow/14_Mangrove_potential/600/MPM_S35E150.tif
🗑️ Deleted temporal file: /p/11211992-tki-mangrove-restoration/01_data/0_Workflow/14_Mangrove_potential/600/BIN_S35E150.tif
🗑️ Deleted temporal file: /p/11211992-tki-mangrove-restoration/01_data/0_Workflow/14_Mangrove_potential/600/FIL_S35E150.tif

>>> Processing tile: S10E039
📐 Raster calculator expression:
if("NVA_S10E039@1" = 0, ("PON_S10E039@1" * 100 + "ACC_S10E039@1" * 100 + "HIS_S10E039@1" * 100 + "PRM_S10E039@1" * 100 + max("PRR_S10E039@1", "PRC_S10E039@1") * 100 + "SUB_S10E039@1" * 100) / 600, 0)
✔ Saved: /p/11211992-tki-mangrove-restoration/01_data/0_Workflow/14_Mangrove_potential/600/MPM_S10E039.tif
🗑️ Deleted temporal file: /p/11211992-tki-mangrove-restoration/01_data/0_Workflow/14_Mangrove_potential/600/BIN_S10E039.tif
🗑️ Deleted temporal file: /p/11211992-tki-mangrove-restoration/01_data/0_Workflow/14_Mangrove_potential/600/FIL_S10E039.tif

>>> Processing tile: S09E179
📐 Raster calculator expression:
if("NVA_S09E179@1" = 0, ("PON_S09E179@1" * 100 + "ACC_S09E179@1" * 100 + "HIS_S09E179@1" * 100 + "PRM_S09E179@1" * 100 + max("PRR_S09E179@1", "PRC_S09E179@1") * 100 + "SUB_S09E179@1" * 100) / 600, 0)
✔ Saved: /p/11211992-tki-mangrove-restoration/01_data/0_Workflow/14_Mangrove_potential/600/MPM_S09E179.tif
🗑️ Deleted temporal file: /p/11211992-tki-mangrove-restoration/01_data/0_Workflow/14_Mangrove_potential/600/BIN_S09E179.tif
🗑️ Deleted temporal file: /p/11211992-tki-mangrove-restoration/01_data/0_Workflow/14_Mangrove_potential/600/FIL_S09E179.tif

>>> Processing tile: S10E159
📐 Raster calculator expression:
if("NVA_S10E159@1" = 0, ("PON_S10E159@1" * 100 + "ACC_S10E159@1" * 100 + "HIS_S10E159@1" * 100 + "PRM_S10E159@1" * 100 + max("PRR_S10E159@1", "PRC_S10E159@1") * 100 + "SUB_S10E159@1" * 100) / 600, 0)
✔ Saved: /p/11211992-tki-mangrove-restoration/01_data/0_Workflow/14_Mangrove_potential/600/MPM_S10E159.tif
🗑️ Deleted temporal file: /p/11211992-tki-mangrove-restoration/01_data/0_Workflow/14_Mangrove_potential/600/BIN_S10E159.tif
🗑️ Deleted temporal file: /p/11211992-tki-mangrove-restoration/01_data/0_Workflow/14_Mangrove_potential/600/FIL_S10E159.tif

>>> Processing tile: S02E146
📐 Raster calculator expression:
if("NVA_S02E146@1" = 0, ("PON_S02E146@1" * 100 + "ACC_S02E146@1" * 100 + "HIS_S02E146@1" * 100 + "PRM_S02E146@1" * 100 + max("PRR_S02E146@1", "PRC_S02E146@1") * 100 + "SUB_S02E146@1" * 100) / 600, 0)
✔ Saved: /p/11211992-tki-mangrove-restoration/01_data/0_Workflow/14_Mangrove_potential/600/MPM_S02E146.tif
🗑️ Deleted temporal file: /p/11211992-tki-mangrove-restoration/01_data/0_Workflow/14_Mangrove_potential/600/BIN_S02E146.tif
🗑️ Deleted temporal file: /p/11211992-tki-mangrove-restoration/01_data/0_Workflow/14_Mangrove_potential/600/FIL_S02E146.tif

>>> Processing tile: S35E151
📐 Raster calculator expression:
if("NVA_S35E151@1" = 0, ("PON_S35E151@1" * 100 + "ACC_S35E151@1" * 100 + "HIS_S35E151@1" * 100 + "PRM_S35E151@1" * 100 + max("PRR_S35E151@1", "PRC_S35E151@1") * 100 + "SUB_S35E151@1" * 100) / 600, 0)
✔ Saved: /p/11211992-tki-mangrove-restoration/01_data/0_Workflow/14_Mangrove_potential/600/MPM_S35E151.tif
🗑️ Deleted temporal file: /p/11211992-tki-mangrove-restoration/01_data/0_Workflow/14_Mangrove_potential/600/BIN_S35E151.tif
🗑️ Deleted temporal file: /p/11211992-tki-mangrove-restoration/01_data/0_Workflow/14_Mangrove_potential/600/FIL_S35E151.tif

>>> Processing tile: N01E173
📐 Raster calculator expression:
if("NVA_N01E173@1" = 0, ("PON_N01E173@1" * 100 + "ACC_N01E173@1" * 100 + "HIS_N01E173@1" * 100 + "PRM_N01E173@1" * 100 + max("PRR_N01E173@1", "PRC_N01E173@1") * 100 + "SUB_N01E173@1" * 100) / 600, 0)
✔ Saved: /p/11211992-tki-mangrove-restoration/01_data/0_Workflow/14_Mangrove_potential/600/MPM_N01E173.tif
🗑️ Deleted temporal file: /p/11211992-tki-mangrove-restoration/01_data/0_Workflow/14_Mangrove_potential/600/BIN_N01E173.tif
🗑️ Deleted temporal file: /p/11211992-tki-mangrove-restoration/01_data/0_Workflow/14_Mangrove_potential/600/FIL_N01E173.tif

>>> Processing tile: S08E143
📐 Raster calculator expression:
if("NVA_S08E143@1" = 0, ("PON_S08E143@1" * 100 + "ACC_S08E143@1" * 100 + "HIS_S08E143@1" * 100 + "PRM_S08E143@1" * 100 + max("PRR_S08E143@1", "PRC_S08E143@1") * 100 + "SUB_S08E143@1" * 100) / 600, 0)
✔ Saved: /p/11211992-tki-mangrove-restoration/01_data/0_Workflow/14_Mangrove_potential/600/MPM_S08E143.tif
🗑️ Deleted temporal file: /p/11211992-tki-mangrove-restoration/01_data/0_Workflow/14_Mangrove_potential/600/BIN_S08E143.tif
🗑️ Deleted temporal file: /p/11211992-tki-mangrove-restoration/01_data/0_Workflow/14_Mangrove_potential/600/FIL_S08E143.tif

>>> Processing tile: S03E147
📐 Raster calculator expression:
if("NVA_S03E147@1" = 0, ("PON_S03E147@1" * 100 + "ACC_S03E147@1" * 100 + "HIS_S03E147@1" * 100 + "PRM_S03E147@1" * 100 + max("PRR_S03E147@1", "PRC_S03E147@1") * 100 + "SUB_S03E147@1" * 100) / 600, 0)
✔ Saved: /p/11211992-tki-mangrove-restoration/01_data/0_Workflow/14_Mangrove_potential/600/MPM_S03E147.tif
🗑️ Deleted temporal file: /p/11211992-tki-mangrove-restoration/01_data/0_Workflow/14_Mangrove_potential/600/BIN_S03E147.tif
🗑️ Deleted temporal file: /p/11211992-tki-mangrove-restoration/01_data/0_Workflow/14_Mangrove_potential/600/FIL_S03E147.tif

>>> Processing tile: S05E039
📐 Raster calculator expression:
if("NVA_S05E039@1" = 0, ("PON_S05E039@1" * 100 + "ACC_S05E039@1" * 100 + "HIS_S05E039@1" * 100 + "PRM_S05E039@1" * 100 + max("PRR_S05E039@1", "PRC_S05E039@1") * 100 + "SUB_S05E039@1" * 100) / 600, 0)
✔ Saved: /p/11211992-tki-mangrove-restoration/01_data/0_Workflow/14_Mangrove_potential/600/MPM_S05E039.tif
🗑️ Deleted temporal file: /p/11211992-tki-mangrove-restoration/01_data/0_Workflow/14_Mangrove_potential/600/BIN_S05E039.tif
🗑️ Deleted temporal file: /p/11211992-tki-mangrove-restoration/01_data/0_Workflow/14_Mangrove_potential/600/FIL_S05E039.tif

>>> Processing tile: S02E042
📐 Raster calculator expression:
if("NVA_S02E042@1" = 0, ("PON_S02E042@1" * 100 + "ACC_S02E042@1" * 100 + "HIS_S02E042@1" * 100 + "PRM_S02E042@1" * 100 + max("PRR_S02E042@1", "PRC_S02E042@1") * 100 + "SUB_S02E042@1" * 100) / 600, 0)
✔ Saved: /p/11211992-tki-mangrove-restoration/01_data/0_Workflow/14_Mangrove_potential/600/MPM_S02E042.tif
🗑️ Deleted temporal file: /p/11211992-tki-mangrove-restoration/01_data/0_Workflow/14_Mangrove_potential/600/BIN_S02E042.tif
🗑️ Deleted temporal file: /p/11211992-tki-mangrove-restoration/01_data/0_Workflow/14_Mangrove_potential/600/FIL_S02E042.tif

>>> Processing tile: S02W092
📐 Raster calculator expression:
if("NVA_S02W092@1" = 0, ("PON_S02W092@1" * 100 + "ACC_S02W092@1" * 100 + "HIS_S02W092@1" * 100 + "PRM_S02W092@1" * 100 + max("PRR_S02W092@1", "PRC_S02W092@1") * 100 + "SUB_S02W092@1" * 100) / 600, 0)
✔ Saved: /p/11211992-tki-mangrove-restoration/01_data/0_Workflow/14_Mangrove_potential/600/MPM_S02W092.tif
🗑️ Deleted temporal file: /p/11211992-tki-mangrove-restoration/01_data/0_Workflow/14_Mangrove_potential/600/BIN_S02W092.tif
🗑️ Deleted temporal file: /p/11211992-tki-mangrove-restoration/01_data/0_Workflow/14_Mangrove_potential/600/FIL_S02W092.tif

>>> Processing tile: N05W005
📐 Raster calculator expression:
if("NVA_N05W005@1" = 0, ("PON_N05W005@1" * 100 + "ACC_N05W005@1" * 100 + "HIS_N05W005@1" * 100 + "PRM_N05W005@1" * 100 + max("PRR_N05W005@1", "PRC_N05W005@1") * 100 + "SUB_N05W005@1" * 100) / 600, 0)
✔ Saved: /p/11211992-tki-mangrove-restoration/01_data/0_Workflow/14_Mangrove_potential/600/MPM_N05W005.tif
🗑️ Deleted temporal file: /p/11211992-tki-mangrove-restoration/01_data/0_Workflow/14_Mangrove_potential/600/BIN_N05W005.tif
🗑️ Deleted temporal file: /p/11211992-tki-mangrove-restoration/01_data/0_Workflow/14_Mangrove_potential/600/FIL_N05W005.tif

>>> Processing tile: N19W078
📐 Raster calculator expression:
if("NVA_N19W078@1" = 0, ("PON_N19W078@1" * 100 + "ACC_N19W078@1" * 100 + "HIS_N19W078@1" * 100 + "PRM_N19W078@1" * 100 + max("PRR_N19W078@1", "PRC_N19W078@1") * 100 + "SUB_N19W078@1" * 100) / 600, 0)
✔ Saved: /p/11211992-tki-mangrove-restoration/01_data/0_Workflow/14_Mangrove_potential/600/MPM_N19W078.tif
🗑️ Deleted temporal file: /p/11211992-tki-mangrove-restoration/01_data/0_Workflow/14_Mangrove_potential/600/BIN_N19W078.tif
🗑️ Deleted temporal file: /p/11211992-tki-mangrove-restoration/01_data/0_Workflow/14_Mangrove_potential/600/FIL_N19W078.tif

>>> Processing tile: S03E146
📐 Raster calculator expression:
if("NVA_S03E146@1" = 0, ("PON_S03E146@1" * 100 + "ACC_S03E146@1" * 100 + "HIS_S03E146@1" * 100 + "PRM_S03E146@1" * 100 + max("PRR_S03E146@1", "PRC_S03E146@1") * 100 + "SUB_S03E146@1" * 100) / 600, 0)
✔ Saved: /p/11211992-tki-mangrove-restoration/01_data/0_Workflow/14_Mangrove_potential/600/MPM_S03E146.tif
🗑️ Deleted temporal file: /p/11211992-tki-mangrove-restoration/01_data/0_Workflow/14_Mangrove_potential/600/BIN_S03E146.tif
🗑️ Deleted temporal file: /p/11211992-tki-mangrove-restoration/01_data/0_Workflow/14_Mangrove_potential/600/FIL_S03E146.tif

>>> Processing tile: N32W065
📐 Raster calculator expression:
if("NVA_N32W065@1" = 0, ("PON_N32W065@1" * 100 + "ACC_N32W065@1" * 100 + "HIS_N32W065@1" * 100 + "PRM_N32W065@1" * 100 + max("PRR_N32W065@1", "PRC_N32W065@1") * 100 + "SUB_N32W065@1" * 100) / 600, 0)
✔ Saved: /p/11211992-tki-mangrove-restoration/01_data/0_Workflow/14_Mangrove_potential/600/MPM_N32W065.tif
🗑️ Deleted temporal file: /p/11211992-tki-mangrove-restoration/01_data/0_Workflow/14_Mangrove_potential/600/BIN_N32W065.tif
🗑️ Deleted temporal file: /p/11211992-tki-mangrove-restoration/01_data/0_Workflow/14_Mangrove_potential/600/FIL_N32W065.tif

>>> Processing tile: N05W004
📐 Raster calculator expression:
if("NVA_N05W004@1" = 0, ("PON_N05W004@1" * 100 + "ACC_N05W004@1" * 100 + "HIS_N05W004@1" * 100 + "PRM_N05W004@1" * 100 + max("PRR_N05W004@1", "PRC_N05W004@1") * 100 + "SUB_N05W004@1" * 100) / 600, 0)
✔ Saved: /p/11211992-tki-mangrove-restoration/01_data/0_Workflow/14_Mangrove_potential/600/MPM_N05W004.tif
🗑️ Deleted temporal file: /p/11211992-tki-mangrove-restoration/01_data/0_Workflow/14_Mangrove_potential/600/BIN_N05W004.tif
🗑️ Deleted temporal file: /p/11211992-tki-mangrove-restoration/01_data/0_Workflow/14_Mangrove_potential/600/FIL_N05W004.tif

>>> Processing tile: S11E013
📐 Raster calculator expression:
if("NVA_S11E013@1" = 0, ("PON_S11E013@1" * 100 + "ACC_S11E013@1" * 100 + "HIS_S11E013@1" * 100 + "PRM_S11E013@1" * 100 + max("PRR_S11E013@1", "PRC_S11E013@1") * 100 + "SUB_S11E013@1" * 100) / 600, 0)
✔ Saved: /p/11211992-tki-mangrove-restoration/01_data/0_Workflow/14_Mangrove_potential/600/MPM_S11E013.tif
🗑️ Deleted temporal file: /p/11211992-tki-mangrove-restoration/01_data/0_Workflow/14_Mangrove_potential/600/BIN_S11E013.tif
🗑️ Deleted temporal file: /p/11211992-tki-mangrove-restoration/01_data/0_Workflow/14_Mangrove_potential/600/FIL_S11E013.tif

>>> Processing tile: S22W160
📐 Raster calculator expression:
if("NVA_S22W160@1" = 0, ("PON_S22W160@1" * 100 + "ACC_S22W160@1" * 100 + "HIS_S22W160@1" * 100 + "PRM_S22W160@1" * 100 + max("PRR_S22W160@1", "PRC_S22W160@1") * 100 + "SUB_S22W160@1" * 100) / 600, 0)
✔ Saved: /p/11211992-tki-mangrove-restoration/01_data/0_Workflow/14_Mangrove_potential/600/MPM_S22W160.tif
🗑️ Deleted temporal file: /p/11211992-tki-mangrove-restoration/01_data/0_Workflow/14_Mangrove_potential/600/BIN_S22W160.tif
🗑️ Deleted temporal file: /p/11211992-tki-mangrove-restoration/01_data/0_Workflow/14_Mangrove_potential/600/FIL_S22W160.tif

>>> Processing tile: N24E054
📐 Raster calculator expression:
if("NVA_N24E054@1" = 0, ("PON_N24E054@1" * 100 + "ACC_N24E054@1" * 100 + "HIS_N24E054@1" * 100 + "PRM_N24E054@1" * 100 + max("PRR_N24E054@1", "PRC_N24E054@1") * 100 + "SUB_N24E054@1" * 100) / 600, 0)
✔ Saved: /p/11211992-tki-mangrove-restoration/01_data/0_Workflow/14_Mangrove_potential/600/MPM_N24E054.tif
🗑️ Deleted temporal file: /p/11211992-tki-mangrove-restoration/01_data/0_Workflow/14_Mangrove_potential/600/BIN_N24E054.tif
🗑️ Deleted temporal file: /p/11211992-tki-mangrove-restoration/01_data/0_Workflow/14_Mangrove_potential/600/FIL_N24E054.tif

>>> Processing tile: S19E179
📐 Raster calculator expression:
if("NVA_S19E179@1" = 0, ("PON_S19E179@1" * 100 + "ACC_S19E179@1" * 100 + "HIS_S19E179@1" * 100 + "PRM_S19E179@1" * 100 + max("PRR_S19E179@1", "PRC_S19E179@1") * 100 + "SUB_S19E179@1" * 100) / 600, 0)
✔ Saved: /p/11211992-tki-mangrove-restoration/01_data/0_Workflow/14_Mangrove_potential/600/MPM_S19E179.tif
🗑️ Deleted temporal file: /p/11211992-tki-mangrove-restoration/01_data/0_Workflow/14_Mangrove_potential/600/BIN_S19E179.tif
🗑️ Deleted temporal file: /p/11211992-tki-mangrove-restoration/01_data/0_Workflow/14_Mangrove_potential/600/FIL_S19E179.tif

>>> Processing tile: S12E131
📐 Raster calculator expression:
if("NVA_S12E131@1" = 0, ("PON_S12E131@1" * 100 + "ACC_S12E131@1" * 100 + "HIS_S12E131@1" * 100 + "PRM_S12E131@1" * 100 + max("PRR_S12E131@1", "PRC_S12E131@1") * 100 + "SUB_S12E131@1" * 100) / 600, 0)
✔ Saved: /p/11211992-tki-mangrove-restoration/01_data/0_Workflow/14_Mangrove_potential/600/MPM_S12E131.tif
🗑️ Deleted temporal file: /p/11211992-tki-mangrove-restoration/01_data/0_Workflow/14_Mangrove_potential/600/BIN_S12E131.tif
🗑️ Deleted temporal file: /p/11211992-tki-mangrove-restoration/01_data/0_Workflow/14_Mangrove_potential/600/FIL_S12E131.tif

>>> Processing tile: N18W156
📐 Raster calculator expression:
if("NVA_N18W156@1" = 0, ("PON_N18W156@1" * 100 + "ACC_N18W156@1" * 100 + "HIS_N18W156@1" * 100 + "PRM_N18W156@1" * 100 + max("PRR_N18W156@1", "PRC_N18W156@1") * 100 + "SUB_N18W156@1" * 100) / 600, 0)
✔ Saved: /p/11211992-tki-mangrove-restoration/01_data/0_Workflow/14_Mangrove_potential/600/MPM_N18W156.tif
🗑️ Deleted temporal file: /p/11211992-tki-mangrove-restoration/01_data/0_Workflow/14_Mangrove_potential/600/BIN_N18W156.tif
🗑️ Deleted temporal file: /p/11211992-tki-mangrove-restoration/01_data/0_Workflow/14_Mangrove_potential/600/FIL_N18W156.tif

>>> Processing tile: N15W017
📐 Raster calculator expression:
if("NVA_N15W017@1" = 0, ("PON_N15W017@1" * 100 + "ACC_N15W017@1" * 100 + "HIS_N15W017@1" * 100 + "PRM_N15W017@1" * 100 + max("PRR_N15W017@1", "PRC_N15W017@1") * 100 + "SUB_N15W017@1" * 100) / 600, 0)
✔ Saved: /p/11211992-tki-mangrove-restoration/01_data/0_Workflow/14_Mangrove_potential/600/MPM_N15W017.tif
🗑️ Deleted temporal file: /p/11211992-tki-mangrove-restoration/01_data/0_Workflow/14_Mangrove_potential/600/BIN_N15W017.tif
🗑️ Deleted temporal file: /p/11211992-tki-mangrove-restoration/01_data/0_Workflow/14_Mangrove_potential/600/FIL_N15W017.tif

>>> Processing tile: S29E114
📐 Raster calculator expression:
if("NVA_S29E114@1" = 0, ("PON_S29E114@1" * 100 + "ACC_S29E114@1" * 100 + "HIS_S29E114@1" * 100 + "PRM_S29E114@1" * 100 + max("PRR_S29E114@1", "PRC_S29E114@1") * 100 + "SUB_S29E114@1" * 100) / 600, 0)
✔ Saved: /p/11211992-tki-mangrove-restoration/01_data/0_Workflow/14_Mangrove_potential/600/MPM_S29E114.tif
🗑️ Deleted temporal file: /p/11211992-tki-mangrove-restoration/01_data/0_Workflow/14_Mangrove_potential/600/BIN_S29E114.tif
🗑️ Deleted temporal file: /p/11211992-tki-mangrove-restoration/01_data/0_Workflow/14_Mangrove_potential/600/FIL_S29E114.tif

>>> Processing tile: S26E113
📐 Raster calculator expression:
if("NVA_S26E113@1" = 0, ("PON_S26E113@1" * 100 + "ACC_S26E113@1" * 100 + "HIS_S26E113@1" * 100 + "PRM_S26E113@1" * 100 + max("PRR_S26E113@1", "PRC_S26E113@1") * 100 + "SUB_S26E113@1" * 100) / 600, 0)
✔ Saved: /p/11211992-tki-mangrove-restoration/01_data/0_Workflow/14_Mangrove_potential/600/MPM_S26E113.tif
🗑️ Deleted temporal file: /p/11211992-tki-mangrove-restoration/01_data/0_Workflow/14_Mangrove_potential/600/BIN_S26E113.tif
🗑️ Deleted temporal file: /p/11211992-tki-mangrove-restoration/01_data/0_Workflow/14_Mangrove_potential/600/FIL_S26E113.tif

>>> Processing tile: S13E043
📐 Raster calculator expression:
if("NVA_S13E043@1" = 0, ("PON_S13E043@1" * 100 + "ACC_S13E043@1" * 100 + "HIS_S13E043@1" * 100 + "PRM_S13E043@1" * 100 + max("PRR_S13E043@1", "PRC_S13E043@1") * 100 + "SUB_S13E043@1" * 100) / 600, 0)
✔ Saved: /p/11211992-tki-mangrove-restoration/01_data/0_Workflow/14_Mangrove_potential/600/MPM_S13E043.tif
🗑️ Deleted temporal file: /p/11211992-tki-mangrove-restoration/01_data/0_Workflow/14_Mangrove_potential/600/BIN_S13E043.tif
🗑️ Deleted temporal file: /p/11211992-tki-mangrove-restoration/01_data/0_Workflow/14_Mangrove_potential/600/FIL_S13E043.tif

>>> Processing tile: N09W086
📐 Raster calculator expression:
if("NVA_N09W086@1" = 0, ("PON_N09W086@1" * 100 + "ACC_N09W086@1" * 100 + "HIS_N09W086@1" * 100 + "PRM_N09W086@1" * 100 + max("PRR_N09W086@1", "PRC_N09W086@1") * 100 + "SUB_N09W086@1" * 100) / 600, 0)
✔ Saved: /p/11211992-tki-mangrove-restoration/01_data/0_Workflow/14_Mangrove_potential/600/MPM_N09W086.tif
🗑️ Deleted temporal file: /p/11211992-tki-mangrove-restoration/01_data/0_Workflow/14_Mangrove_potential/600/BIN_N09W086.tif
🗑️ Deleted temporal file: /p/11211992-tki-mangrove-restoration/01_data/0_Workflow/14_Mangrove_potential/600/FIL_N09W086.tif

>>> Processing tile: S17W151
📐 Raster calculator expression:
if("NVA_S17W151@1" = 0, ("PON_S17W151@1" * 100 + "ACC_S17W151@1" * 100 + "HIS_S17W151@1" * 100 + "PRM_S17W151@1" * 100 + max("PRR_S17W151@1", "PRC_S17W151@1") * 100 + "SUB_S17W151@1" * 100) / 600, 0)
✔ Saved: /p/11211992-tki-mangrove-restoration/01_data/0_Workflow/14_Mangrove_potential/600/MPM_S17W151.tif
🗑️ Deleted temporal file: /p/11211992-tki-mangrove-restoration/01_data/0_Workflow/14_Mangrove_potential/600/BIN_S17W151.tif
🗑️ Deleted temporal file: /p/11211992-tki-mangrove-restoration/01_data/0_Workflow/14_Mangrove_potential/600/FIL_S17W151.tif

>>> Processing tile: S25E151
📐 Raster calculator expression:
if("NVA_S25E151@1" = 0, ("PON_S25E151@1" * 100 + "ACC_S25E151@1" * 100 + "HIS_S25E151@1" * 100 + "PRM_S25E151@1" * 100 + max("PRR_S25E151@1", "PRC_S25E151@1") * 100 + "SUB_S25E151@1" * 100) / 600, 0)
✔ Saved: /p/11211992-tki-mangrove-restoration/01_data/0_Workflow/14_Mangrove_potential/600/MPM_S25E151.tif
🗑️ Deleted temporal file: /p/11211992-tki-mangrove-restoration/01_data/0_Workflow/14_Mangrove_potential/600/BIN_S25E151.tif
🗑️ Deleted temporal file: /p/11211992-tki-mangrove-restoration/01_data/0_Workflow/14_Mangrove_potential/600/FIL_S25E151.tif

>>> Processing tile: N27E049
📐 Raster calculator expression:
if("NVA_N27E049@1" = 0, ("PON_N27E049@1" * 100 + "ACC_N27E049@1" * 100 + "HIS_N27E049@1" * 100 + "PRM_N27E049@1" * 100 + max("PRR_N27E049@1", "PRC_N27E049@1") * 100 + "SUB_N27E049@1" * 100) / 600, 0)
✔ Saved: /p/11211992-tki-mangrove-restoration/01_data/0_Workflow/14_Mangrove_potential/600/MPM_N27E049.tif
🗑️ Deleted temporal file: /p/11211992-tki-mangrove-restoration/01_data/0_Workflow/14_Mangrove_potential/600/BIN_N27E049.tif
🗑️ Deleted temporal file: /p/11211992-tki-mangrove-restoration/01_data/0_Workflow/14_Mangrove_potential/600/FIL_N27E049.tif

>>> Processing tile: S19E178
📐 Raster calculator expression:
if("NVA_S19E178@1" = 0, ("PON_S19E178@1" * 100 + "ACC_S19E178@1" * 100 + "HIS_S19E178@1" * 100 + "PRM_S19E178@1" * 100 + max("PRR_S19E178@1", "PRC_S19E178@1") * 100 + "SUB_S19E178@1" * 100) / 600, 0)
✔ Saved: /p/11211992-tki-mangrove-restoration/01_data/0_Workflow/14_Mangrove_potential/600/MPM_S19E178.tif
🗑️ Deleted temporal file: /p/11211992-tki-mangrove-restoration/01_data/0_Workflow/14_Mangrove_potential/600/BIN_S19E178.tif
🗑️ Deleted temporal file: /p/11211992-tki-mangrove-restoration/01_data/0_Workflow/14_Mangrove_potential/600/FIL_S19E178.tif

>>> Processing tile: S12E130
📐 Raster calculator expression:
if("NVA_S12E130@1" = 0, ("PON_S12E130@1" * 100 + "ACC_S12E130@1" * 100 + "HIS_S12E130@1" * 100 + "PRM_S12E130@1" * 100 + max("PRR_S12E130@1", "PRC_S12E130@1") * 100 + "SUB_S12E130@1" * 100) / 600, 0)
✔ Saved: /p/11211992-tki-mangrove-restoration/01_data/0_Workflow/14_Mangrove_potential/600/MPM_S12E130.tif
🗑️ Deleted temporal file: /p/11211992-tki-mangrove-restoration/01_data/0_Workflow/14_Mangrove_potential/600/BIN_S12E130.tif
🗑️ Deleted temporal file: /p/11211992-tki-mangrove-restoration/01_data/0_Workflow/14_Mangrove_potential/600/FIL_S12E130.tif

>>> Processing tile: S18W179
📐 Raster calculator expression:
if("NVA_S18W179@1" = 0, ("PON_S18W179@1" * 100 + "ACC_S18W179@1" * 100 + "HIS_S18W179@1" * 100 + "PRM_S18W179@1" * 100 + max("PRR_S18W179@1", "PRC_S18W179@1") * 100 + "SUB_S18W179@1" * 100) / 600, 0)
✔ Saved: /p/11211992-tki-mangrove-restoration/01_data/0_Workflow/14_Mangrove_potential/600/MPM_S18W179.tif
🗑️ Deleted temporal file: /p/11211992-tki-mangrove-restoration/01_data/0_Workflow/14_Mangrove_potential/600/BIN_S18W179.tif
🗑️ Deleted temporal file: /p/11211992-tki-mangrove-restoration/01_data/0_Workflow/14_Mangrove_potential/600/FIL_S18W179.tif

>>> Processing tile: N24W082
📐 Raster calculator expression:
if("NVA_N24W082@1" = 0, ("PON_N24W082@1" * 100 + "ACC_N24W082@1" * 100 + "HIS_N24W082@1" * 100 + "PRM_N24W082@1" * 100 + max("PRR_N24W082@1", "PRC_N24W082@1") * 100 + "SUB_N24W082@1" * 100) / 600, 0)
✔ Saved: /p/11211992-tki-mangrove-restoration/01_data/0_Workflow/14_Mangrove_potential/600/MPM_N24W082.tif
🗑️ Deleted temporal file: /p/11211992-tki-mangrove-restoration/01_data/0_Workflow/14_Mangrove_potential/600/BIN_N24W082.tif
🗑️ Deleted temporal file: /p/11211992-tki-mangrove-restoration/01_data/0_Workflow/14_Mangrove_potential/600/FIL_N24W082.tif

>>> Processing tile: S21E119
📐 Raster calculator expression:
if("NVA_S21E119@1" = 0, ("PON_S21E119@1" * 100 + "ACC_S21E119@1" * 100 + "HIS_S21E119@1" * 100 + "PRM_S21E119@1" * 100 + max("PRR_S21E119@1", "PRC_S21E119@1") * 100 + "SUB_S21E119@1" * 100) / 600, 0)
✔ Saved: /p/11211992-tki-mangrove-restoration/01_data/0_Workflow/14_Mangrove_potential/600/MPM_S21E119.tif
🗑️ Deleted temporal file: /p/11211992-tki-mangrove-restoration/01_data/0_Workflow/14_Mangrove_potential/600/BIN_S21E119.tif
🗑️ Deleted temporal file: /p/11211992-tki-mangrove-restoration/01_data/0_Workflow/14_Mangrove_potential/600/FIL_S21E119.tif

>>> Processing tile: N06E093
📐 Raster calculator expression:
if("NVA_N06E093@1" = 0, ("PON_N06E093@1" * 100 + "ACC_N06E093@1" * 100 + "HIS_N06E093@1" * 100 + "PRM_N06E093@1" * 100 + max("PRR_N06E093@1", "PRC_N06E093@1") * 100 + "SUB_N06E093@1" * 100) / 600, 0)
✔ Saved: /p/11211992-tki-mangrove-restoration/01_data/0_Workflow/14_Mangrove_potential/600/MPM_N06E093.tif
🗑️ Deleted temporal file: /p/11211992-tki-mangrove-restoration/01_data/0_Workflow/14_Mangrove_potential/600/BIN_N06E093.tif
🗑️ Deleted temporal file: /p/11211992-tki-mangrove-restoration/01_data/0_Workflow/14_Mangrove_potential/600/FIL_N06E093.tif

>>> Processing tile: N25E121
📐 Raster calculator expression:
if("NVA_N25E121@1" = 0, ("PON_N25E121@1" * 100 + "ACC_N25E121@1" * 100 + "HIS_N25E121@1" * 100 + "PRM_N25E121@1" * 100 + max("PRR_N25E121@1", "PRC_N25E121@1") * 100 + "SUB_N25E121@1" * 100) / 600, 0)
✔ Saved: /p/11211992-tki-mangrove-restoration/01_data/0_Workflow/14_Mangrove_potential/600/MPM_N25E121.tif
🗑️ Deleted temporal file: /p/11211992-tki-mangrove-restoration/01_data/0_Workflow/14_Mangrove_potential/600/BIN_N25E121.tif
🗑️ Deleted temporal file: /p/11211992-tki-mangrove-restoration/01_data/0_Workflow/14_Mangrove_potential/600/FIL_N25E121.tif

>>> Processing tile: S15W171
📐 Raster calculator expression:
if("NVA_S15W171@1" = 0, ("PON_S15W171@1" * 100 + "ACC_S15W171@1" * 100 + "HIS_S15W171@1" * 100 + "PRM_S15W171@1" * 100 + max("PRR_S15W171@1", "PRC_S15W171@1") * 100 + "SUB_S15W171@1" * 100) / 600, 0)
✔ Saved: /p/11211992-tki-mangrove-restoration/01_data/0_Workflow/14_Mangrove_potential/600/MPM_S15W171.tif
🗑️ Deleted temporal file: /p/11211992-tki-mangrove-restoration/01_data/0_Workflow/14_Mangrove_potential/600/BIN_S15W171.tif
🗑️ Deleted temporal file: /p/11211992-tki-mangrove-restoration/01_data/0_Workflow/14_Mangrove_potential/600/FIL_S15W171.tif

>>> Processing tile: N17E054
📐 Raster calculator expression:
if("NVA_N17E054@1" = 0, ("PON_N17E054@1" * 100 + "ACC_N17E054@1" * 100 + "HIS_N17E054@1" * 100 + "PRM_N17E054@1" * 100 + max("PRR_N17E054@1", "PRC_N17E054@1") * 100 + "SUB_N17E054@1" * 100) / 600, 0)
✔ Saved: /p/11211992-tki-mangrove-restoration/01_data/0_Workflow/14_Mangrove_potential/600/MPM_N17E054.tif
🗑️ Deleted temporal file: /p/11211992-tki-mangrove-restoration/01_data/0_Workflow/14_Mangrove_potential/600/BIN_N17E054.tif
🗑️ Deleted temporal file: /p/11211992-tki-mangrove-restoration/01_data/0_Workflow/14_Mangrove_potential/600/FIL_N17E054.tif

>>> Processing tile: S12E141
📐 Raster calculator expression:
if("NVA_S12E141@1" = 0, ("PON_S12E141@1" * 100 + "ACC_S12E141@1" * 100 + "HIS_S12E141@1" * 100 + "PRM_S12E141@1" * 100 + max("PRR_S12E141@1", "PRC_S12E141@1") * 100 + "SUB_S12E141@1" * 100) / 600, 0)
✔ Saved: /p/11211992-tki-mangrove-restoration/01_data/0_Workflow/14_Mangrove_potential/600/MPM_S12E141.tif
🗑️ Deleted temporal file: /p/11211992-tki-mangrove-restoration/01_data/0_Workflow/14_Mangrove_potential/600/BIN_S12E141.tif
🗑️ Deleted temporal file: /p/11211992-tki-mangrove-restoration/01_data/0_Workflow/14_Mangrove_potential/600/FIL_S12E141.tif

>>> Processing tile: N25E037
📐 Raster calculator expression:
if("NVA_N25E037@1" = 0, ("PON_N25E037@1" * 100 + "ACC_N25E037@1" * 100 + "HIS_N25E037@1" * 100 + "PRM_N25E037@1" * 100 + max("PRR_N25E037@1", "PRC_N25E037@1") * 100 + "SUB_N25E037@1" * 100) / 600, 0)
✔ Saved: /p/11211992-tki-mangrove-restoration/01_data/0_Workflow/14_Mangrove_potential/600/MPM_N25E037.tif
🗑️ Deleted temporal file: /p/11211992-tki-mangrove-restoration/01_data/0_Workflow/14_Mangrove_potential/600/BIN_N25E037.tif
🗑️ Deleted temporal file: /p/11211992-tki-mangrove-restoration/01_data/0_Workflow/14_Mangrove_potential/600/FIL_N25E037.tif

>>> Processing tile: N24E052
📐 Raster calculator expression:
if("NVA_N24E052@1" = 0, ("PON_N24E052@1" * 100 + "ACC_N24E052@1" * 100 + "HIS_N24E052@1" * 100 + "PRM_N24E052@1" * 100 + max("PRR_N24E052@1", "PRC_N24E052@1") * 100 + "SUB_N24E052@1" * 100) / 600, 0)
✔ Saved: /p/11211992-tki-mangrove-restoration/01_data/0_Workflow/14_Mangrove_potential/600/MPM_N24E052.tif
🗑️ Deleted temporal file: /p/11211992-tki-mangrove-restoration/01_data/0_Workflow/14_Mangrove_potential/600/BIN_N24E052.tif
🗑️ Deleted temporal file: /p/11211992-tki-mangrove-restoration/01_data/0_Workflow/14_Mangrove_potential/600/FIL_N24E052.tif

>>> Processing tile: S21E118
📐 Raster calculator expression:
if("NVA_S21E118@1" = 0, ("PON_S21E118@1" * 100 + "ACC_S21E118@1" * 100 + "HIS_S21E118@1" * 100 + "PRM_S21E118@1" * 100 + max("PRR_S21E118@1", "PRC_S21E118@1") * 100 + "SUB_S21E118@1" * 100) / 600, 0)
✔ Saved: /p/11211992-tki-mangrove-restoration/01_data/0_Workflow/14_Mangrove_potential/600/MPM_S21E118.tif
🗑️ Deleted temporal file: /p/11211992-tki-mangrove-restoration/01_data/0_Workflow/14_Mangrove_potential/600/BIN_S21E118.tif
🗑️ Deleted temporal file: /p/11211992-tki-mangrove-restoration/01_data/0_Workflow/14_Mangrove_potential/600/FIL_S21E118.tif

>>> Processing tile: N17W068
📐 Raster calculator expression:
if("NVA_N17W068@1" = 0, ("PON_N17W068@1" * 100 + "ACC_N17W068@1" * 100 + "HIS_N17W068@1" * 100 + "PRM_N17W068@1" * 100 + max("PRR_N17W068@1", "PRC_N17W068@1") * 100 + "SUB_N17W068@1" * 100) / 600, 0)
✔ Saved: /p/11211992-tki-mangrove-restoration/01_data/0_Workflow/14_Mangrove_potential/600/MPM_N17W068.tif
🗑️ Deleted temporal file: /p/11211992-tki-mangrove-restoration/01_data/0_Workflow/14_Mangrove_potential/600/BIN_N17W068.tif
🗑️ Deleted temporal file: /p/11211992-tki-mangrove-restoration/01_data/0_Workflow/14_Mangrove_potential/600/FIL_N17W068.tif

>>> Processing tile: S12E136
📐 Raster calculator expression:
if("NVA_S12E136@1" = 0, ("PON_S12E136@1" * 100 + "ACC_S12E136@1" * 100 + "HIS_S12E136@1" * 100 + "PRM_S12E136@1" * 100 + max("PRR_S12E136@1", "PRC_S12E136@1") * 100 + "SUB_S12E136@1" * 100) / 600, 0)
✔ Saved: /p/11211992-tki-mangrove-restoration/01_data/0_Workflow/14_Mangrove_potential/600/MPM_S12E136.tif
🗑️ Deleted temporal file: /p/11211992-tki-mangrove-restoration/01_data/0_Workflow/14_Mangrove_potential/600/BIN_S12E136.tif
🗑️ Deleted temporal file: /p/11211992-tki-mangrove-restoration/01_data/0_Workflow/14_Mangrove_potential/600/FIL_S12E136.tif

>>> Processing tile: S23E149
📐 Raster calculator expression:
if("NVA_S23E149@1" = 0, ("PON_S23E149@1" * 100 + "ACC_S23E149@1" * 100 + "HIS_S23E149@1" * 100 + "PRM_S23E149@1" * 100 + max("PRR_S23E149@1", "PRC_S23E149@1") * 100 + "SUB_S23E149@1" * 100) / 600, 0)
✔ Saved: /p/11211992-tki-mangrove-restoration/01_data/0_Workflow/14_Mangrove_potential/600/MPM_S23E149.tif
🗑️ Deleted temporal file: /p/11211992-tki-mangrove-restoration/01_data/0_Workflow/14_Mangrove_potential/600/BIN_S23E149.tif
🗑️ Deleted temporal file: /p/11211992-tki-mangrove-restoration/01_data/0_Workflow/14_Mangrove_potential/600/FIL_S23E149.tif

>>> Processing tile: S18E145
📐 Raster calculator expression:
if("NVA_S18E145@1" = 0, ("PON_S18E145@1" * 100 + "ACC_S18E145@1" * 100 + "HIS_S18E145@1" * 100 + "PRM_S18E145@1" * 100 + max("PRR_S18E145@1", "PRC_S18E145@1") * 100 + "SUB_S18E145@1" * 100) / 600, 0)
✔ Saved: /p/11211992-tki-mangrove-restoration/01_data/0_Workflow/14_Mangrove_potential/600/MPM_S18E145.tif
🗑️ Deleted temporal file: /p/11211992-tki-mangrove-restoration/01_data/0_Workflow/14_Mangrove_potential/600/BIN_S18E145.tif
🗑️ Deleted temporal file: /p/11211992-tki-mangrove-restoration/01_data/0_Workflow/14_Mangrove_potential/600/FIL_S18E145.tif

>>> Processing tile: N09W080
📐 Raster calculator expression:
if("NVA_N09W080@1" = 0, ("PON_N09W080@1" * 100 + "ACC_N09W080@1" * 100 + "HIS_N09W080@1" * 100 + "PRM_N09W080@1" * 100 + max("PRR_N09W080@1", "PRC_N09W080@1") * 100 + "SUB_N09W080@1" * 100) / 600, 0)
✔ Saved: /p/11211992-tki-mangrove-restoration/01_data/0_Workflow/14_Mangrove_potential/600/MPM_N09W080.tif
🗑️ Deleted temporal file: /p/11211992-tki-mangrove-restoration/01_data/0_Workflow/14_Mangrove_potential/600/BIN_N09W080.tif
🗑️ Deleted temporal file: /p/11211992-tki-mangrove-restoration/01_data/0_Workflow/14_Mangrove_potential/600/FIL_N09W080.tif

>>> Processing tile: S13E045
📐 Raster calculator expression:
if("NVA_S13E045@1" = 0, ("PON_S13E045@1" * 100 + "ACC_S13E045@1" * 100 + "HIS_S13E045@1" * 100 + "PRM_S13E045@1" * 100 + max("PRR_S13E045@1", "PRC_S13E045@1") * 100 + "SUB_S13E045@1" * 100) / 600, 0)
✔ Saved: /p/11211992-tki-mangrove-restoration/01_data/0_Workflow/14_Mangrove_potential/600/MPM_S13E045.tif
🗑️ Deleted temporal file: /p/11211992-tki-mangrove-restoration/01_data/0_Workflow/14_Mangrove_potential/600/BIN_S13E045.tif
🗑️ Deleted temporal file: /p/11211992-tki-mangrove-restoration/01_data/0_Workflow/14_Mangrove_potential/600/FIL_S13E045.tif

>>> Processing tile: N24E053
📐 Raster calculator expression:
if("NVA_N24E053@1" = 0, ("PON_N24E053@1" * 100 + "ACC_N24E053@1" * 100 + "HIS_N24E053@1" * 100 + "PRM_N24E053@1" * 100 + max("PRR_N24E053@1", "PRC_N24E053@1") * 100 + "SUB_N24E053@1" * 100) / 600, 0)
✔ Saved: /p/11211992-tki-mangrove-restoration/01_data/0_Workflow/14_Mangrove_potential/600/MPM_N24E053.tif
🗑️ Deleted temporal file: /p/11211992-tki-mangrove-restoration/01_data/0_Workflow/14_Mangrove_potential/600/BIN_N24E053.tif
🗑️ Deleted temporal file: /p/11211992-tki-mangrove-restoration/01_data/0_Workflow/14_Mangrove_potential/600/FIL_N24E053.tif

>>> Processing tile: N25E036
📐 Raster calculator expression:
if("NVA_N25E036@1" = 0, ("PON_N25E036@1" * 100 + "ACC_N25E036@1" * 100 + "HIS_N25E036@1" * 100 + "PRM_N25E036@1" * 100 + max("PRR_N25E036@1", "PRC_N25E036@1") * 100 + "SUB_N25E036@1" * 100) / 600, 0)
✔ Saved: /p/11211992-tki-mangrove-restoration/01_data/0_Workflow/14_Mangrove_potential/600/MPM_N25E036.tif
🗑️ Deleted temporal file: /p/11211992-tki-mangrove-restoration/01_data/0_Workflow/14_Mangrove_potential/600/BIN_N25E036.tif
🗑️ Deleted temporal file: /p/11211992-tki-mangrove-restoration/01_data/0_Workflow/14_Mangrove_potential/600/FIL_N25E036.tif

>>> Processing tile: N02W078
📐 Raster calculator expression:
if("NVA_N02W078@1" = 0, ("PON_N02W078@1" * 100 + "ACC_N02W078@1" * 100 + "HIS_N02W078@1" * 100 + "PRM_N02W078@1" * 100 + max("PRR_N02W078@1", "PRC_N02W078@1") * 100 + "SUB_N02W078@1" * 100) / 600, 0)
✔ Saved: /p/11211992-tki-mangrove-restoration/01_data/0_Workflow/14_Mangrove_potential/600/MPM_N02W078.tif
🗑️ Deleted temporal file: /p/11211992-tki-mangrove-restoration/01_data/0_Workflow/14_Mangrove_potential/600/BIN_N02W078.tif
🗑️ Deleted temporal file: /p/11211992-tki-mangrove-restoration/01_data/0_Workflow/14_Mangrove_potential/600/FIL_N02W078.tif

>>> Processing tile: N07E151
📐 Raster calculator expression:
if("NVA_N07E151@1" = 0, ("PON_N07E151@1" * 100 + "ACC_N07E151@1" * 100 + "HIS_N07E151@1" * 100 + "PRM_N07E151@1" * 100 + max("PRR_N07E151@1", "PRC_N07E151@1") * 100 + "SUB_N07E151@1" * 100) / 600, 0)
✔ Saved: /p/11211992-tki-mangrove-restoration/01_data/0_Workflow/14_Mangrove_potential/600/MPM_N07E151.tif
🗑️ Deleted temporal file: /p/11211992-tki-mangrove-restoration/01_data/0_Workflow/14_Mangrove_potential/600/BIN_N07E151.tif
🗑️ Deleted temporal file: /p/11211992-tki-mangrove-restoration/01_data/0_Workflow/14_Mangrove_potential/600/FIL_N07E151.tif

>>> Processing tile: S08E157
📐 Raster calculator expression:
if("NVA_S08E157@1" = 0, ("PON_S08E157@1" * 100 + "ACC_S08E157@1" * 100 + "HIS_S08E157@1" * 100 + "PRM_S08E157@1" * 100 + max("PRR_S08E157@1", "PRC_S08E157@1") * 100 + "SUB_S08E157@1" * 100) / 600, 0)
✔ Saved: /p/11211992-tki-mangrove-restoration/01_data/0_Workflow/14_Mangrove_potential/600/MPM_S08E157.tif
🗑️ Deleted temporal file: /p/11211992-tki-mangrove-restoration/01_data/0_Workflow/14_Mangrove_potential/600/BIN_S08E157.tif
🗑️ Deleted temporal file: /p/11211992-tki-mangrove-restoration/01_data/0_Workflow/14_Mangrove_potential/600/FIL_S08E157.tif

>>> Processing tile: N04W010
📐 Raster calculator expression:
if("NVA_N04W010@1" = 0, ("PON_N04W010@1" * 100 + "ACC_N04W010@1" * 100 + "HIS_N04W010@1" * 100 + "PRM_N04W010@1" * 100 + max("PRR_N04W010@1", "PRC_N04W010@1") * 100 + "SUB_N04W010@1" * 100) / 600, 0)
✔ Saved: /p/11211992-tki-mangrove-restoration/01_data/0_Workflow/14_Mangrove_potential/600/MPM_N04W010.tif
🗑️ Deleted temporal file: /p/11211992-tki-mangrove-restoration/01_data/0_Workflow/14_Mangrove_potential/600/BIN_N04W010.tif
🗑️ Deleted temporal file: /p/11211992-tki-mangrove-restoration/01_data/0_Workflow/14_Mangrove_potential/600/FIL_N04W010.tif

>>> Processing tile: N29W089
📐 Raster calculator expression:
if("NVA_N29W089@1" = 0, ("PON_N29W089@1" * 100 + "ACC_N29W089@1" * 100 + "HIS_N29W089@1" * 100 + "PRM_N29W089@1" * 100 + max("PRR_N29W089@1", "PRC_N29W089@1") * 100 + "SUB_N29W089@1" * 100) / 600, 0)
✔ Saved: /p/11211992-tki-mangrove-restoration/01_data/0_Workflow/14_Mangrove_potential/600/MPM_N29W089.tif
🗑️ Deleted temporal file: /p/11211992-tki-mangrove-restoration/01_data/0_Workflow/14_Mangrove_potential/600/BIN_N29W089.tif
🗑️ Deleted temporal file: /p/11211992-tki-mangrove-restoration/01_data/0_Workflow/14_Mangrove_potential/600/FIL_N29W089.tif

>>> Processing tile: S32E029
📐 Raster calculator expression:
if("NVA_S32E029@1" = 0, ("PON_S32E029@1" * 100 + "ACC_S32E029@1" * 100 + "HIS_S32E029@1" * 100 + "PRM_S32E029@1" * 100 + max("PRR_S32E029@1", "PRC_S32E029@1") * 100 + "SUB_S32E029@1" * 100) / 600, 0)
✔ Saved: /p/11211992-tki-mangrove-restoration/01_data/0_Workflow/14_Mangrove_potential/600/MPM_S32E029.tif
🗑️ Deleted temporal file: /p/11211992-tki-mangrove-restoration/01_data/0_Workflow/14_Mangrove_potential/600/BIN_S32E029.tif
🗑️ Deleted temporal file: /p/11211992-tki-mangrove-restoration/01_data/0_Workflow/14_Mangrove_potential/600/FIL_S32E029.tif

>>> Processing tile: N02W079
📐 Raster calculator expression:
if("NVA_N02W079@1" = 0, ("PON_N02W079@1" * 100 + "ACC_N02W079@1" * 100 + "HIS_N02W079@1" * 100 + "PRM_N02W079@1" * 100 + max("PRR_N02W079@1", "PRC_N02W079@1") * 100 + "SUB_N02W079@1" * 100) / 600, 0)
✔ Saved: /p/11211992-tki-mangrove-restoration/01_data/0_Workflow/14_Mangrove_potential/600/MPM_N02W079.tif
🗑️ Deleted temporal file: /p/11211992-tki-mangrove-restoration/01_data/0_Workflow/14_Mangrove_potential/600/BIN_N02W079.tif
Application path not initialized
QStandardPaths: runtime directory '/run/user/1038055' is not a directory, but a symbolic link to a directory permissions 0775 owned by UID 1038055 GID 1000514
Logged warning: Duplicate provider native registered

🗑️ Deleted temporal file: /p/11211992-tki-mangrove-restoration/01_data/0_Workflow/14_Mangrove_potential/600/FIL_N02W079.tif

>>> Processing tile: N05W002
📐 Raster calculator expression:
if("NVA_N05W002@1" = 0, ("PON_N05W002@1" * 100 + "ACC_N05W002@1" * 100 + "HIS_N05W002@1" * 100 + "PRM_N05W002@1" * 100 + max("PRR_N05W002@1", "PRC_N05W002@1") * 100 + "SUB_N05W002@1" * 100) / 600, 0)
✔ Saved: /p/11211992-tki-mangrove-restoration/01_data/0_Workflow/14_Mangrove_potential/600/MPM_N05W002.tif
🗑️ Deleted temporal file: /p/11211992-tki-mangrove-restoration/01_data/0_Workflow/14_Mangrove_potential/600/BIN_N05W002.tif
🗑️ Deleted temporal file: /p/11211992-tki-mangrove-restoration/01_data/0_Workflow/14_Mangrove_potential/600/FIL_N05W002.tif

>>> Processing tile: S39E177
📐 Raster calculator expression:
if("NVA_S39E177@1" = 0, ("PON_S39E177@1" * 100 + "ACC_S39E177@1" * 100 + "HIS_S39E177@1" * 100 + "PRM_S39E177@1" * 100 + max("PRR_S39E177@1", "PRC_S39E177@1") * 100 + "SUB_S39E177@1" * 100) / 600, 0)
✔ Saved: /p/11211992-tki-mangrove-restoration/01_data/0_Workflow/14_Mangrove_potential/600/MPM_S39E177.tif
🗑️ Deleted temporal file: /p/11211992-tki-mangrove-restoration/01_data/0_Workflow/14_Mangrove_potential/600/BIN_S39E177.tif
🗑️ Deleted temporal file: /p/11211992-tki-mangrove-restoration/01_data/0_Workflow/14_Mangrove_potential/600/FIL_S39E177.tif

>>> Processing tile: N25E034
📐 Raster calculator expression:
if("NVA_N25E034@1" = 0, ("PON_N25E034@1" * 100 + "ACC_N25E034@1" * 100 + "HIS_N25E034@1" * 100 + "PRM_N25E034@1" * 100 + max("PRR_N25E034@1", "PRC_N25E034@1") * 100 + "SUB_N25E034@1" * 100) / 600, 0)
✔ Saved: /p/11211992-tki-mangrove-restoration/01_data/0_Workflow/14_Mangrove_potential/600/MPM_N25E034.tif
🗑️ Deleted temporal file: /p/11211992-tki-mangrove-restoration/01_data/0_Workflow/14_Mangrove_potential/600/BIN_N25E034.tif
🗑️ Deleted temporal file: /p/11211992-tki-mangrove-restoration/01_data/0_Workflow/14_Mangrove_potential/600/FIL_N25E034.tif

>>> Processing tile: S08E156
📐 Raster calculator expression:
if("NVA_S08E156@1" = 0, ("PON_S08E156@1" * 100 + "ACC_S08E156@1" * 100 + "HIS_S08E156@1" * 100 + "PRM_S08E156@1" * 100 + max("PRR_S08E156@1", "PRC_S08E156@1") * 100 + "SUB_S08E156@1" * 100) / 600, 0)
✔ Saved: /p/11211992-tki-mangrove-restoration/01_data/0_Workflow/14_Mangrove_potential/600/MPM_S08E156.tif
🗑️ Deleted temporal file: /p/11211992-tki-mangrove-restoration/01_data/0_Workflow/14_Mangrove_potential/600/BIN_S08E156.tif
🗑️ Deleted temporal file: /p/11211992-tki-mangrove-restoration/01_data/0_Workflow/14_Mangrove_potential/600/FIL_S08E156.tif

>>> Processing tile: N06E005
📐 Raster calculator expression:
if("NVA_N06E005@1" = 0, ("PON_N06E005@1" * 100 + "ACC_N06E005@1" * 100 + "HIS_N06E005@1" * 100 + "PRM_N06E005@1" * 100 + max("PRR_N06E005@1", "PRC_N06E005@1") * 100 + "SUB_N06E005@1" * 100) / 600, 0)
✔ Saved: /p/11211992-tki-mangrove-restoration/01_data/0_Workflow/14_Mangrove_potential/600/MPM_N06E005.tif
🗑️ Deleted temporal file: /p/11211992-tki-mangrove-restoration/01_data/0_Workflow/14_Mangrove_potential/600/BIN_N06E005.tif
🗑️ Deleted temporal file: /p/11211992-tki-mangrove-restoration/01_data/0_Workflow/14_Mangrove_potential/600/FIL_N06E005.tif

>>> Processing tile: S10E143
📐 Raster calculator expression:
if("NVA_S10E143@1" = 0, ("PON_S10E143@1" * 100 + "ACC_S10E143@1" * 100 + "HIS_S10E143@1" * 100 + "PRM_S10E143@1" * 100 + max("PRR_S10E143@1", "PRC_S10E143@1") * 100 + "SUB_S10E143@1" * 100) / 600, 0)
✔ Saved: /p/11211992-tki-mangrove-restoration/01_data/0_Workflow/14_Mangrove_potential/600/MPM_S10E143.tif
🗑️ Deleted temporal file: /p/11211992-tki-mangrove-restoration/01_data/0_Workflow/14_Mangrove_potential/600/BIN_S10E143.tif
🗑️ Deleted temporal file: /p/11211992-tki-mangrove-restoration/01_data/0_Workflow/14_Mangrove_potential/600/FIL_S10E143.tif

>>> Processing tile: S08E158
📐 Raster calculator expression:
if("NVA_S08E158@1" = 0, ("PON_S08E158@1" * 100 + "ACC_S08E158@1" * 100 + "HIS_S08E158@1" * 100 + "PRM_S08E158@1" * 100 + max("PRR_S08E158@1", "PRC_S08E158@1") * 100 + "SUB_S08E158@1" * 100) / 600, 0)
✔ Saved: /p/11211992-tki-mangrove-restoration/01_data/0_Workflow/14_Mangrove_potential/600/MPM_S08E158.tif
🗑️ Deleted temporal file: /p/11211992-tki-mangrove-restoration/01_data/0_Workflow/14_Mangrove_potential/600/BIN_S08E158.tif
🗑️ Deleted temporal file: /p/11211992-tki-mangrove-restoration/01_data/0_Workflow/14_Mangrove_potential/600/FIL_S08E158.tif

>>> Processing tile: N19W070
📐 Raster calculator expression:
if("NVA_N19W070@1" = 0, ("PON_N19W070@1" * 100 + "ACC_N19W070@1" * 100 + "HIS_N19W070@1" * 100 + "PRM_N19W070@1" * 100 + max("PRR_N19W070@1", "PRC_N19W070@1") * 100 + "SUB_N19W070@1" * 100) / 600, 0)
✔ Saved: /p/11211992-tki-mangrove-restoration/01_data/0_Workflow/14_Mangrove_potential/600/MPM_N19W070.tif
🗑️ Deleted temporal file: /p/11211992-tki-mangrove-restoration/01_data/0_Workflow/14_Mangrove_potential/600/BIN_N19W070.tif
🗑️ Deleted temporal file: /p/11211992-tki-mangrove-restoration/01_data/0_Workflow/14_Mangrove_potential/600/FIL_N19W070.tif

>>> Processing tile: N06E073
📐 Raster calculator expression:
if("NVA_N06E073@1" = 0, ("PON_N06E073@1" * 100 + "ACC_N06E073@1" * 100 + "HIS_N06E073@1" * 100 + "PRM_N06E073@1" * 100 + max("PRR_N06E073@1", "PRC_N06E073@1") * 100 + "SUB_N06E073@1" * 100) / 600, 0)
✔ Saved: /p/11211992-tki-mangrove-restoration/01_data/0_Workflow/14_Mangrove_potential/600/MPM_N06E073.tif
🗑️ Deleted temporal file: /p/11211992-tki-mangrove-restoration/01_data/0_Workflow/14_Mangrove_potential/600/BIN_N06E073.tif
🗑️ Deleted temporal file: /p/11211992-tki-mangrove-restoration/01_data/0_Workflow/14_Mangrove_potential/600/FIL_N06E073.tif

>>> Processing tile: N06E004
📐 Raster calculator expression:
if("NVA_N06E004@1" = 0, ("PON_N06E004@1" * 100 + "ACC_N06E004@1" * 100 + "HIS_N06E004@1" * 100 + "PRM_N06E004@1" * 100 + max("PRR_N06E004@1", "PRC_N06E004@1") * 100 + "SUB_N06E004@1" * 100) / 600, 0)
✔ Saved: /p/11211992-tki-mangrove-restoration/01_data/0_Workflow/14_Mangrove_potential/600/MPM_N06E004.tif
🗑️ Deleted temporal file: /p/11211992-tki-mangrove-restoration/01_data/0_Workflow/14_Mangrove_potential/600/BIN_N06E004.tif
🗑️ Deleted temporal file: /p/11211992-tki-mangrove-restoration/01_data/0_Workflow/14_Mangrove_potential/600/FIL_N06E004.tif

>>> Processing tile: S28E032
📐 Raster calculator expression:
if("NVA_S28E032@1" = 0, ("PON_S28E032@1" * 100 + "ACC_S28E032@1" * 100 + "HIS_S28E032@1" * 100 + "PRM_S28E032@1" * 100 + max("PRR_S28E032@1", "PRC_S28E032@1") * 100 + "SUB_S28E032@1" * 100) / 600, 0)
✔ Saved: /p/11211992-tki-mangrove-restoration/01_data/0_Workflow/14_Mangrove_potential/600/MPM_S28E032.tif
🗑️ Deleted temporal file: /p/11211992-tki-mangrove-restoration/01_data/0_Workflow/14_Mangrove_potential/600/BIN_S28E032.tif
🗑️ Deleted temporal file: /p/11211992-tki-mangrove-restoration/01_data/0_Workflow/14_Mangrove_potential/600/FIL_S28E032.tif

>>> Processing tile: N19W071
📐 Raster calculator expression:
if("NVA_N19W071@1" = 0, ("PON_N19W071@1" * 100 + "ACC_N19W071@1" * 100 + "HIS_N19W071@1" * 100 + "PRM_N19W071@1" * 100 + max("PRR_N19W071@1", "PRC_N19W071@1") * 100 + "SUB_N19W071@1" * 100) / 600, 0)
✔ Saved: /p/11211992-tki-mangrove-restoration/01_data/0_Workflow/14_Mangrove_potential/600/MPM_N19W071.tif
🗑️ Deleted temporal file: /p/11211992-tki-mangrove-restoration/01_data/0_Workflow/14_Mangrove_potential/600/BIN_N19W071.tif
🗑️ Deleted temporal file: /p/11211992-tki-mangrove-restoration/01_data/0_Workflow/14_Mangrove_potential/600/FIL_N19W071.tif

>>> Processing tile: S10E142
📐 Raster calculator expression:
if("NVA_S10E142@1" = 0, ("PON_S10E142@1" * 100 + "ACC_S10E142@1" * 100 + "HIS_S10E142@1" * 100 + "PRM_S10E142@1" * 100 + max("PRR_S10E142@1", "PRC_S10E142@1") * 100 + "SUB_S10E142@1" * 100) / 600, 0)
✔ Saved: /p/11211992-tki-mangrove-restoration/01_data/0_Workflow/14_Mangrove_potential/600/MPM_S10E142.tif
🗑️ Deleted temporal file: /p/11211992-tki-mangrove-restoration/01_data/0_Workflow/14_Mangrove_potential/600/BIN_S10E142.tif
🗑️ Deleted temporal file: /p/11211992-tki-mangrove-restoration/01_data/0_Workflow/14_Mangrove_potential/600/FIL_S10E142.tif

>>> Processing tile: N01E009
📐 Raster calculator expression:
if("NVA_N01E009@1" = 0, ("PON_N01E009@1" * 100 + "ACC_N01E009@1" * 100 + "HIS_N01E009@1" * 100 + "PRM_N01E009@1" * 100 + max("PRR_N01E009@1", "PRC_N01E009@1") * 100 + "SUB_N01E009@1" * 100) / 600, 0)
✔ Saved: /p/11211992-tki-mangrove-restoration/01_data/0_Workflow/14_Mangrove_potential/600/MPM_N01E009.tif
🗑️ Deleted temporal file: /p/11211992-tki-mangrove-restoration/01_data/0_Workflow/14_Mangrove_potential/600/BIN_N01E009.tif
🗑️ Deleted temporal file: /p/11211992-tki-mangrove-restoration/01_data/0_Workflow/14_Mangrove_potential/600/FIL_N01E009.tif

>>> Processing tile: S08E039
📐 Raster calculator expression:
if("NVA_S08E039@1" = 0, ("PON_S08E039@1" * 100 + "ACC_S08E039@1" * 100 + "HIS_S08E039@1" * 100 + "PRM_S08E039@1" * 100 + max("PRR_S08E039@1", "PRC_S08E039@1") * 100 + "SUB_S08E039@1" * 100) / 600, 0)
✔ Saved: /p/11211992-tki-mangrove-restoration/01_data/0_Workflow/14_Mangrove_potential/600/MPM_S08E039.tif
🗑️ Deleted temporal file: /p/11211992-tki-mangrove-restoration/01_data/0_Workflow/14_Mangrove_potential/600/BIN_S08E039.tif
🗑️ Deleted temporal file: /p/11211992-tki-mangrove-restoration/01_data/0_Workflow/14_Mangrove_potential/600/FIL_S08E039.tif

>>> Processing tile: S05E151
📐 Raster calculator expression:
if("NVA_S05E151@1" = 0, ("PON_S05E151@1" * 100 + "ACC_S05E151@1" * 100 + "HIS_S05E151@1" * 100 + "PRM_S05E151@1" * 100 + max("PRR_S05E151@1", "PRC_S05E151@1") * 100 + "SUB_S05E151@1" * 100) / 600, 0)
✔ Saved: /p/11211992-tki-mangrove-restoration/01_data/0_Workflow/14_Mangrove_potential/600/MPM_S05E151.tif
🗑️ Deleted temporal file: /p/11211992-tki-mangrove-restoration/01_data/0_Workflow/14_Mangrove_potential/600/BIN_S05E151.tif
🗑️ Deleted temporal file: /p/11211992-tki-mangrove-restoration/01_data/0_Workflow/14_Mangrove_potential/600/FIL_S05E151.tif

>>> Processing tile: S03W172
📐 Raster calculator expression:
if("NVA_S03W172@1" = 0, ("PON_S03W172@1" * 100 + "ACC_S03W172@1" * 100 + "HIS_S03W172@1" * 100 + "PRM_S03W172@1" * 100 + max("PRR_S03W172@1", "PRC_S03W172@1") * 100 + "SUB_S03W172@1" * 100) / 600, 0)
✔ Saved: /p/11211992-tki-mangrove-restoration/01_data/0_Workflow/14_Mangrove_potential/600/MPM_S03W172.tif
🗑️ Deleted temporal file: /p/11211992-tki-mangrove-restoration/01_data/0_Workflow/14_Mangrove_potential/600/BIN_S03W172.tif
🗑️ Deleted temporal file: /p/11211992-tki-mangrove-restoration/01_data/0_Workflow/14_Mangrove_potential/600/FIL_S03W172.tif

>>> Processing tile: N17W066
📐 Raster calculator expression:
if("NVA_N17W066@1" = 0, ("PON_N17W066@1" * 100 + "ACC_N17W066@1" * 100 + "HIS_N17W066@1" * 100 + "PRM_N17W066@1" * 100 + max("PRR_N17W066@1", "PRC_N17W066@1") * 100 + "SUB_N17W066@1" * 100) / 600, 0)
✔ Saved: /p/11211992-tki-mangrove-restoration/01_data/0_Workflow/14_Mangrove_potential/600/MPM_N17W066.tif
🗑️ Deleted temporal file: /p/11211992-tki-mangrove-restoration/01_data/0_Workflow/14_Mangrove_potential/600/BIN_N17W066.tif
🗑️ Deleted temporal file: /p/11211992-tki-mangrove-restoration/01_data/0_Workflow/14_Mangrove_potential/600/FIL_N17W066.tif

>>> Processing tile: S21E116
📐 Raster calculator expression:
if("NVA_S21E116@1" = 0, ("PON_S21E116@1" * 100 + "ACC_S21E116@1" * 100 + "HIS_S21E116@1" * 100 + "PRM_S21E116@1" * 100 + max("PRR_S21E116@1", "PRC_S21E116@1") * 100 + "SUB_S21E116@1" * 100) / 600, 0)
✔ Saved: /p/11211992-tki-mangrove-restoration/01_data/0_Workflow/14_Mangrove_potential/600/MPM_S21E116.tif
🗑️ Deleted temporal file: /p/11211992-tki-mangrove-restoration/01_data/0_Workflow/14_Mangrove_potential/600/BIN_S21E116.tif
🗑️ Deleted temporal file: /p/11211992-tki-mangrove-restoration/01_data/0_Workflow/14_Mangrove_potential/600/FIL_S21E116.tif

>>> Processing tile: S15E143
📐 Raster calculator expression:
if("NVA_S15E143@1" = 0, ("PON_S15E143@1" * 100 + "ACC_S15E143@1" * 100 + "HIS_S15E143@1" * 100 + "PRM_S15E143@1" * 100 + max("PRR_S15E143@1", "PRC_S15E143@1") * 100 + "SUB_S15E143@1" * 100) / 600, 0)
✔ Saved: /p/11211992-tki-mangrove-restoration/01_data/0_Workflow/14_Mangrove_potential/600/MPM_S15E143.tif
🗑️ Deleted temporal file: /p/11211992-tki-mangrove-restoration/01_data/0_Workflow/14_Mangrove_potential/600/BIN_S15E143.tif
🗑️ Deleted temporal file: /p/11211992-tki-mangrove-restoration/01_data/0_Workflow/14_Mangrove_potential/600/FIL_S15E143.tif

>>> Processing tile: N22E035
📐 Raster calculator expression:
if("NVA_N22E035@1" = 0, ("PON_N22E035@1" * 100 + "ACC_N22E035@1" * 100 + "HIS_N22E035@1" * 100 + "PRM_N22E035@1" * 100 + max("PRR_N22E035@1", "PRC_N22E035@1") * 100 + "SUB_N22E035@1" * 100) / 600, 0)
✔ Saved: /p/11211992-tki-mangrove-restoration/01_data/0_Workflow/14_Mangrove_potential/600/MPM_N22E035.tif
🗑️ Deleted temporal file: /p/11211992-tki-mangrove-restoration/01_data/0_Workflow/14_Mangrove_potential/600/BIN_N22E035.tif
🗑️ Deleted temporal file: /p/11211992-tki-mangrove-restoration/01_data/0_Workflow/14_Mangrove_potential/600/FIL_N22E035.tif

>>> Processing tile: N09W063
📐 Raster calculator expression:
if("NVA_N09W063@1" = 0, ("PON_N09W063@1" * 100 + "ACC_N09W063@1" * 100 + "HIS_N09W063@1" * 100 + "PRM_N09W063@1" * 100 + max("PRR_N09W063@1", "PRC_N09W063@1") * 100 + "SUB_N09W063@1" * 100) / 600, 0)
✔ Saved: /p/11211992-tki-mangrove-restoration/01_data/0_Workflow/14_Mangrove_potential/600/MPM_N09W063.tif
🗑️ Deleted temporal file: /p/11211992-tki-mangrove-restoration/01_data/0_Workflow/14_Mangrove_potential/600/BIN_N09W063.tif
🗑️ Deleted temporal file: /p/11211992-tki-mangrove-restoration/01_data/0_Workflow/14_Mangrove_potential/600/FIL_N09W063.tif

>>> Processing tile: N09W015
📐 Raster calculator expression:
if("NVA_N09W015@1" = 0, ("PON_N09W015@1" * 100 + "ACC_N09W015@1" * 100 + "HIS_N09W015@1" * 100 + "PRM_N09W015@1" * 100 + max("PRR_N09W015@1", "PRC_N09W015@1") * 100 + "SUB_N09W015@1" * 100) / 600, 0)
✔ Saved: /p/11211992-tki-mangrove-restoration/01_data/0_Workflow/14_Mangrove_potential/600/MPM_N09W015.tif
🗑️ Deleted temporal file: /p/11211992-tki-mangrove-restoration/01_data/0_Workflow/14_Mangrove_potential/600/BIN_N09W015.tif
🗑️ Deleted temporal file: /p/11211992-tki-mangrove-restoration/01_data/0_Workflow/14_Mangrove_potential/600/FIL_N09W015.tif

>>> Processing tile: S22E034
📐 Raster calculator expression:
if("NVA_S22E034@1" = 0, ("PON_S22E034@1" * 100 + "ACC_S22E034@1" * 100 + "HIS_S22E034@1" * 100 + "PRM_S22E034@1" * 100 + max("PRR_S22E034@1", "PRC_S22E034@1") * 100 + "SUB_S22E034@1" * 100) / 600, 0)
✔ Saved: /p/11211992-tki-mangrove-restoration/01_data/0_Workflow/14_Mangrove_potential/600/MPM_S22E034.tif
🗑️ Deleted temporal file: /p/11211992-tki-mangrove-restoration/01_data/0_Workflow/14_Mangrove_potential/600/BIN_S22E034.tif
🗑️ Deleted temporal file: /p/11211992-tki-mangrove-restoration/01_data/0_Workflow/14_Mangrove_potential/600/FIL_S22E034.tif

>>> Processing tile: S15E135
📐 Raster calculator expression:
if("NVA_S15E135@1" = 0, ("PON_S15E135@1" * 100 + "ACC_S15E135@1" * 100 + "HIS_S15E135@1" * 100 + "PRM_S15E135@1" * 100 + max("PRR_S15E135@1", "PRC_S15E135@1") * 100 + "SUB_S15E135@1" * 100) / 600, 0)
✔ Saved: /p/11211992-tki-mangrove-restoration/01_data/0_Workflow/14_Mangrove_potential/600/MPM_S15E135.tif
🗑️ Deleted temporal file: /p/11211992-tki-mangrove-restoration/01_data/0_Workflow/14_Mangrove_potential/600/BIN_S15E135.tif
🗑️ Deleted temporal file: /p/11211992-tki-mangrove-restoration/01_data/0_Workflow/14_Mangrove_potential/600/FIL_S15E135.tif

>>> Processing tile: S22E043
📐 Raster calculator expression:
if("NVA_S22E043@1" = 0, ("PON_S22E043@1" * 100 + "ACC_S22E043@1" * 100 + "HIS_S22E043@1" * 100 + "PRM_S22E043@1" * 100 + max("PRR_S22E043@1", "PRC_S22E043@1") * 100 + "SUB_S22E043@1" * 100) / 600, 0)
✔ Saved: /p/11211992-tki-mangrove-restoration/01_data/0_Workflow/14_Mangrove_potential/600/MPM_S22E043.tif
🗑️ Deleted temporal file: /p/11211992-tki-mangrove-restoration/01_data/0_Workflow/14_Mangrove_potential/600/BIN_S22E043.tif
🗑️ Deleted temporal file: /p/11211992-tki-mangrove-restoration/01_data/0_Workflow/14_Mangrove_potential/600/FIL_S22E043.tif

>>> Processing tile: S21E117
📐 Raster calculator expression:
if("NVA_S21E117@1" = 0, ("PON_S21E117@1" * 100 + "ACC_S21E117@1" * 100 + "HIS_S21E117@1" * 100 + "PRM_S21E117@1" * 100 + max("PRR_S21E117@1", "PRC_S21E117@1") * 100 + "SUB_S21E117@1" * 100) / 600, 0)
✔ Saved: /p/11211992-tki-mangrove-restoration/01_data/0_Workflow/14_Mangrove_potential/600/MPM_S21E117.tif
🗑️ Deleted temporal file: /p/11211992-tki-mangrove-restoration/01_data/0_Workflow/14_Mangrove_potential/600/BIN_S21E117.tif
🗑️ Deleted temporal file: /p/11211992-tki-mangrove-restoration/01_data/0_Workflow/14_Mangrove_potential/600/FIL_S21E117.tif

>>> Processing tile: N17W067
📐 Raster calculator expression:
if("NVA_N17W067@1" = 0, ("PON_N17W067@1" * 100 + "ACC_N17W067@1" * 100 + "HIS_N17W067@1" * 100 + "PRM_N17W067@1" * 100 + max("PRR_N17W067@1", "PRC_N17W067@1") * 100 + "SUB_N17W067@1" * 100) / 600, 0)
✔ Saved: /p/11211992-tki-mangrove-restoration/01_data/0_Workflow/14_Mangrove_potential/600/MPM_N17W067.tif
🗑️ Deleted temporal file: /p/11211992-tki-mangrove-restoration/01_data/0_Workflow/14_Mangrove_potential/600/BIN_N17W067.tif
🗑️ Deleted temporal file: /p/11211992-tki-mangrove-restoration/01_data/0_Workflow/14_Mangrove_potential/600/FIL_N17W067.tif

>>> Processing tile: N09W062
📐 Raster calculator expression:
if("NVA_N09W062@1" = 0, ("PON_N09W062@1" * 100 + "ACC_N09W062@1" * 100 + "HIS_N09W062@1" * 100 + "PRM_N09W062@1" * 100 + max("PRR_N09W062@1", "PRC_N09W062@1") * 100 + "SUB_N09W062@1" * 100) / 600, 0)
✔ Saved: /p/11211992-tki-mangrove-restoration/01_data/0_Workflow/14_Mangrove_potential/600/MPM_N09W062.tif
🗑️ Deleted temporal file: /p/11211992-tki-mangrove-restoration/01_data/0_Workflow/14_Mangrove_potential/600/BIN_N09W062.tif
🗑️ Deleted temporal file: /p/11211992-tki-mangrove-restoration/01_data/0_Workflow/14_Mangrove_potential/600/FIL_N09W062.tif

>>> Processing tile: N09W014
📐 Raster calculator expression:
if("NVA_N09W014@1" = 0, ("PON_N09W014@1" * 100 + "ACC_N09W014@1" * 100 + "HIS_N09W014@1" * 100 + "PRM_N09W014@1" * 100 + max("PRR_N09W014@1", "PRC_N09W014@1") * 100 + "SUB_N09W014@1" * 100) / 600, 0)
✔ Saved: /p/11211992-tki-mangrove-restoration/01_data/0_Workflow/14_Mangrove_potential/600/MPM_N09W014.tif
🗑️ Deleted temporal file: /p/11211992-tki-mangrove-restoration/01_data/0_Workflow/14_Mangrove_potential/600/BIN_N09W014.tif
🗑️ Deleted temporal file: /p/11211992-tki-mangrove-restoration/01_data/0_Workflow/14_Mangrove_potential/600/FIL_N09W014.tif

>>> Processing tile: N10E092
📐 Raster calculator expression:
if("NVA_N10E092@1" = 0, ("PON_N10E092@1" * 100 + "ACC_N10E092@1" * 100 + "HIS_N10E092@1" * 100 + "PRM_N10E092@1" * 100 + max("PRR_N10E092@1", "PRC_N10E092@1") * 100 + "SUB_N10E092@1" * 100) / 600, 0)
✔ Saved: /p/11211992-tki-mangrove-restoration/01_data/0_Workflow/14_Mangrove_potential/600/MPM_N10E092.tif
🗑️ Deleted temporal file: /p/11211992-tki-mangrove-restoration/01_data/0_Workflow/14_Mangrove_potential/600/BIN_N10E092.tif
🗑️ Deleted temporal file: /p/11211992-tki-mangrove-restoration/01_data/0_Workflow/14_Mangrove_potential/600/FIL_N10E092.tif

>>> Processing tile: S22E035
📐 Raster calculator expression:
if("NVA_S22E035@1" = 0, ("PON_S22E035@1" * 100 + "ACC_S22E035@1" * 100 + "HIS_S22E035@1" * 100 + "PRM_S22E035@1" * 100 + max("PRR_S22E035@1", "PRC_S22E035@1") * 100 + "SUB_S22E035@1" * 100) / 600, 0)
✔ Saved: /p/11211992-tki-mangrove-restoration/01_data/0_Workflow/14_Mangrove_potential/600/MPM_S22E035.tif
🗑️ Deleted temporal file: /p/11211992-tki-mangrove-restoration/01_data/0_Workflow/14_Mangrove_potential/600/BIN_S22E035.tif
🗑️ Deleted temporal file: /p/11211992-tki-mangrove-restoration/01_data/0_Workflow/14_Mangrove_potential/600/FIL_S22E035.tif

>>> Processing tile: N22W078
📐 Raster calculator expression:
if("NVA_N22W078@1" = 0, ("PON_N22W078@1" * 100 + "ACC_N22W078@1" * 100 + "HIS_N22W078@1" * 100 + "PRM_N22W078@1" * 100 + max("PRR_N22W078@1", "PRC_N22W078@1") * 100 + "SUB_N22W078@1" * 100) / 600, 0)
✔ Saved: /p/11211992-tki-mangrove-restoration/01_data/0_Workflow/14_Mangrove_potential/600/MPM_N22W078.tif
🗑️ Deleted temporal file: /p/11211992-tki-mangrove-restoration/01_data/0_Workflow/14_Mangrove_potential/600/BIN_N22W078.tif
🗑️ Deleted temporal file: /p/11211992-tki-mangrove-restoration/01_data/0_Workflow/14_Mangrove_potential/600/FIL_N22W078.tif

>>> Processing tile: N12W062
📐 Raster calculator expression:
if("NVA_N12W062@1" = 0, ("PON_N12W062@1" * 100 + "ACC_N12W062@1" * 100 + "HIS_N12W062@1" * 100 + "PRM_N12W062@1" * 100 + max("PRR_N12W062@1", "PRC_N12W062@1") * 100 + "SUB_N12W062@1" * 100) / 600, 0)
✔ Saved: /p/11211992-tki-mangrove-restoration/01_data/0_Workflow/14_Mangrove_potential/600/MPM_N12W062.tif
🗑️ Deleted temporal file: /p/11211992-tki-mangrove-restoration/01_data/0_Workflow/14_Mangrove_potential/600/BIN_N12W062.tif
🗑️ Deleted temporal file: /p/11211992-tki-mangrove-restoration/01_data/0_Workflow/14_Mangrove_potential/600/FIL_N12W062.tif

>>> Processing tile: S21E166
📐 Raster calculator expression:
if("NVA_S21E166@1" = 0, ("PON_S21E166@1" * 100 + "ACC_S21E166@1" * 100 + "HIS_S21E166@1" * 100 + "PRM_S21E166@1" * 100 + max("PRR_S21E166@1", "PRC_S21E166@1") * 100 + "SUB_S21E166@1" * 100) / 600, 0)
✔ Saved: /p/11211992-tki-mangrove-restoration/01_data/0_Workflow/14_Mangrove_potential/600/MPM_S21E166.tif
🗑️ Deleted temporal file: /p/11211992-tki-mangrove-restoration/01_data/0_Workflow/14_Mangrove_potential/600/BIN_S21E166.tif
🗑️ Deleted temporal file: /p/11211992-tki-mangrove-restoration/01_data/0_Workflow/14_Mangrove_potential/600/FIL_S21E166.tif

>>> Processing tile: S15E145
📐 Raster calculator expression:
if("NVA_S15E145@1" = 0, ("PON_S15E145@1" * 100 + "ACC_S15E145@1" * 100 + "HIS_S15E145@1" * 100 + "PRM_S15E145@1" * 100 + max("PRR_S15E145@1", "PRC_S15E145@1") * 100 + "SUB_S15E145@1" * 100) / 600, 0)
✔ Saved: /p/11211992-tki-mangrove-restoration/01_data/0_Workflow/14_Mangrove_potential/600/MPM_S15E145.tif
🗑️ Deleted temporal file: /p/11211992-tki-mangrove-restoration/01_data/0_Workflow/14_Mangrove_potential/600/BIN_S15E145.tif
🗑️ Deleted temporal file: /p/11211992-tki-mangrove-restoration/01_data/0_Workflow/14_Mangrove_potential/600/FIL_S15E145.tif

>>> Processing tile: N09E138
📐 Raster calculator expression:
if("NVA_N09E138@1" = 0, ("PON_N09E138@1" * 100 + "ACC_N09E138@1" * 100 + "HIS_N09E138@1" * 100 + "PRM_N09E138@1" * 100 + max("PRR_N09E138@1", "PRC_N09E138@1") * 100 + "SUB_N09E138@1" * 100) / 600, 0)
✔ Saved: /p/11211992-tki-mangrove-restoration/01_data/0_Workflow/14_Mangrove_potential/600/MPM_N09E138.tif
🗑️ Deleted temporal file: /p/11211992-tki-mangrove-restoration/01_data/0_Workflow/14_Mangrove_potential/600/BIN_N09E138.tif
🗑️ Deleted temporal file: /p/11211992-tki-mangrove-restoration/01_data/0_Workflow/14_Mangrove_potential/600/FIL_N09E138.tif

>>> Processing tile: N22W079
📐 Raster calculator expression:
if("NVA_N22W079@1" = 0, ("PON_N22W079@1" * 100 + "ACC_N22W079@1" * 100 + "HIS_N22W079@1" * 100 + "PRM_N22W079@1" * 100 + max("PRR_N22W079@1", "PRC_N22W079@1") * 100 + "SUB_N22W079@1" * 100) / 600, 0)
✔ Saved: /p/11211992-tki-mangrove-restoration/01_data/0_Workflow/14_Mangrove_potential/600/MPM_N22W079.tif
🗑️ Deleted temporal file: /p/11211992-tki-mangrove-restoration/01_data/0_Workflow/14_Mangrove_potential/600/BIN_N22W079.tif
🗑️ Deleted temporal file: /p/11211992-tki-mangrove-restoration/01_data/0_Workflow/14_Mangrove_potential/600/FIL_N22W079.tif

>>> Processing tile: S10E146
📐 Raster calculator expression:
if("NVA_S10E146@1" = 0, ("PON_S10E146@1" * 100 + "ACC_S10E146@1" * 100 + "HIS_S10E146@1" * 100 + "PRM_S10E146@1" * 100 + max("PRR_S10E146@1", "PRC_S10E146@1") * 100 + "SUB_S10E146@1" * 100) / 600, 0)
✔ Saved: /p/11211992-tki-mangrove-restoration/01_data/0_Workflow/14_Mangrove_potential/600/MPM_S10E146.tif
🗑️ Deleted temporal file: /p/11211992-tki-mangrove-restoration/01_data/0_Workflow/14_Mangrove_potential/600/BIN_S10E146.tif
🗑️ Deleted temporal file: /p/11211992-tki-mangrove-restoration/01_data/0_Workflow/14_Mangrove_potential/600/FIL_S10E146.tif

>>> Processing tile: N14E040
📐 Raster calculator expression:
if("NVA_N14E040@1" = 0, ("PON_N14E040@1" * 100 + "ACC_N14E040@1" * 100 + "HIS_N14E040@1" * 100 + "PRM_N14E040@1" * 100 + max("PRR_N14E040@1", "PRC_N14E040@1") * 100 + "SUB_N14E040@1" * 100) / 600, 0)
✔ Saved: /p/11211992-tki-mangrove-restoration/01_data/0_Workflow/14_Mangrove_potential/600/MPM_N14E040.tif
🗑️ Deleted temporal file: /p/11211992-tki-mangrove-restoration/01_data/0_Workflow/14_Mangrove_potential/600/BIN_N14E040.tif
🗑️ Deleted temporal file: /p/11211992-tki-mangrove-restoration/01_data/0_Workflow/14_Mangrove_potential/600/FIL_N14E040.tif

>>> Processing tile: S15E144
📐 Raster calculator expression:
if("NVA_S15E144@1" = 0, ("PON_S15E144@1" * 100 + "ACC_S15E144@1" * 100 + "HIS_S15E144@1" * 100 + "PRM_S15E144@1" * 100 + max("PRR_S15E144@1", "PRC_S15E144@1") * 100 + "SUB_S15E144@1" * 100) / 600, 0)
✔ Saved: /p/11211992-tki-mangrove-restoration/01_data/0_Workflow/14_Mangrove_potential/600/MPM_S15E144.tif
🗑️ Deleted temporal file: /p/11211992-tki-mangrove-restoration/01_data/0_Workflow/14_Mangrove_potential/600/BIN_S15E144.tif
🗑️ Deleted temporal file: /p/11211992-tki-mangrove-restoration/01_data/0_Workflow/14_Mangrove_potential/600/FIL_S15E144.tif

>>> Processing tile: N12W015
📐 Raster calculator expression:
if("NVA_N12W015@1" = 0, ("PON_N12W015@1" * 100 + "ACC_N12W015@1" * 100 + "HIS_N12W015@1" * 100 + "PRM_N12W015@1" * 100 + max("PRR_N12W015@1", "PRC_N12W015@1") * 100 + "SUB_N12W015@1" * 100) / 600, 0)
✔ Saved: /p/11211992-tki-mangrove-restoration/01_data/0_Workflow/14_Mangrove_potential/600/MPM_N12W015.tif
🗑️ Deleted temporal file: /p/11211992-tki-mangrove-restoration/01_data/0_Workflow/14_Mangrove_potential/600/BIN_N12W015.tif
🗑️ Deleted temporal file: /p/11211992-tki-mangrove-restoration/01_data/0_Workflow/14_Mangrove_potential/600/FIL_N12W015.tif

>>> Processing tile: S19E177
📐 Raster calculator expression:
if("NVA_S19E177@1" = 0, ("PON_S19E177@1" * 100 + "ACC_S19E177@1" * 100 + "HIS_S19E177@1" * 100 + "PRM_S19E177@1" * 100 + max("PRR_S19E177@1", "PRC_S19E177@1") * 100 + "SUB_S19E177@1" * 100) / 600, 0)
✔ Saved: /p/11211992-tki-mangrove-restoration/01_data/0_Workflow/14_Mangrove_potential/600/MPM_S19E177.tif
🗑️ Deleted temporal file: /p/11211992-tki-mangrove-restoration/01_data/0_Workflow/14_Mangrove_potential/600/BIN_S19E177.tif
🗑️ Deleted temporal file: /p/11211992-tki-mangrove-restoration/01_data/0_Workflow/14_Mangrove_potential/600/FIL_S19E177.tif

>>> Processing tile: N19W076
📐 Raster calculator expression:
if("NVA_N19W076@1" = 0, ("PON_N19W076@1" * 100 + "ACC_N19W076@1" * 100 + "HIS_N19W076@1" * 100 + "PRM_N19W076@1" * 100 + max("PRR_N19W076@1", "PRC_N19W076@1") * 100 + "SUB_N19W076@1" * 100) / 600, 0)
✔ Saved: /p/11211992-tki-mangrove-restoration/01_data/0_Workflow/14_Mangrove_potential/600/MPM_N19W076.tif
🗑️ Deleted temporal file: /p/11211992-tki-mangrove-restoration/01_data/0_Workflow/14_Mangrove_potential/600/BIN_N19W076.tif
🗑️ Deleted temporal file: /p/11211992-tki-mangrove-restoration/01_data/0_Workflow/14_Mangrove_potential/600/FIL_N19W076.tif

>>> Processing tile: S33E152
📐 Raster calculator expression:
if("NVA_S33E152@1" = 0, ("PON_S33E152@1" * 100 + "ACC_S33E152@1" * 100 + "HIS_S33E152@1" * 100 + "PRM_S33E152@1" * 100 + max("PRR_S33E152@1", "PRC_S33E152@1") * 100 + "SUB_S33E152@1" * 100) / 600, 0)
✔ Saved: /p/11211992-tki-mangrove-restoration/01_data/0_Workflow/14_Mangrove_potential/600/MPM_S33E152.tif
🗑️ Deleted temporal file: /p/11211992-tki-mangrove-restoration/01_data/0_Workflow/14_Mangrove_potential/600/BIN_S33E152.tif
🗑️ Deleted temporal file: /p/11211992-tki-mangrove-restoration/01_data/0_Workflow/14_Mangrove_potential/600/FIL_S33E152.tif

>>> Processing tile: N29W081
📐 Raster calculator expression:
if("NVA_N29W081@1" = 0, ("PON_N29W081@1" * 100 + "ACC_N29W081@1" * 100 + "HIS_N29W081@1" * 100 + "PRM_N29W081@1" * 100 + max("PRR_N29W081@1", "PRC_N29W081@1") * 100 + "SUB_N29W081@1" * 100) / 600, 0)
✔ Saved: /p/11211992-tki-mangrove-restoration/01_data/0_Workflow/14_Mangrove_potential/600/MPM_N29W081.tif
🗑️ Deleted temporal file: /p/11211992-tki-mangrove-restoration/01_data/0_Workflow/14_Mangrove_potential/600/BIN_N29W081.tif
🗑️ Deleted temporal file: /p/11211992-tki-mangrove-restoration/01_data/0_Workflow/14_Mangrove_potential/600/FIL_N29W081.tif

>>> Processing tile: N07E158
📐 Raster calculator expression:
if("NVA_N07E158@1" = 0, ("PON_N07E158@1" * 100 + "ACC_N07E158@1" * 100 + "HIS_N07E158@1" * 100 + "PRM_N07E158@1" * 100 + max("PRR_N07E158@1", "PRC_N07E158@1") * 100 + "SUB_N07E158@1" * 100) / 600, 0)
✔ Saved: /p/11211992-tki-mangrove-restoration/01_data/0_Workflow/14_Mangrove_potential/600/MPM_N07E158.tif
🗑️ Deleted temporal file: /p/11211992-tki-mangrove-restoration/01_data/0_Workflow/14_Mangrove_potential/600/BIN_N07E158.tif
🗑️ Deleted temporal file: /p/11211992-tki-mangrove-restoration/01_data/0_Workflow/14_Mangrove_potential/600/FIL_N07E158.tif

>>> Processing tile: N06E002
📐 Raster calculator expression:
if("NVA_N06E002@1" = 0, ("PON_N06E002@1" * 100 + "ACC_N06E002@1" * 100 + "HIS_N06E002@1" * 100 + "PRM_N06E002@1" * 100 + max("PRR_N06E002@1", "PRC_N06E002@1") * 100 + "SUB_N06E002@1" * 100) / 600, 0)
✔ Saved: /p/11211992-tki-mangrove-restoration/01_data/0_Workflow/14_Mangrove_potential/600/MPM_N06E002.tif
🗑️ Deleted temporal file: /p/11211992-tki-mangrove-restoration/01_data/0_Workflow/14_Mangrove_potential/600/BIN_N06E002.tif
🗑️ Deleted temporal file: /p/11211992-tki-mangrove-restoration/01_data/0_Workflow/14_Mangrove_potential/600/FIL_N06E002.tif
Processing finished. Log saved to /p/11211992-tki-mangrove-restoration/01_data/0_Workflow/14_Mangrove_potential/600/MPM.csv
🗑️ Deleted .xml file: /p/11211992-tki-mangrove-restoration/01_data/0_Workflow/14_Mangrove_potential/600/FIL_S03W172.tif.aux.xml
🗑️ Deleted .xml file: /p/11211992-tki-mangrove-restoration/01_data/0_Workflow/14_Mangrove_potential/600/FIL_S10E142.tif.aux.xml
🗑️ Deleted .xml file: /p/11211992-tki-mangrove-restoration/01_data/0_Workflow/14_Mangrove_potential/600/FIL_N05W010.tif.aux.xml
🗑️ Deleted .xml file: /p/11211992-tki-mangrove-restoration/01_data/0_Workflow/14_Mangrove_potential/600/FIL_N15E039.tif.aux.xml
🗑️ Deleted .xml file: /p/11211992-tki-mangrove-restoration/01_data/0_Workflow/14_Mangrove_potential/600/FIL_N19W076.tif.aux.xml
🗑️ Deleted .xml file: /p/11211992-tki-mangrove-restoration/01_data/0_Workflow/14_Mangrove_potential/600/FIL_S15W171.tif.aux.xml
🗑️ Deleted .xml file: /p/11211992-tki-mangrove-restoration/01_data/0_Workflow/14_Mangrove_potential/600/FIL_S33E028.tif.aux.xml
🗑️ Deleted .xml file: /p/11211992-tki-mangrove-restoration/01_data/0_Workflow/14_Mangrove_potential/600/FIL_S30E031.tif.aux.xml
🗑️ Deleted .xml file: /p/11211992-tki-mangrove-restoration/01_data/0_Workflow/14_Mangrove_potential/600/FIL_N22E035.tif.aux.xml
🗑️ Deleted .xml file: /p/11211992-tki-mangrove-restoration/01_data/0_Workflow/14_Mangrove_potential/600/FIL_S33E027.tif.aux.xml
🗑️ Deleted .xml file: /p/11211992-tki-mangrove-restoration/01_data/0_Workflow/14_Mangrove_potential/600/FIL_S05E039.tif.aux.xml
🗑️ Deleted .xml file: /p/11211992-tki-mangrove-restoration/01_data/0_Workflow/14_Mangrove_potential/600/FIL_N24E054.tif.aux.xml
🗑️ Deleted .xml file: /p/11211992-tki-mangrove-restoration/01_data/0_Workflow/14_Mangrove_potential/600/FIL_N25E034.tif.aux.xml
🗑️ Deleted .xml file: /p/11211992-tki-mangrove-restoration/01_data/0_Workflow/14_Mangrove_potential/600/FIL_N17W066.tif.aux.xml
🗑️ Deleted .xml file: /p/11211992-tki-mangrove-restoration/01_data/0_Workflow/14_Mangrove_potential/600/FIL_S28E032.tif.aux.xml
🗑️ Deleted .xml file: /p/11211992-tki-mangrove-restoration/01_data/0_Workflow/14_Mangrove_potential/600/FIL_S22E035.tif.aux.xml
🗑️ Deleted .xml file: /p/11211992-tki-mangrove-restoration/01_data/0_Workflow/14_Mangrove_potential/600/FIL_N07W082.tif.aux.xml
🗑️ Deleted .xml file: /p/11211992-tki-mangrove-restoration/01_data/0_Workflow/14_Mangrove_potential/600/FIL_S23E149.tif.aux.xml
🗑️ Deleted .xml file: /p/11211992-tki-mangrove-restoration/01_data/0_Workflow/14_Mangrove_potential/600/FIL_N09W079.tif.aux.xml
🗑️ Deleted .xml file: /p/11211992-tki-mangrove-restoration/01_data/0_Workflow/14_Mangrove_potential/600/FIL_N09W076.tif.aux.xml
🗑️ Deleted .xml file: /p/11211992-tki-mangrove-restoration/01_data/0_Workflow/14_Mangrove_potential/600/FIL_S27E113.tif.aux.xml
🗑️ Deleted .xml file: /p/11211992-tki-mangrove-restoration/01_data/0_Workflow/14_Mangrove_potential/600/FIL_N09W014.tif.aux.xml
🗑️ Deleted .xml file: /p/11211992-tki-mangrove-restoration/01_data/0_Workflow/14_Mangrove_potential/600/FIL_S01W091.tif.aux.xml
🗑️ Deleted .xml file: /p/11211992-tki-mangrove-restoration/01_data/0_Workflow/14_Mangrove_potential/600/FIL_S15E135.tif.aux.xml
🗑️ Deleted .xml file: /p/11211992-tki-mangrove-restoration/01_data/0_Workflow/14_Mangrove_potential/600/FIL_S02E149.tif.aux.xml
🗑️ Deleted .xml file: /p/11211992-tki-mangrove-restoration/01_data/0_Workflow/14_Mangrove_potential/600/FIL_S02E146.tif.aux.xml
🗑️ Deleted .xml file: /p/11211992-tki-mangrove-restoration/01_data/0_Workflow/14_Mangrove_potential/600/FIL_N06E002.tif.aux.xml
🗑️ Deleted .xml file: /p/11211992-tki-mangrove-restoration/01_data/0_Workflow/14_Mangrove_potential/600/FIL_N05W002.tif.aux.xml
🗑️ Deleted .xml file: /p/11211992-tki-mangrove-restoration/01_data/0_Workflow/14_Mangrove_potential/600/FIL_N12W071.tif.aux.xml
🗑️ Deleted .xml file: /p/11211992-tki-mangrove-restoration/01_data/0_Workflow/14_Mangrove_potential/600/FIL_S13E045.tif.aux.xml
🗑️ Deleted .xml file: /p/11211992-tki-mangrove-restoration/01_data/0_Workflow/14_Mangrove_potential/600/FIL_N29W092.tif.aux.xml
🗑️ Deleted .xml file: /p/11211992-tki-mangrove-restoration/01_data/0_Workflow/14_Mangrove_potential/600/FIL_S22W160.tif.aux.xml
🗑️ Deleted .xml file: /p/11211992-tki-mangrove-restoration/01_data/0_Workflow/14_Mangrove_potential/600/FIL_S10E150.tif.aux.xml
🗑️ Deleted .xml file: /p/11211992-tki-mangrove-restoration/01_data/0_Workflow/14_Mangrove_potential/600/FIL_N04W010.tif.aux.xml
🗑️ Deleted .xml file: /p/11211992-tki-mangrove-restoration/01_data/0_Workflow/14_Mangrove_potential/600/FIL_S05E145.tif.aux.xml
🗑️ Deleted .xml file: /p/11211992-tki-mangrove-restoration/01_data/0_Workflow/14_Mangrove_potential/600/FIL_S12E136.tif.aux.xml
🗑️ Deleted .xml file: /p/11211992-tki-mangrove-restoration/01_data/0_Workflow/14_Mangrove_potential/600/FIL_N09W080.tif.aux.xml
🗑️ Deleted .xml file: /p/11211992-tki-mangrove-restoration/01_data/0_Workflow/14_Mangrove_potential/600/FIL_S12E154.tif.aux.xml
🗑️ Deleted .xml file: /p/11211992-tki-mangrove-restoration/01_data/0_Workflow/14_Mangrove_potential/600/FIL_S03E146.tif.aux.xml
🗑️ Deleted .xml file: /p/11211992-tki-mangrove-restoration/01_data/0_Workflow/14_Mangrove_potential/600/FIL_N23E067.tif.aux.xml
🗑️ Deleted .xml file: /p/11211992-tki-mangrove-restoration/01_data/0_Workflow/14_Mangrove_potential/600/FIL_N07E151.tif.aux.xml
🗑️ Deleted .xml file: /p/11211992-tki-mangrove-restoration/01_data/0_Workflow/14_Mangrove_potential/600/FIL_S22E149.tif.aux.xml
🗑️ Deleted .xml file: /p/11211992-tki-mangrove-restoration/01_data/0_Workflow/14_Mangrove_potential/600/FIL_S08E143.tif.aux.xml
🗑️ Deleted .xml file: /p/11211992-tki-mangrove-restoration/01_data/0_Workflow/14_Mangrove_potential/600/FIL_S26E113.tif.aux.xml
🗑️ Deleted .xml file: /p/11211992-tki-mangrove-restoration/01_data/0_Workflow/14_Mangrove_potential/600/FIL_S11E013.tif.aux.xml
🗑️ Deleted .xml file: /p/11211992-tki-mangrove-restoration/01_data/0_Workflow/14_Mangrove_potential/600/FIL_N25E036.tif.aux.xml
🗑️ Deleted .xml file: /p/11211992-tki-mangrove-restoration/01_data/0_Workflow/14_Mangrove_potential/600/FIL_S15E127.tif.aux.xml
🗑️ Deleted .xml file: /p/11211992-tki-mangrove-restoration/01_data/0_Workflow/14_Mangrove_potential/600/FIL_S15E128.tif.aux.xml
🗑️ Deleted .xml file: /p/11211992-tki-mangrove-restoration/01_data/0_Workflow/14_Mangrove_potential/600/FIL_S23E035.tif.aux.xml
🗑️ Deleted .xml file: /p/11211992-tki-mangrove-restoration/01_data/0_Workflow/14_Mangrove_potential/600/FIL_S15E145.tif.aux.xml
🗑️ Deleted .xml file: /p/11211992-tki-mangrove-restoration/01_data/0_Workflow/14_Mangrove_potential/600/FIL_S15E040.tif.aux.xml
🗑️ Deleted .xml file: /p/11211992-tki-mangrove-restoration/01_data/0_Workflow/14_Mangrove_potential/600/FIL_N27E049.tif.aux.xml
🗑️ Deleted .xml file: /p/11211992-tki-mangrove-restoration/01_data/0_Workflow/14_Mangrove_potential/600/FIL_S15E143.tif.aux.xml
🗑️ Deleted .xml file: /p/11211992-tki-mangrove-restoration/01_data/0_Workflow/14_Mangrove_potential/600/FIL_N09W062.tif.aux.xml
🗑️ Deleted .xml file: /p/11211992-tki-mangrove-restoration/01_data/0_Workflow/14_Mangrove_potential/600/FIL_N07E158.tif.aux.xml
🗑️ Deleted .xml file: /p/11211992-tki-mangrove-restoration/01_data/0_Workflow/14_Mangrove_potential/600/FIL_N24W082.tif.aux.xml
🗑️ Deleted .xml file: /p/11211992-tki-mangrove-restoration/01_data/0_Workflow/14_Mangrove_potential/600/FIL_S22E043.tif.aux.xml
🗑️ Deleted .xml file: /p/11211992-tki-mangrove-restoration/01_data/0_Workflow/14_Mangrove_potential/600/FIL_S19E178.tif.aux.xml
🗑️ Deleted .xml file: /p/11211992-tki-mangrove-restoration/01_data/0_Workflow/14_Mangrove_potential/600/FIL_S35E151.tif.aux.xml
🗑️ Deleted .xml file: /p/11211992-tki-mangrove-restoration/01_data/0_Workflow/14_Mangrove_potential/600/FIL_S19E177.tif.aux.xml
🗑️ Deleted .xml file: /p/11211992-tki-mangrove-restoration/01_data/0_Workflow/14_Mangrove_potential/600/FIL_S08E145.tif.aux.xml
🗑️ Deleted .xml file: /p/11211992-tki-mangrove-restoration/01_data/0_Workflow/14_Mangrove_potential/600/FIL_S17W151.tif.aux.xml
🗑️ Deleted .xml file: /p/11211992-tki-mangrove-restoration/01_data/0_Workflow/14_Mangrove_potential/600/FIL_N02W078.tif.aux.xml
🗑️ Deleted .xml file: /p/11211992-tki-mangrove-restoration/01_data/0_Workflow/14_Mangrove_potential/600/FIL_N17W072.tif.aux.xml
🗑️ Deleted .xml file: /p/11211992-tki-mangrove-restoration/01_data/0_Workflow/14_Mangrove_potential/600/FIL_N22W081.tif.aux.xml
🗑️ Deleted .xml file: /p/11211992-tki-mangrove-restoration/01_data/0_Workflow/14_Mangrove_potential/600/FIL_S10E146.tif.aux.xml
🗑️ Deleted .xml file: /p/11211992-tki-mangrove-restoration/01_data/0_Workflow/14_Mangrove_potential/600/FIL_S12E130.tif.aux.xml
🗑️ Deleted .xml file: /p/11211992-tki-mangrove-restoration/01_data/0_Workflow/14_Mangrove_potential/600/FIL_S33E152.tif.aux.xml
🗑️ Deleted .xml file: /p/11211992-tki-mangrove-restoration/01_data/0_Workflow/14_Mangrove_potential/600/FIL_S05W082.tif.aux.xml
🗑️ Deleted .xml file: /p/11211992-tki-mangrove-restoration/01_data/0_Workflow/14_Mangrove_potential/600/FIL_N32W065.tif.aux.xml
🗑️ Deleted .xml file: /p/11211992-tki-mangrove-restoration/01_data/0_Workflow/14_Mangrove_potential/600/FIL_S12E152.tif.aux.xml
🗑️ Deleted .xml file: /p/11211992-tki-mangrove-restoration/01_data/0_Workflow/14_Mangrove_potential/600/FIL_N09W086.tif.aux.xml
🗑️ Deleted .xml file: /p/11211992-tki-mangrove-restoration/01_data/0_Workflow/14_Mangrove_potential/600/FIL_N17E054.tif.aux.xml
🗑️ Deleted .xml file: /p/11211992-tki-mangrove-restoration/01_data/0_Workflow/14_Mangrove_potential/600/FIL_S13E043.tif.aux.xml
🗑️ Deleted .xml file: /p/11211992-tki-mangrove-restoration/01_data/0_Workflow/14_Mangrove_potential/600/FIL_S21E166.tif.aux.xml
🗑️ Deleted .xml file: /p/11211992-tki-mangrove-restoration/01_data/0_Workflow/14_Mangrove_potential/600/FIL_S18E145.tif.aux.xml
🗑️ Deleted .xml file: /p/11211992-tki-mangrove-restoration/01_data/0_Workflow/14_Mangrove_potential/600/FIL_N06E004.tif.aux.xml
🗑️ Deleted .xml file: /p/11211992-tki-mangrove-restoration/01_data/0_Workflow/14_Mangrove_potential/600/FIL_S17E178.tif.aux.xml
🗑️ Deleted .xml file: /p/11211992-tki-mangrove-restoration/01_data/0_Workflow/14_Mangrove_potential/600/FIL_N05W004.tif.aux.xml
🗑️ Deleted .xml file: /p/11211992-tki-mangrove-restoration/01_data/0_Workflow/14_Mangrove_potential/600/FIL_S17E177.tif.aux.xml
🗑️ Deleted .xml file: /p/11211992-tki-mangrove-restoration/01_data/0_Workflow/14_Mangrove_potential/600/FIL_S18E049.tif.aux.xml
🗑️ Deleted .xml file: /p/11211992-tki-mangrove-restoration/01_data/0_Workflow/14_Mangrove_potential/600/FIL_S10E159.tif.aux.xml
🗑️ Deleted .xml file: /p/11211992-tki-mangrove-restoration/01_data/0_Workflow/14_Mangrove_potential/600/FIL_N15E040.tif.aux.xml
🗑️ Deleted .xml file: /p/11211992-tki-mangrove-restoration/01_data/0_Workflow/14_Mangrove_potential/600/FIL_N12W015.tif.aux.xml
🗑️ Deleted .xml file: /p/11211992-tki-mangrove-restoration/01_data/0_Workflow/14_Mangrove_potential/600/FIL_N04W009.tif.aux.xml
🗑️ Deleted .xml file: /p/11211992-tki-mangrove-restoration/01_data/0_Workflow/14_Mangrove_potential/600/FIL_S25E151.tif.aux.xml
🗑️ Deleted .xml file: /p/11211992-tki-mangrove-restoration/01_data/0_Workflow/14_Mangrove_potential/600/FIL_S39E177.tif.aux.xml
🗑️ Deleted .xml file: /p/11211992-tki-mangrove-restoration/01_data/0_Workflow/14_Mangrove_potential/600/FIL_N25E121.tif.aux.xml
🗑️ Deleted .xml file: /p/11211992-tki-mangrove-restoration/01_data/0_Workflow/14_Mangrove_potential/600/FIL_N22W078.tif.aux.xml
🗑️ Deleted .xml file: /p/11211992-tki-mangrove-restoration/01_data/0_Workflow/14_Mangrove_potential/600/FIL_N25W082.tif.aux.xml
🗑️ Deleted .xml file: /p/11211992-tki-mangrove-restoration/01_data/0_Workflow/14_Mangrove_potential/600/FIL_S23E043.tif.aux.xml
🗑️ Deleted .xml file: /p/11211992-tki-mangrove-restoration/01_data/0_Workflow/14_Mangrove_potential/600/FIL_S11E166.tif.aux.xml
🗑️ Deleted .xml file: /p/11211992-tki-mangrove-restoration/01_data/0_Workflow/14_Mangrove_potential/600/FIL_S08E039.tif.aux.xml
🗑️ Deleted .xml file: /p/11211992-tki-mangrove-restoration/01_data/0_Workflow/14_Mangrove_potential/600/FIL_S08E157.tif.aux.xml
🗑️ Deleted .xml file: /p/11211992-tki-mangrove-restoration/01_data/0_Workflow/14_Mangrove_potential/600/FIL_N12E043.tif.aux.xml
🗑️ Deleted .xml file: /p/11211992-tki-mangrove-restoration/01_data/0_Workflow/14_Mangrove_potential/600/FIL_S08E158.tif.aux.xml
🗑️ Deleted .xml file: /p/11211992-tki-mangrove-restoration/01_data/0_Workflow/14_Mangrove_potential/600/FIL_N24E052.tif.aux.xml
🗑️ Deleted .xml file: /p/11211992-tki-mangrove-restoration/01_data/0_Workflow/14_Mangrove_potential/600/FIL_S03E152.tif.aux.xml
🗑️ Deleted .xml file: /p/11211992-tki-mangrove-restoration/01_data/0_Workflow/14_Mangrove_potential/600/FIL_N14E040.tif.aux.xml
🗑️ Deleted .xml file: /p/11211992-tki-mangrove-restoration/01_data/0_Workflow/14_Mangrove_potential/600/FIL_N09E138.tif.aux.xml
🗑️ Deleted .xml file: /p/11211992-tki-mangrove-restoration/01_data/0_Workflow/14_Mangrove_potential/600/FIL_S05E151.tif.aux.xml
🗑️ Deleted .xml file: /p/11211992-tki-mangrove-restoration/01_data/0_Workflow/14_Mangrove_potential/600/FIL_S12E043.tif.aux.xml
🗑️ Deleted .xml file: /p/11211992-tki-mangrove-restoration/01_data/0_Workflow/14_Mangrove_potential/600/FIL_N19W070.tif.aux.xml
🗑️ Deleted .xml file: /p/11211992-tki-mangrove-restoration/01_data/0_Workflow/14_Mangrove_potential/600/FIL_S21E116.tif.aux.xml
🗑️ Deleted .xml file: /p/11211992-tki-mangrove-restoration/01_data/0_Workflow/14_Mangrove_potential/600/FIL_S21E119.tif.aux.xml
🗑️ Deleted .xml file: /p/11211992-tki-mangrove-restoration/01_data/0_Workflow/14_Mangrove_potential/600/FIL_S10E047.tif.aux.xml
🗑️ Deleted .xml file: /p/11211992-tki-mangrove-restoration/01_data/0_Workflow/14_Mangrove_potential/600/FIL_N29W089.tif.aux.xml
🗑️ Deleted .xml file: /p/11211992-tki-mangrove-restoration/01_data/0_Workflow/14_Mangrove_potential/600/FIL_S13E130.tif.aux.xml
🗑️ Deleted .xml file: /p/11211992-tki-mangrove-restoration/01_data/0_Workflow/14_Mangrove_potential/600/FIL_S10E126.tif.aux.xml
🗑️ Deleted .xml file: /p/11211992-tki-mangrove-restoration/01_data/0_Workflow/14_Mangrove_potential/600/FIL_N07W060.tif.aux.xml
🗑️ Deleted .xml file: /p/11211992-tki-mangrove-restoration/01_data/0_Workflow/14_Mangrove_potential/600/FIL_S32E152.tif.aux.xml
🗑️ Deleted .xml file: /p/11211992-tki-mangrove-restoration/01_data/0_Workflow/14_Mangrove_potential/600/FIL_S13E141.tif.aux.xml
🗑️ Deleted .xml file: /p/11211992-tki-mangrove-restoration/01_data/0_Workflow/14_Mangrove_potential/600/FIL_N17E038.tif.aux.xml
🗑️ Deleted .xml file: /p/11211992-tki-mangrove-restoration/01_data/0_Workflow/14_Mangrove_potential/600/FIL_S10E039.tif.aux.xml
🗑️ Deleted .xml file: /p/11211992-tki-mangrove-restoration/01_data/0_Workflow/14_Mangrove_potential/600/FIL_S09E179.tif.aux.xml
🗑️ Deleted .xml file: /p/11211992-tki-mangrove-restoration/01_data/0_Workflow/14_Mangrove_potential/600/FIL_N06E005.tif.aux.xml
🗑️ Deleted .xml file: /p/11211992-tki-mangrove-restoration/01_data/0_Workflow/14_Mangrove_potential/600/FIL_S17E179.tif.aux.xml
🗑️ Deleted .xml file: /p/11211992-tki-mangrove-restoration/01_data/0_Workflow/14_Mangrove_potential/600/FIL_N05W005.tif.aux.xml
🗑️ Deleted .xml file: /p/11211992-tki-mangrove-restoration/01_data/0_Workflow/14_Mangrove_potential/600/FIL_S12E153.tif.aux.xml
🗑️ Deleted .xml file: /p/11211992-tki-mangrove-restoration/01_data/0_Workflow/14_Mangrove_potential/600/FIL_S12E131.tif.aux.xml
🗑️ Deleted .xml file: /p/11211992-tki-mangrove-restoration/01_data/0_Workflow/14_Mangrove_potential/600/FIL_N22W080.tif.aux.xml
🗑️ Deleted .xml file: /p/11211992-tki-mangrove-restoration/01_data/0_Workflow/14_Mangrove_potential/600/FIL_S08E144.tif.aux.xml
🗑️ Deleted .xml file: /p/11211992-tki-mangrove-restoration/01_data/0_Workflow/14_Mangrove_potential/600/FIL_N07E134.tif.aux.xml
🗑️ Deleted .xml file: /p/11211992-tki-mangrove-restoration/01_data/0_Workflow/14_Mangrove_potential/600/FIL_N24E120.tif.aux.xml
🗑️ Deleted .xml file: /p/11211992-tki-mangrove-restoration/01_data/0_Workflow/14_Mangrove_potential/600/FIL_N02W079.tif.aux.xml
🗑️ Deleted .xml file: /p/11211992-tki-mangrove-restoration/01_data/0_Workflow/14_Mangrove_potential/600/FIL_S19E179.tif.aux.xml
🗑️ Deleted .xml file: /p/11211992-tki-mangrove-restoration/01_data/0_Workflow/14_Mangrove_potential/600/FIL_N09W073.tif.aux.xml
🗑️ Deleted .xml file: /p/11211992-tki-mangrove-restoration/01_data/0_Workflow/14_Mangrove_potential/600/FIL_N11E092.tif.aux.xml
🗑️ Deleted .xml file: /p/11211992-tki-mangrove-restoration/01_data/0_Workflow/14_Mangrove_potential/600/FIL_S35E150.tif.aux.xml
🗑️ Deleted .xml file: /p/11211992-tki-mangrove-restoration/01_data/0_Workflow/14_Mangrove_potential/600/FIL_S03E151.tif.aux.xml
🗑️ Deleted .xml file: /p/11211992-tki-mangrove-restoration/01_data/0_Workflow/14_Mangrove_potential/600/FIL_N09W063.tif.aux.xml
🗑️ Deleted .xml file: /p/11211992-tki-mangrove-restoration/01_data/0_Workflow/14_Mangrove_potential/600/FIL_N14W018.tif.aux.xml
🗑️ Deleted .xml file: /p/11211992-tki-mangrove-restoration/01_data/0_Workflow/14_Mangrove_potential/600/FIL_N14W017.tif.aux.xml
🗑️ Deleted .xml file: /p/11211992-tki-mangrove-restoration/01_data/0_Workflow/14_Mangrove_potential/600/FIL_N06E093.tif.aux.xml
🗑️ Deleted .xml file: /p/11211992-tki-mangrove-restoration/01_data/0_Workflow/14_Mangrove_potential/600/FIL_N00E009.tif.aux.xml
🗑️ Deleted .xml file: /p/11211992-tki-mangrove-restoration/01_data/0_Workflow/14_Mangrove_potential/600/FIL_S02W092.tif.aux.xml
🗑️ Deleted .xml file: /p/11211992-tki-mangrove-restoration/01_data/0_Workflow/14_Mangrove_potential/600/FIL_N00E006.tif.aux.xml
🗑️ Deleted .xml file: /p/11211992-tki-mangrove-restoration/01_data/0_Workflow/14_Mangrove_potential/600/FIL_S18E038.tif.aux.xml
🗑️ Deleted .xml file: /p/11211992-tki-mangrove-restoration/01_data/0_Workflow/14_Mangrove_potential/600/FIL_S18E037.tif.aux.xml
🗑️ Deleted .xml file: /p/11211992-tki-mangrove-restoration/01_data/0_Workflow/14_Mangrove_potential/600/FIL_S13E131.tif.aux.xml
🗑️ Deleted .xml file: /p/11211992-tki-mangrove-restoration/01_data/0_Workflow/14_Mangrove_potential/600/FIL_S10E046.tif.aux.xml
🗑️ Deleted .xml file: /p/11211992-tki-mangrove-restoration/01_data/0_Workflow/14_Mangrove_potential/600/FIL_S21E118.tif.aux.xml
🗑️ Deleted .xml file: /p/11211992-tki-mangrove-restoration/01_data/0_Workflow/14_Mangrove_potential/600/FIL_S21E117.tif.aux.xml
🗑️ Deleted .xml file: /p/11211992-tki-mangrove-restoration/01_data/0_Workflow/14_Mangrove_potential/600/FIL_N19W071.tif.aux.xml
🗑️ Deleted .xml file: /p/11211992-tki-mangrove-restoration/01_data/0_Workflow/14_Mangrove_potential/600/FIL_S12E141.tif.aux.xml
🗑️ Deleted .xml file: /p/11211992-tki-mangrove-restoration/01_data/0_Workflow/14_Mangrove_potential/600/FIL_S29E114.tif.aux.xml
🗑️ Deleted .xml file: /p/11211992-tki-mangrove-restoration/01_data/0_Workflow/14_Mangrove_potential/600/FIL_N01E009.tif.aux.xml
🗑️ Deleted .xml file: /p/11211992-tki-mangrove-restoration/01_data/0_Workflow/14_Mangrove_potential/600/FIL_N12E042.tif.aux.xml
🗑️ Deleted .xml file: /p/11211992-tki-mangrove-restoration/01_data/0_Workflow/14_Mangrove_potential/600/FIL_S08E156.tif.aux.xml
🗑️ Deleted .xml file: /p/11211992-tki-mangrove-restoration/01_data/0_Workflow/14_Mangrove_potential/600/FIL_N15W017.tif.aux.xml
🗑️ Deleted .xml file: /p/11211992-tki-mangrove-restoration/01_data/0_Workflow/14_Mangrove_potential/600/FIL_N24E053.tif.aux.xml
🗑️ Deleted .xml file: /p/11211992-tki-mangrove-restoration/01_data/0_Workflow/14_Mangrove_potential/600/FIL_N22W079.tif.aux.xml
🗑️ Deleted .xml file: /p/11211992-tki-mangrove-restoration/01_data/0_Workflow/14_Mangrove_potential/600/FIL_N10E092.tif.aux.xml
🗑️ Deleted .xml file: /p/11211992-tki-mangrove-restoration/01_data/0_Workflow/14_Mangrove_potential/600/FIL_N27E055.tif.aux.xml
🗑️ Deleted .xml file: /p/11211992-tki-mangrove-restoration/01_data/0_Workflow/14_Mangrove_potential/600/FIL_S02E042.tif.aux.xml
🗑️ Deleted .xml file: /p/11211992-tki-mangrove-restoration/01_data/0_Workflow/14_Mangrove_potential/600/FIL_N14W061.tif.aux.xml
🗑️ Deleted .xml file: /p/11211992-tki-mangrove-restoration/01_data/0_Workflow/14_Mangrove_potential/600/FIL_S11E161.tif.aux.xml
🗑️ Deleted .xml file: /p/11211992-tki-mangrove-restoration/01_data/0_Workflow/14_Mangrove_potential/600/FIL_N09W015.tif.aux.xml
🗑️ Deleted .xml file: /p/11211992-tki-mangrove-restoration/01_data/0_Workflow/14_Mangrove_potential/600/FIL_S02E147.tif.aux.xml
🗑️ Deleted .xml file: /p/11211992-tki-mangrove-restoration/01_data/0_Workflow/14_Mangrove_potential/600/FIL_N09W077.tif.aux.xml
🗑️ Deleted .xml file: /p/11211992-tki-mangrove-restoration/01_data/0_Workflow/14_Mangrove_potential/600/FIL_N24E037.tif.aux.xml
🗑️ Deleted .xml file: /p/11211992-tki-mangrove-restoration/01_data/0_Workflow/14_Mangrove_potential/600/FIL_N24E038.tif.aux.xml
🗑️ Deleted .xml file: /p/11211992-tki-mangrove-restoration/01_data/0_Workflow/14_Mangrove_potential/600/FIL_N18W156.tif.aux.xml
🗑️ Deleted .xml file: /p/11211992-tki-mangrove-restoration/01_data/0_Workflow/14_Mangrove_potential/600/FIL_S01E042.tif.aux.xml
🗑️ Deleted .xml file: /p/11211992-tki-mangrove-restoration/01_data/0_Workflow/14_Mangrove_potential/600/FIL_S22E034.tif.aux.xml
🗑️ Deleted .xml file: /p/11211992-tki-mangrove-restoration/01_data/0_Workflow/14_Mangrove_potential/600/FIL_N17W067.tif.aux.xml
🗑️ Deleted .xml file: /p/11211992-tki-mangrove-restoration/01_data/0_Workflow/14_Mangrove_potential/600/FIL_S18W179.tif.aux.xml
🗑️ Deleted .xml file: /p/11211992-tki-mangrove-restoration/01_data/0_Workflow/14_Mangrove_potential/600/FIL_N17W068.tif.aux.xml
🗑️ Deleted .xml file: /p/11211992-tki-mangrove-restoration/01_data/0_Workflow/14_Mangrove_potential/600/FIL_N19W078.tif.aux.xml
🗑️ Deleted .xml file: /p/11211992-tki-mangrove-restoration/01_data/0_Workflow/14_Mangrove_potential/600/FIL_N04W003.tif.aux.xml
🗑️ Deleted .xml file: /p/11211992-tki-mangrove-restoration/01_data/0_Workflow/14_Mangrove_potential/600/FIL_S30E030.tif.aux.xml
🗑️ Deleted .xml file: /p/11211992-tki-mangrove-restoration/01_data/0_Workflow/14_Mangrove_potential/600/FIL_S33E029.tif.aux.xml
🗑️ Deleted .xml file: /p/11211992-tki-mangrove-restoration/01_data/0_Workflow/14_Mangrove_potential/600/FIL_N22E059.tif.aux.xml
🗑️ Deleted .xml file: /p/11211992-tki-mangrove-restoration/01_data/0_Workflow/14_Mangrove_potential/600/FIL_S05E055.tif.aux.xml
🗑️ Deleted .xml file: /p/11211992-tki-mangrove-restoration/01_data/0_Workflow/14_Mangrove_potential/600/FIL_N12W062.tif.aux.xml
🗑️ Deleted .xml file: /p/11211992-tki-mangrove-restoration/01_data/0_Workflow/14_Mangrove_potential/600/FIL_N05W011.tif.aux.xml
🗑️ Deleted .xml file: /p/11211992-tki-mangrove-restoration/01_data/0_Workflow/14_Mangrove_potential/600/FIL_N29W081.tif.aux.xml
🗑️ Deleted .xml file: /p/11211992-tki-mangrove-restoration/01_data/0_Workflow/14_Mangrove_potential/600/FIL_N17E041.tif.aux.xml
🗑️ Deleted .xml file: /p/11211992-tki-mangrove-restoration/01_data/0_Workflow/14_Mangrove_potential/600/FIL_N06E073.tif.aux.xml
🗑️ Deleted .xml file: /p/11211992-tki-mangrove-restoration/01_data/0_Workflow/14_Mangrove_potential/600/FIL_S10E143.tif.aux.xml
🗑️ Deleted .xml file: /p/11211992-tki-mangrove-restoration/01_data/0_Workflow/14_Mangrove_potential/600/FIL_N25E055.tif.aux.xml
🗑️ Deleted .xml file: /p/11211992-tki-mangrove-restoration/01_data/0_Workflow/14_Mangrove_potential/600/FIL_N24E035.tif.aux.xml
🗑️ Deleted .xml file: /p/11211992-tki-mangrove-restoration/01_data/0_Workflow/14_Mangrove_potential/600/FIL_S15E144.tif.aux.xml
🗑️ Deleted .xml file: /p/11211992-tki-mangrove-restoration/01_data/0_Workflow/14_Mangrove_potential/600/FIL_N27W083.tif.aux.xml
🗑️ Deleted .xml file: /p/11211992-tki-mangrove-restoration/01_data/0_Workflow/14_Mangrove_potential/600/FIL_N19W081.tif.aux.xml
🗑️ Deleted .xml file: /p/11211992-tki-mangrove-restoration/01_data/0_Workflow/14_Mangrove_potential/600/FIL_N25E037.tif.aux.xml
🗑️ Deleted .xml file: /p/11211992-tki-mangrove-restoration/01_data/0_Workflow/14_Mangrove_potential/600/FIL_S15E129.tif.aux.xml
🗑️ Deleted .xml file: /p/11211992-tki-mangrove-restoration/01_data/0_Workflow/14_Mangrove_potential/600/FIL_S15E047.tif.aux.xml
🗑️ Deleted .xml file: /p/11211992-tki-mangrove-restoration/01_data/0_Workflow/14_Mangrove_potential/600/FIL_S15E048.tif.aux.xml
🗑️ Deleted .xml file: /p/11211992-tki-mangrove-restoration/01_data/0_Workflow/14_Mangrove_potential/600/FIL_S15E126.tif.aux.xml
🗑️ Deleted .xml file: /p/11211992-tki-mangrove-restoration/01_data/0_Workflow/14_Mangrove_potential/600/FIL_S22E148.tif.aux.xml
🗑️ Deleted .xml file: /p/11211992-tki-mangrove-restoration/01_data/0_Workflow/14_Mangrove_potential/600/FIL_S01W092.tif.aux.xml
🗑️ Deleted .xml file: /p/11211992-tki-mangrove-restoration/01_data/0_Workflow/14_Mangrove_potential/600/FIL_N01E173.tif.aux.xml
🗑️ Deleted .xml file: /p/11211992-tki-mangrove-restoration/01_data/0_Workflow/14_Mangrove_potential/600/FIL_S03E147.tif.aux.xml
🗑️ Deleted .xml file: /p/11211992-tki-mangrove-restoration/01_data/0_Workflow/14_Mangrove_potential/600/FIL_S33E137.tif.aux.xml
🗑️ Deleted .xml file: /p/11211992-tki-mangrove-restoration/01_data/0_Workflow/14_Mangrove_potential/600/FIL_S05E144.tif.aux.xml
🗑️ Deleted .xml file: /p/11211992-tki-mangrove-restoration/01_data/0_Workflow/14_Mangrove_potential/600/FIL_S18W180.tif.aux.xml
🗑️ Deleted .xml file: /p/11211992-tki-mangrove-restoration/01_data/0_Workflow/14_Mangrove_potential/600/FIL_S10E151.tif.aux.xml
🗑️ Deleted .xml file: /p/11211992-tki-mangrove-restoration/01_data/0_Workflow/14_Mangrove_potential/600/FIL_S32E029.tif.aux.xml
🗑️ Deleted .xml file: /p/11211992-tki-mangrove-restoration/01_data/0_Workflow/14_Mangrove_potential/600/FIL_N12W070.tif.aux.xml
>>> Processing time: 12_process_mangrove_potential_areas.py: 842.50 seconds


/p/11211992-tki-mangrove-restoration/01_data/0_Workflow/5_Accommodation_space/600
Removed: /p/11211992-tki-mangrove-restoration/01_data/0_Workflow/5_Accommodation_space/600/ACC_S39E177.tif.aux.xml
Removed: /p/11211992-tki-mangrove-restoration/01_data/0_Workflow/5_Accommodation_space/600/BEY_N06E002.tif.aux.xml
Removed: /p/11211992-tki-mangrove-restoration/01_data/0_Workflow/5_Accommodation_space/600/HAT_N06E002.tif.aux.xml
Removed: /p/11211992-tki-mangrove-restoration/01_data/0_Workflow/5_Accommodation_space/600/MSL_N06E002.tif.aux.xml
COG saved: /p/11211992-tki-mangrove-restoration/01_data/1_Geoserver/600/subscores/ACC/ACC_S21E166.tif
COG saved: /p/11211992-tki-mangrove-restoration/01_data/1_Geoserver/600/subscores/ACC/ACC_S05E151.tif
COG saved: /p/11211992-tki-mangrove-restoration/01_data/1_Geoserver/600/subscores/ACC/ACC_S17E177.tif
COG saved: /p/11211992-tki-mangrove-restoration/01_data/1_Geoserver/600/subscores/ACC/ACC_S12E043.tif
COG saved: /p/11211992-tki-mangrove-restoration/01_data/1_Geoserver/600/subscores/ACC/ACC_N22W081.tif
COG saved: /p/11211992-tki-mangrove-restoration/01_data/1_Geoserver/600/subscores/ACC/ACC_S29E114.tif
COG saved: /p/11211992-tki-mangrove-restoration/01_data/1_Geoserver/600/subscores/ACC/ACC_S02E042.tif
COG saved: /p/11211992-tki-mangrove-restoration/01_data/1_Geoserver/600/subscores/ACC/ACC_N15E039.tif
COG saved: /p/11211992-tki-mangrove-restoration/01_data/1_Geoserver/600/subscores/ACC/ACC_N06E073.tif
COG saved: /p/11211992-tki-mangrove-restoration/01_data/1_Geoserver/600/subscores/ACC/ACC_N09W086.tif
COG saved: /p/11211992-tki-mangrove-restoration/01_data/1_Geoserver/600/subscores/ACC/ACC_S17E179.tif
COG saved: /p/11211992-tki-mangrove-restoration/01_data/1_Geoserver/600/subscores/ACC/ACC_N09W062.tif
COG saved: /p/11211992-tki-mangrove-restoration/01_data/1_Geoserver/600/subscores/ACC/ACC_S13E130.tif
COG saved: /p/11211992-tki-mangrove-restoration/01_data/1_Geoserver/600/subscores/ACC/ACC_S17W151.tif
COG saved: /p/11211992-tki-mangrove-restoration/01_data/1_Geoserver/600/subscores/ACC/ACC_S05W082.tif
COG saved: /p/11211992-tki-mangrove-restoration/01_data/1_Geoserver/600/subscores/ACC/ACC_N04W009.tif
COG saved: /p/11211992-tki-mangrove-restoration/01_data/1_Geoserver/600/subscores/ACC/ACC_N25E034.tif
COG saved: /p/11211992-tki-mangrove-restoration/01_data/1_Geoserver/600/subscores/ACC/ACC_S15W171.tif
COG saved: /p/11211992-tki-mangrove-restoration/01_data/1_Geoserver/600/subscores/ACC/ACC_S12E152.tif
COG saved: /p/11211992-tki-mangrove-restoration/01_data/1_Geoserver/600/subscores/ACC/ACC_S15E048.tif
COG saved: /p/11211992-tki-mangrove-restoration/01_data/1_Geoserver/600/subscores/ACC/ACC_N05W010.tif
COG saved: /p/11211992-tki-mangrove-restoration/01_data/1_Geoserver/600/subscores/ACC/ACC_S22E035.tif
COG saved: /p/11211992-tki-mangrove-restoration/01_data/1_Geoserver/600/subscores/ACC/ACC_N17E041.tif
COG saved: /p/11211992-tki-mangrove-restoration/01_data/1_Geoserver/600/subscores/ACC/ACC_N09E138.tif
COG saved: /p/11211992-tki-mangrove-restoration/01_data/1_Geoserver/600/subscores/ACC/ACC_N07W082.tif
COG saved: /p/11211992-tki-mangrove-restoration/01_data/1_Geoserver/600/subscores/ACC/ACC_S18E049.tif
COG saved: /p/11211992-tki-mangrove-restoration/01_data/1_Geoserver/600/subscores/ACC/ACC_N24W082.tif
COG saved: /p/11211992-tki-mangrove-restoration/01_data/1_Geoserver/600/subscores/ACC/ACC_N29W092.tif
COG saved: /p/11211992-tki-mangrove-restoration/01_data/1_Geoserver/600/subscores/ACC/ACC_S12E131.tif
COG saved: /p/11211992-tki-mangrove-restoration/01_data/1_Geoserver/600/subscores/ACC/ACC_N14W017.tif
COG saved: /p/11211992-tki-mangrove-restoration/01_data/1_Geoserver/600/subscores/ACC/ACC_S12E136.tif
COG saved: /p/11211992-tki-mangrove-restoration/01_data/1_Geoserver/600/subscores/ACC/ACC_S10E047.tif
COG saved: /p/11211992-tki-mangrove-restoration/01_data/1_Geoserver/600/subscores/ACC/ACC_N09W073.tif
COG saved: /p/11211992-tki-mangrove-restoration/01_data/1_Geoserver/600/subscores/ACC/ACC_N24E035.tif
COG saved: /p/11211992-tki-mangrove-restoration/01_data/1_Geoserver/600/subscores/ACC/ACC_S03E152.tif
COG saved: /p/11211992-tki-mangrove-restoration/01_data/1_Geoserver/600/subscores/ACC/ACC_S18W179.tif
COG saved: /p/11211992-tki-mangrove-restoration/01_data/1_Geoserver/600/subscores/ACC/ACC_N17W067.tif
COG saved: /p/11211992-tki-mangrove-restoration/01_data/1_Geoserver/600/subscores/ACC/ACC_N12W070.tif
COG saved: /p/11211992-tki-mangrove-restoration/01_data/1_Geoserver/600/subscores/ACC/ACC_N07E151.tif
COG saved: /p/11211992-tki-mangrove-restoration/01_data/1_Geoserver/600/subscores/ACC/ACC_S10E151.tif
COG saved: /p/11211992-tki-mangrove-restoration/01_data/1_Geoserver/600/subscores/ACC/ACC_N02W078.tif
COG saved: /p/11211992-tki-mangrove-restoration/01_data/1_Geoserver/600/subscores/ACC/ACC_N10E092.tif
COG saved: /p/11211992-tki-mangrove-restoration/01_data/1_Geoserver/600/subscores/ACC/ACC_S13E045.tif
COG saved: /p/11211992-tki-mangrove-restoration/01_data/1_Geoserver/600/subscores/ACC/ACC_S08E157.tif
COG saved: /p/11211992-tki-mangrove-restoration/01_data/1_Geoserver/600/subscores/ACC/ACC_S30E030.tif
COG saved: /p/11211992-tki-mangrove-restoration/01_data/1_Geoserver/600/subscores/ACC/ACC_N07E158.tif
COG saved: /p/11211992-tki-mangrove-restoration/01_data/1_Geoserver/600/subscores/ACC/ACC_S22E149.tif
COG saved: /p/11211992-tki-mangrove-restoration/01_data/1_Geoserver/600/subscores/ACC/ACC_S22E034.tif
COG saved: /p/11211992-tki-mangrove-restoration/01_data/1_Geoserver/600/subscores/ACC/ACC_S12E154.tif
COG saved: /p/11211992-tki-mangrove-restoration/01_data/1_Geoserver/600/subscores/ACC/ACC_N18W156.tif
COG saved: /p/11211992-tki-mangrove-restoration/01_data/1_Geoserver/600/subscores/ACC/ACC_S12E153.tif
COG saved: /p/11211992-tki-mangrove-restoration/01_data/1_Geoserver/600/subscores/ACC/ACC_N05W011.tif
COG saved: /p/11211992-tki-mangrove-restoration/01_data/1_Geoserver/600/subscores/ACC/ACC_N32W065.tif
COG saved: /p/11211992-tki-mangrove-restoration/01_data/1_Geoserver/600/subscores/ACC/ACC_S15E047.tif
COG saved: /p/11211992-tki-mangrove-restoration/01_data/1_Geoserver/600/subscores/ACC/ACC_N25W082.tif
COG saved: /p/11211992-tki-mangrove-restoration/01_data/1_Geoserver/600/subscores/ACC/ACC_N09W063.tif
COG saved: /p/11211992-tki-mangrove-restoration/01_data/1_Geoserver/600/subscores/ACC/ACC_S15E040.tif
COG saved: /p/11211992-tki-mangrove-restoration/01_data/1_Geoserver/600/subscores/ACC/ACC_S13E131.tif
COG saved: /p/11211992-tki-mangrove-restoration/01_data/1_Geoserver/600/subscores/ACC/ACC_N15W017.tif
COG saved: /p/11211992-tki-mangrove-restoration/01_data/1_Geoserver/600/subscores/ACC/ACC_N23E067.tif
COG saved: /p/11211992-tki-mangrove-restoration/01_data/1_Geoserver/600/subscores/ACC/ACC_N11E092.tif
COG saved: /p/11211992-tki-mangrove-restoration/01_data/1_Geoserver/600/subscores/ACC/ACC_S10E146.tif
COG saved: /p/11211992-tki-mangrove-restoration/01_data/1_Geoserver/600/subscores/ACC/ACC_S17E178.tif
COG saved: /p/11211992-tki-mangrove-restoration/01_data/1_Geoserver/600/subscores/ACC/ACC_N27E055.tif
COG saved: /p/11211992-tki-mangrove-restoration/01_data/1_Geoserver/600/subscores/ACC/ACC_N09W080.tif
COG saved: /p/11211992-tki-mangrove-restoration/01_data/1_Geoserver/600/subscores/ACC/ACC_N07E134.tif
COG saved: /p/11211992-tki-mangrove-restoration/01_data/1_Geoserver/600/subscores/ACC/ACC_N12W015.tif
COG saved: /p/11211992-tki-mangrove-restoration/01_data/1_Geoserver/600/subscores/ACC/ACC_N19W081.tif
COG saved: /p/11211992-tki-mangrove-restoration/01_data/1_Geoserver/600/subscores/ACC/ACC_S23E149.tif
COG saved: /p/11211992-tki-mangrove-restoration/01_data/1_Geoserver/600/subscores/ACC/ACC_N22W080.tif
COG saved: /p/11211992-tki-mangrove-restoration/01_data/1_Geoserver/600/subscores/ACC/ACC_N17W068.tif
COG saved: /p/11211992-tki-mangrove-restoration/01_data/1_Geoserver/600/subscores/ACC/ACC_S22E148.tif
COG saved: /p/11211992-tki-mangrove-restoration/01_data/1_Geoserver/600/subscores/ACC/ACC_S13E043.tif
COG saved: /p/11211992-tki-mangrove-restoration/01_data/1_Geoserver/600/subscores/ACC/ACC_S10E159.tif
COG saved: /p/11211992-tki-mangrove-restoration/01_data/1_Geoserver/600/subscores/ACC/ACC_S03W172.tif
COG saved: /p/11211992-tki-mangrove-restoration/01_data/1_Geoserver/600/subscores/ACC/ACC_N07W060.tif
COG saved: /p/11211992-tki-mangrove-restoration/01_data/1_Geoserver/600/subscores/ACC/ACC_S08E156.tif
COG saved: /p/11211992-tki-mangrove-restoration/01_data/1_Geoserver/600/subscores/ACC/ACC_S15E135.tif
COG saved: /p/11211992-tki-mangrove-restoration/01_data/1_Geoserver/600/subscores/ACC/ACC_S30E031.tif
COG saved: /p/11211992-tki-mangrove-restoration/01_data/1_Geoserver/600/subscores/ACC/ACC_S10E150.tif
COG saved: /p/11211992-tki-mangrove-restoration/01_data/1_Geoserver/600/subscores/ACC/ACC_S39E177.tif
COG saved: /p/11211992-tki-mangrove-restoration/01_data/1_Geoserver/600/subscores/ACC/ACC_N02W079.tif
COG saved: /p/11211992-tki-mangrove-restoration/01_data/1_Geoserver/600/subscores/ACC/ACC_S08E158.tif
COG saved: /p/11211992-tki-mangrove-restoration/01_data/1_Geoserver/600/subscores/ACC/ACC_N17W066.tif
COG saved: /p/11211992-tki-mangrove-restoration/01_data/1_Geoserver/600/subscores/ACC/ACC_N12W071.tif
COG saved: /p/11211992-tki-mangrove-restoration/01_data/1_Geoserver/600/subscores/ACC/ACC_S10E046.tif
COG saved: /p/11211992-tki-mangrove-restoration/01_data/1_Geoserver/600/subscores/ACC/ACC_S01W092.tif
COG saved: /p/11211992-tki-mangrove-restoration/01_data/1_Geoserver/600/subscores/ACC/ACC_S12E130.tif
COG saved: /p/11211992-tki-mangrove-restoration/01_data/1_Geoserver/600/subscores/ACC/ACC_S23E035.tif
COG saved: /p/11211992-tki-mangrove-restoration/01_data/1_Geoserver/600/subscores/ACC/ACC_N14W018.tif
COG saved: /p/11211992-tki-mangrove-restoration/01_data/1_Geoserver/600/subscores/ACC/ACC_S22W160.tif
COG saved: /p/11211992-tki-mangrove-restoration/01_data/1_Geoserver/600/subscores/ACC/ACC_N04W010.tif
COG saved: /p/11211992-tki-mangrove-restoration/01_data/1_Geoserver/600/subscores/ACC/ACC_N01E173.tif
COG saved: /p/11211992-tki-mangrove-restoration/01_data/1_Geoserver/600/subscores/ACC/ACC_S05E145.tif
COG saved: /p/11211992-tki-mangrove-restoration/01_data/1_Geoserver/600/subscores/ACC/ACC_N27E049.tif
COG saved: /p/11211992-tki-mangrove-restoration/01_data/1_Geoserver/600/subscores/ACC/ACC_S10E126.tif
COG saved: /p/11211992-tki-mangrove-restoration/01_data/1_Geoserver/600/subscores/ACC/ACC_N22E059.tif
COG saved: /p/11211992-tki-mangrove-restoration/01_data/1_Geoserver/600/subscores/ACC/ACC_S15E143.tif
COG saved: /p/11211992-tki-mangrove-restoration/01_data/1_Geoserver/600/subscores/ACC/ACC_S15E144.tif
COG saved: /p/11211992-tki-mangrove-restoration/01_data/1_Geoserver/600/subscores/ACC/ACC_S09E179.tif
COG saved: /p/11211992-tki-mangrove-restoration/01_data/1_Geoserver/600/subscores/ACC/ACC_N22W078.tif
COG saved: /p/11211992-tki-mangrove-restoration/01_data/1_Geoserver/600/subscores/ACC/ACC_N09W076.tif
COG saved: /p/11211992-tki-mangrove-restoration/01_data/1_Geoserver/600/subscores/ACC/ACC_S01W091.tif
COG saved: /p/11211992-tki-mangrove-restoration/01_data/1_Geoserver/600/subscores/ACC/ACC_S02E147.tif
COG saved: /p/11211992-tki-mangrove-restoration/01_data/1_Geoserver/600/subscores/ACC/ACC_N24E037.tif
COG saved: /p/11211992-tki-mangrove-restoration/01_data/1_Geoserver/600/subscores/ACC/ACC_S10E039.tif
COG saved: /p/11211992-tki-mangrove-restoration/01_data/1_Geoserver/600/subscores/ACC/ACC_S23E043.tif
COG saved: /p/11211992-tki-mangrove-restoration/01_data/1_Geoserver/600/subscores/ACC/ACC_S32E029.tif
COG saved: /p/11211992-tki-mangrove-restoration/01_data/1_Geoserver/600/subscores/ACC/ACC_N05W004.tif
COG saved: /p/11211992-tki-mangrove-restoration/01_data/1_Geoserver/600/subscores/ACC/ACC_S02E149.tif
COG saved: /p/11211992-tki-mangrove-restoration/01_data/1_Geoserver/600/subscores/ACC/ACC_N19W070.tif
COG saved: /p/11211992-tki-mangrove-restoration/01_data/1_Geoserver/600/subscores/ACC/ACC_S12E141.tif
COG saved: /p/11211992-tki-mangrove-restoration/01_data/1_Geoserver/600/subscores/ACC/ACC_S18E037.tif
COG saved: /p/11211992-tki-mangrove-restoration/01_data/1_Geoserver/600/subscores/ACC/ACC_N17E038.tif
COG saved: /p/11211992-tki-mangrove-restoration/01_data/1_Geoserver/600/subscores/ACC/ACC_N25E055.tif
COG saved: /p/11211992-tki-mangrove-restoration/01_data/1_Geoserver/600/subscores/ACC/ACC_S19E178.tif
COG saved: /p/11211992-tki-mangrove-restoration/01_data/1_Geoserver/600/subscores/ACC/ACC_N00E009.tif
COG saved: /p/11211992-tki-mangrove-restoration/01_data/1_Geoserver/600/subscores/ACC/ACC_N24E053.tif
COG saved: /p/11211992-tki-mangrove-restoration/01_data/1_Geoserver/600/subscores/ACC/ACC_N09W015.tif
COG saved: /p/11211992-tki-mangrove-restoration/01_data/1_Geoserver/600/subscores/ACC/ACC_S33E028.tif
COG saved: /p/11211992-tki-mangrove-restoration/01_data/1_Geoserver/600/subscores/ACC/ACC_N12E042.tif
COG saved: /p/11211992-tki-mangrove-restoration/01_data/1_Geoserver/600/subscores/ACC/ACC_S05E039.tif
COG saved: /p/11211992-tki-mangrove-restoration/01_data/1_Geoserver/600/subscores/ACC/ACC_S01E042.tif
COG saved: /p/11211992-tki-mangrove-restoration/01_data/1_Geoserver/600/subscores/ACC/ACC_N24E054.tif
COG saved: /p/11211992-tki-mangrove-restoration/01_data/1_Geoserver/600/subscores/ACC/ACC_S26E113.tif
COG saved: /p/11211992-tki-mangrove-restoration/01_data/1_Geoserver/600/subscores/ACC/ACC_S25E151.tif
COG saved: /p/11211992-tki-mangrove-restoration/01_data/1_Geoserver/600/subscores/ACC/ACC_S35E150.tif
COG saved: /p/11211992-tki-mangrove-restoration/01_data/1_Geoserver/600/subscores/ACC/ACC_N29W081.tif
COG saved: /p/11211992-tki-mangrove-restoration/01_data/1_Geoserver/600/subscores/ACC/ACC_S03E146.tif
COG saved: /p/11211992-tki-mangrove-restoration/01_data/1_Geoserver/600/subscores/ACC/ACC_N25E036.tif
COG saved: /p/11211992-tki-mangrove-restoration/01_data/1_Geoserver/600/subscores/ACC/ACC_S18E145.tif
COG saved: /p/11211992-tki-mangrove-restoration/01_data/1_Geoserver/600/subscores/ACC/ACC_S10E142.tif
COG saved: /p/11211992-tki-mangrove-restoration/01_data/1_Geoserver/600/subscores/ACC/ACC_S15E129.tif
COG saved: /p/11211992-tki-mangrove-restoration/01_data/1_Geoserver/600/subscores/ACC/ACC_S33E137.tif
COG saved: /p/11211992-tki-mangrove-restoration/01_data/1_Geoserver/600/subscores/ACC/ACC_N15E040.tif
COG saved: /p/11211992-tki-mangrove-restoration/01_data/1_Geoserver/600/subscores/ACC/ACC_S21E116.tif
COG saved: /p/11211992-tki-mangrove-restoration/01_data/1_Geoserver/600/subscores/ACC/ACC_S08E143.tif
COG saved: /p/11211992-tki-mangrove-restoration/01_data/1_Geoserver/600/subscores/ACC/ACC_S18W180.tif
COG saved: /p/11211992-tki-mangrove-restoration/01_data/1_Geoserver/600/subscores/ACC/ACC_S21E118.tif
COG saved: /p/11211992-tki-mangrove-restoration/01_data/1_Geoserver/600/subscores/ACC/ACC_N06E004.tif
COG saved: /p/11211992-tki-mangrove-restoration/01_data/1_Geoserver/600/subscores/ACC/ACC_S32E152.tif
COG saved: /p/11211992-tki-mangrove-restoration/01_data/1_Geoserver/600/subscores/ACC/ACC_S15E127.tif
COG saved: /p/11211992-tki-mangrove-restoration/01_data/1_Geoserver/600/subscores/ACC/ACC_S08E144.tif
COG saved: /p/11211992-tki-mangrove-restoration/01_data/1_Geoserver/600/subscores/ACC/ACC_N19W076.tif
COG saved: /p/11211992-tki-mangrove-restoration/01_data/1_Geoserver/600/subscores/ACC/ACC_S05E055.tif
COG saved: /p/11211992-tki-mangrove-restoration/01_data/1_Geoserver/600/subscores/ACC/ACC_S27E113.tif
COG saved: /p/11211992-tki-mangrove-restoration/01_data/1_Geoserver/600/subscores/ACC/ACC_N05W002.tif
COG saved: /p/11211992-tki-mangrove-restoration/01_data/1_Geoserver/600/subscores/ACC/ACC_S19E179.tif
COG saved: /p/11211992-tki-mangrove-restoration/01_data/1_Geoserver/600/subscores/ACC/ACC_N09W079.tif
COG saved: /p/11211992-tki-mangrove-restoration/01_data/1_Geoserver/600/subscores/ACC/ACC_S08E039.tif
COG saved: /p/11211992-tki-mangrove-restoration/01_data/1_Geoserver/600/subscores/ACC/ACC_N05W005.tif
COG saved: /p/11211992-tki-mangrove-restoration/01_data/1_Geoserver/600/subscores/ACC/ACC_N24E038.tif
COG saved: /p/11211992-tki-mangrove-restoration/01_data/1_Geoserver/600/subscores/ACC/ACC_N14W061.tif
COG saved: /p/11211992-tki-mangrove-restoration/01_data/1_Geoserver/600/subscores/ACC/ACC_N19W071.tif
COG saved: /p/11211992-tki-mangrove-restoration/01_data/1_Geoserver/600/subscores/ACC/ACC_S02E146.tif
COG saved: /p/11211992-tki-mangrove-restoration/01_data/1_Geoserver/600/subscores/ACC/ACC_S03E151.tif
COG saved: /p/11211992-tki-mangrove-restoration/01_data/1_Geoserver/600/subscores/ACC/ACC_N19W078.tif
COG saved: /p/11211992-tki-mangrove-restoration/01_data/1_Geoserver/600/subscores/ACC/ACC_S18E038.tif
COG saved: /p/11211992-tki-mangrove-restoration/01_data/1_Geoserver/600/subscores/ACC/ACC_S19E177.tif
COG saved: /p/11211992-tki-mangrove-restoration/01_data/1_Geoserver/600/subscores/ACC/ACC_N22W079.tif
COG saved: /p/11211992-tki-mangrove-restoration/01_data/1_Geoserver/600/subscores/ACC/ACC_N09W077.tif
COG saved: /p/11211992-tki-mangrove-restoration/01_data/1_Geoserver/600/subscores/ACC/ACC_N00E006.tif
COG saved: /p/11211992-tki-mangrove-restoration/01_data/1_Geoserver/600/subscores/ACC/ACC_N24E120.tif
COG saved: /p/11211992-tki-mangrove-restoration/01_data/1_Geoserver/600/subscores/ACC/ACC_N14E040.tif
COG saved: /p/11211992-tki-mangrove-restoration/01_data/1_Geoserver/600/subscores/ACC/ACC_S15E145.tif
COG saved: /p/11211992-tki-mangrove-restoration/01_data/1_Geoserver/600/subscores/ACC/ACC_S28E032.tif
COG saved: /p/11211992-tki-mangrove-restoration/01_data/1_Geoserver/600/subscores/ACC/ACC_N27W083.tif
COG saved: /p/11211992-tki-mangrove-restoration/01_data/1_Geoserver/600/subscores/ACC/ACC_S33E152.tif
COG saved: /p/11211992-tki-mangrove-restoration/01_data/1_Geoserver/600/subscores/ACC/ACC_S02W092.tif
COG saved: /p/11211992-tki-mangrove-restoration/01_data/1_Geoserver/600/subscores/ACC/ACC_S05E144.tif
COG saved: /p/11211992-tki-mangrove-restoration/01_data/1_Geoserver/600/subscores/ACC/ACC_S11E013.tif
COG saved: /p/11211992-tki-mangrove-restoration/01_data/1_Geoserver/600/subscores/ACC/ACC_N06E005.tif
COG saved: /p/11211992-tki-mangrove-restoration/01_data/1_Geoserver/600/subscores/ACC/ACC_S15E126.tif
COG saved: /p/11211992-tki-mangrove-restoration/01_data/1_Geoserver/600/subscores/ACC/ACC_S08E145.tif
COG saved: /p/11211992-tki-mangrove-restoration/01_data/1_Geoserver/600/subscores/ACC/ACC_N22E035.tif
COG saved: /p/11211992-tki-mangrove-restoration/01_data/1_Geoserver/600/subscores/ACC/ACC_N06E002.tif
COG saved: /p/11211992-tki-mangrove-restoration/01_data/1_Geoserver/600/subscores/ACC/ACC_S21E119.tif
COG saved: /p/11211992-tki-mangrove-restoration/01_data/1_Geoserver/600/subscores/ACC/ACC_N25E121.tif
COG saved: /p/11211992-tki-mangrove-restoration/01_data/1_Geoserver/600/subscores/ACC/ACC_N12W062.tif
COG saved: /p/11211992-tki-mangrove-restoration/01_data/1_Geoserver/600/subscores/ACC/ACC_S21E117.tif
COG saved: /p/11211992-tki-mangrove-restoration/01_data/1_Geoserver/600/subscores/ACC/ACC_S10E143.tif
COG saved: /p/11211992-tki-mangrove-restoration/01_data/1_Geoserver/600/subscores/ACC/ACC_S15E128.tif
COG saved: /p/11211992-tki-mangrove-restoration/01_data/1_Geoserver/600/subscores/ACC/ACC_N17W072.tif
COG saved: /p/11211992-tki-mangrove-restoration/01_data/1_Geoserver/600/subscores/ACC/ACC_S33E027.tif
COG saved: /p/11211992-tki-mangrove-restoration/01_data/1_Geoserver/600/subscores/ACC/ACC_N25E037.tif
COG saved: /p/11211992-tki-mangrove-restoration/01_data/1_Geoserver/600/subscores/ACC/ACC_S03E147.tif
COG saved: /p/11211992-tki-mangrove-restoration/01_data/1_Geoserver/600/subscores/ACC/ACC_N06E093.tif
COG saved: /p/11211992-tki-mangrove-restoration/01_data/1_Geoserver/600/subscores/ACC/ACC_S22E043.tif
COG saved: /p/11211992-tki-mangrove-restoration/01_data/1_Geoserver/600/subscores/ACC/ACC_S11E161.tif
COG saved: /p/11211992-tki-mangrove-restoration/01_data/1_Geoserver/600/subscores/ACC/ACC_S35E151.tif
COG saved: /p/11211992-tki-mangrove-restoration/01_data/1_Geoserver/600/subscores/ACC/ACC_S11E166.tif
COG saved: /p/11211992-tki-mangrove-restoration/01_data/1_Geoserver/600/subscores/ACC/ACC_S13E141.tif
COG saved: /p/11211992-tki-mangrove-restoration/01_data/1_Geoserver/600/subscores/ACC/ACC_N04W003.tif
COG saved: /p/11211992-tki-mangrove-restoration/01_data/1_Geoserver/600/subscores/ACC/ACC_N29W089.tif
COG saved: /p/11211992-tki-mangrove-restoration/01_data/1_Geoserver/600/subscores/ACC/ACC_N01E009.tif
COG saved: /p/11211992-tki-mangrove-restoration/01_data/1_Geoserver/600/subscores/ACC/ACC_N24E052.tif
COG saved: /p/11211992-tki-mangrove-restoration/01_data/1_Geoserver/600/subscores/ACC/ACC_N09W014.tif
COG saved: /p/11211992-tki-mangrove-restoration/01_data/1_Geoserver/600/subscores/ACC/ACC_S33E029.tif
COG saved: /p/11211992-tki-mangrove-restoration/01_data/1_Geoserver/600/subscores/ACC/ACC_N12E043.tif
COG saved: /p/11211992-tki-mangrove-restoration/01_data/1_Geoserver/600/subscores/ACC/ACC_N17E054.tif
>>> Processing time: 15_process_cog_files.py: 123.36 seconds


✅ All scripts completed successfully!
===============================================
